qid,doc_id,rel,source
A001,Operating Systems Three Easy Pieces (Remzi H. Arpaci-Dusseau etc.) (Z-Library)_chunk_937,2,dense
A001,Operating Systems Three Easy Pieces (Remzi H. Arpaci-Dusseau etc.) (Z-Library)_chunk_938,2,dense
A001,操作系统导论-OSTEP (王海鹏 译) (Z-Library)_chunk_259,1,dense
A001,操作系统导论-OSTEP (王海鹏 译) (Z-Library)_chunk_261,1,dense
A001,操作系统导论-OSTEP (王海鹏 译) (Z-Library)_chunk_268,1,dense
A001,操作系统导论-OSTEP (王海鹏 译) (Z-Library)_chunk_296,1,dense
A001,操作系统导论-OSTEP (王海鹏 译) (Z-Library)_chunk_333,2,bm25/dense/dense_bm25/tfidf
A001,操作系统导论-OSTEP (王海鹏 译) (Z-Library)_chunk_334,2,dense/dense_bm25
A001,操作系统导论-OSTEP (王海鹏 译) (Z-Library)_chunk_337,1,bm25/dense/dense_bm25/tfidf
A001,操作系统导论-OSTEP (王海鹏 译) (Z-Library)_chunk_338,1,dense/dense_bm25/tfidf
A001,操作系统导论-OSTEP (王海鹏 译) (Z-Library)_chunk_568,1,bm25/dense/dense_bm25
A001,"现代操作系统 (Andrew S. Tanenbaum, Herbert Bos) (Z-Library)_chunk_440",1,bm25/dense_bm25/tfidf
A001,"现代操作系统 (Andrew S. Tanenbaum, Herbert Bos) (Z-Library)_chunk_444",1,bm25/dense/dense_bm25/tfidf
A001,"现代操作系统 (Andrew S. Tanenbaum, Herbert Bos) (Z-Library)_chunk_445",3,bm25/dense/dense_bm25/tfidf
A001,"现代操作系统 (Andrew S. Tanenbaum, Herbert Bos) (Z-Library)_chunk_446",1,bm25/dense_bm25
A001,"现代操作系统 (Andrew S. Tanenbaum, Herbert Bos) (Z-Library)_chunk_447",1,tfidf
A001,"现代操作系统 (Andrew S. Tanenbaum, Herbert Bos) (Z-Library)_chunk_448",1,bm25/dense/dense_bm25/tfidf
A001,"现代操作系统 (Andrew S. Tanenbaum, Herbert Bos) (Z-Library)_chunk_449",1,bm25/dense/dense_bm25/tfidf
A001,"现代操作系统 (Andrew S. Tanenbaum, Herbert Bos) (Z-Library)_chunk_452",1,dense
A001,"现代操作系统 (Andrew S. Tanenbaum, Herbert Bos) (Z-Library)_chunk_453",1,bm25/dense/dense_bm25/tfidf
A001,"现代操作系统 (Andrew S. Tanenbaum, Herbert Bos) (Z-Library)_chunk_454",1,dense_bm25
A001,"现代操作系统 (Andrew S. Tanenbaum, Herbert Bos) (Z-Library)_chunk_455",1,dense/dense_bm25
A001,"现代操作系统 (Andrew S. Tanenbaum, Herbert Bos) (Z-Library)_chunk_456",1,bm25/dense/dense_bm25
A001,"现代操作系统 (Andrew S. Tanenbaum, Herbert Bos) (Z-Library)_chunk_457",1,dense/dense_bm25
A001,"现代操作系统 (Andrew S. Tanenbaum, Herbert Bos) (Z-Library)_chunk_458",1,dense/dense_bm25
A001,"现代操作系统 (Andrew S. Tanenbaum, Herbert Bos) (Z-Library)_chunk_461",1,bm25/dense/dense_bm25/tfidf
A001,"现代操作系统 (Andrew S. Tanenbaum, Herbert Bos) (Z-Library)_chunk_465",1,dense/dense_bm25
A001,"现代操作系统 (Andrew S. Tanenbaum, Herbert Bos) (Z-Library)_chunk_466",1,bm25/dense/dense_bm25/tfidf
A001,"现代操作系统 (Andrew S. Tanenbaum, Herbert Bos) (Z-Library)_chunk_467",1,dense
A001,"现代操作系统 (Andrew S. Tanenbaum, Herbert Bos) (Z-Library)_chunk_468",1,bm25/dense_bm25/tfidf
A001,"现代操作系统 (Andrew S. Tanenbaum, Herbert Bos) (Z-Library)_chunk_469",1,bm25/dense/dense_bm25/tfidf
A001,"现代操作系统 (Andrew S. Tanenbaum, Herbert Bos) (Z-Library)_chunk_470",1,bm25/dense_bm25
A001,"现代操作系统 (Andrew S. Tanenbaum, Herbert Bos) (Z-Library)_chunk_471",1,bm25/dense/dense_bm25/tfidf
A001,"现代操作系统 (Andrew S. Tanenbaum, Herbert Bos) (Z-Library)_chunk_473",1,dense/dense_bm25/tfidf
A001,"现代操作系统 (Andrew S. Tanenbaum, Herbert Bos) (Z-Library)_chunk_474",1,bm25/dense_bm25
A001,"现代操作系统 (Andrew S. Tanenbaum, Herbert Bos) (Z-Library)_chunk_475",1,dense_bm25/tfidf
A001,"现代操作系统 (Andrew S. Tanenbaum, Herbert Bos) (Z-Library)_chunk_476",1,dense_bm25
A001,"现代操作系统 (Andrew S. Tanenbaum, Herbert Bos) (Z-Library)_chunk_477",1,tfidf
A001,"现代操作系统 (Andrew S. Tanenbaum, Herbert Bos) (Z-Library)_chunk_91",1,bm25/dense/dense_bm25/tfidf
A001,"现代操作系统 (Andrew S. Tanenbaum, Herbert Bos) (Z-Library)_chunk_974",1,dense/dense_bm25/tfidf
A001,计算机网络（第8版） (谢希仁) (Z-Library)(OCR)_chunk_260,0,bm25
A002,2024年王道计算机网络复习指导 (王道计算机) (Z-Library)_chunk_124,1,tfidf
A002,2024年王道计算机网络复习指导 (王道计算机) (Z-Library)_chunk_132,1,bm25
A002,2024年王道计算机网络复习指导 (王道计算机) (Z-Library)_chunk_147,1,bm25
A002,2024年王道计算机网络复习指导 (王道计算机) (Z-Library)_chunk_149,1,bm25/dense_bm25
A002,2024年王道计算机网络复习指导 (王道计算机) (Z-Library)_chunk_261,1,bm25/tfidf
A002,2024年王道计算机网络复习指导 (王道计算机) (Z-Library)_chunk_425,1,bm25/dense/dense_bm25/tfidf
A002,2024年王道计算机网络复习指导 (王道计算机) (Z-Library)_chunk_427,1,dense
A002,2024年王道计算机网络复习指导 (王道计算机) (Z-Library)_chunk_428,1,bm25/dense_bm25/tfidf
A002,2024年王道计算机网络复习指导 (王道计算机) (Z-Library)_chunk_429,1,bm25/dense_bm25
A002,2024年王道计算机网络复习指导 (王道计算机) (Z-Library)_chunk_430,1,bm25
A002,2024年王道计算机网络复习指导 (王道计算机) (Z-Library)_chunk_438,1,bm25
A002,2024年王道计算机网络复习指导 (王道计算机) (Z-Library)_chunk_439,1,dense_bm25
A002,2024年王道计算机网络复习指导 (王道计算机) (Z-Library)_chunk_440,1,dense/dense_bm25/tfidf
A002,2024年王道计算机网络复习指导 (王道计算机) (Z-Library)_chunk_443,1,tfidf
A002,2024年王道计算机网络复习指导 (王道计算机) (Z-Library)_chunk_445,3,bm25/dense_bm25/tfidf
A002,2024年王道计算机网络复习指导 (王道计算机) (Z-Library)_chunk_449,1,dense
A002,2024年王道计算机网络复习指导 (王道计算机) (Z-Library)_chunk_48,1,bm25
A002,2024年王道计算机网络复习指导 (王道计算机) (Z-Library)_chunk_489,1,dense/dense_bm25
A002,2024年王道计算机网络复习指导 (王道计算机) (Z-Library)_chunk_522,1,dense/dense_bm25
A002,2024年王道计算机网络复习指导 (王道计算机) (Z-Library)_chunk_54,1,bm25/tfidf
A002,Operating Systems Three Easy Pieces (Remzi H. Arpaci-Dusseau etc.) (Z-Library)_chunk_1446,1,dense
A002,"现代操作系统 (Andrew S. Tanenbaum, Herbert Bos) (Z-Library)_chunk_562",1,dense
A002,"计算机网络 (吴功宜,吴英) (Z-Library)(OCR)_chunk_329",1,dense_bm25/tfidf
A002,"计算机网络 (吴功宜,吴英) (Z-Library)(OCR)_chunk_331",1,dense
A002,"计算机网络 (吴功宜,吴英) (Z-Library)(OCR)_chunk_336",1,dense/dense_bm25/tfidf
A002,"计算机网络 (吴功宜,吴英) (Z-Library)(OCR)_chunk_337",1,dense_bm25/tfidf
A002,"计算机网络 (吴功宜,吴英) (Z-Library)(OCR)_chunk_338",1,bm25/dense_bm25
A002,"计算机网络 (吴功宜,吴英) (Z-Library)(OCR)_chunk_55",1,dense/dense_bm25
A002,计算机网络（原书第7版） 自顶向下方法 (James F. Kurose Keith W. Ross) (Z-Library)_chunk_114,1,dense_bm25
A002,计算机网络（原书第7版） 自顶向下方法 (James F. Kurose Keith W. Ross) (Z-Library)_chunk_118,1,bm25/dense/dense_bm25/tfidf
A002,计算机网络（原书第7版） 自顶向下方法 (James F. Kurose Keith W. Ross) (Z-Library)_chunk_122,1,bm25
A002,计算机网络（原书第7版） 自顶向下方法 (James F. Kurose Keith W. Ross) (Z-Library)_chunk_137,3,bm25/dense/dense_bm25/tfidf
A002,计算机网络（原书第7版） 自顶向下方法 (James F. Kurose Keith W. Ross) (Z-Library)_chunk_138,1,dense
A002,计算机网络（原书第7版） 自顶向下方法 (James F. Kurose Keith W. Ross) (Z-Library)_chunk_151,1,dense/dense_bm25/tfidf
A002,计算机网络（原书第7版） 自顶向下方法 (James F. Kurose Keith W. Ross) (Z-Library)_chunk_152,1,dense
A002,计算机网络（原书第7版） 自顶向下方法 (James F. Kurose Keith W. Ross) (Z-Library)_chunk_161,1,dense
A002,计算机网络（原书第7版） 自顶向下方法 (James F. Kurose Keith W. Ross) (Z-Library)_chunk_167,1,dense
A002,计算机网络（原书第7版） 自顶向下方法 (James F. Kurose Keith W. Ross) (Z-Library)_chunk_168,1,dense_bm25
A002,计算机网络（原书第7版） 自顶向下方法 (James F. Kurose Keith W. Ross) (Z-Library)_chunk_169,1,dense
A002,计算机网络（原书第7版） 自顶向下方法 (James F. Kurose Keith W. Ross) (Z-Library)_chunk_170,1,bm25/tfidf
A002,计算机网络（原书第7版） 自顶向下方法 (James F. Kurose Keith W. Ross) (Z-Library)_chunk_171,1,dense
A002,计算机网络（原书第7版） 自顶向下方法 (James F. Kurose Keith W. Ross) (Z-Library)_chunk_182,1,tfidf
A002,计算机网络（原书第7版） 自顶向下方法 (James F. Kurose Keith W. Ross) (Z-Library)_chunk_183,1,dense
A002,计算机网络（原书第7版） 自顶向下方法 (James F. Kurose Keith W. Ross) (Z-Library)_chunk_185,1,dense/dense_bm25
A002,计算机网络（原书第7版） 自顶向下方法 (James F. Kurose Keith W. Ross) (Z-Library)_chunk_587,1,dense/dense_bm25
A002,计算机网络（原书第7版） 自顶向下方法 (James F. Kurose Keith W. Ross) (Z-Library)_chunk_591,1,bm25/dense_bm25
A002,计算机网络（第8版） (谢希仁) (Z-Library)(OCR)_chunk_264,1,bm25/dense_bm25/tfidf
A002,计算机网络（第8版） (谢希仁) (Z-Library)(OCR)_chunk_266,1,dense/dense_bm25
A002,计算机网络（第8版） (谢希仁) (Z-Library)(OCR)_chunk_270,1,dense_bm25
A002,计算机网络（第8版） (谢希仁) (Z-Library)(OCR)_chunk_273,1,dense/tfidf
A002,计算机网络（第8版） (谢希仁) (Z-Library)(OCR)_chunk_276,1,dense
A002,计算机网络（第8版） (谢希仁) (Z-Library)(OCR)_chunk_277,1,dense_bm25/tfidf
A002,计算机网络（第8版） (谢希仁) (Z-Library)(OCR)_chunk_297,1,dense/dense_bm25
A002,计算机网络（第8版） (谢希仁) (Z-Library)(OCR)_chunk_309,1,dense
A002,计算机网络（第8版） (谢希仁) (Z-Library)(OCR)_chunk_312,1,dense
A002,计算机网络（第8版） (谢希仁) (Z-Library)(OCR)_chunk_314,1,dense_bm25
A002,计算机网络（第8版） (谢希仁) (Z-Library)(OCR)_chunk_489,1,dense/dense_bm25
A002,计算机网络（第8版） (谢希仁) (Z-Library)(OCR)_chunk_547,1,bm25/dense_bm25
A002,计算机网络（第8版） (谢希仁) (Z-Library)(OCR)_chunk_96,1,tfidf
A003,2024年王道计算机网络复习指导 (王道计算机) (Z-Library)_chunk_17,0,bm25/dense_bm25
A003,2024年王道计算机网络复习指导 (王道计算机) (Z-Library)_chunk_7,0,tfidf
A003,Operating Systems Three Easy Pieces (Remzi H. Arpaci-Dusseau etc.) (Z-Library)_chunk_34,2,dense
A003,Operating Systems Three Easy Pieces (Remzi H. Arpaci-Dusseau etc.) (Z-Library)_chunk_35,2,dense
A003,操作系统导论-OSTEP (王海鹏 译) (Z-Library)_chunk_108,1,bm25/dense_bm25/tfidf
A003,操作系统导论-OSTEP (王海鹏 译) (Z-Library)_chunk_11,2,dense/dense_bm25
A003,操作系统导论-OSTEP (王海鹏 译) (Z-Library)_chunk_13,2,bm25
A003,操作系统导论-OSTEP (王海鹏 译) (Z-Library)_chunk_20,1,dense/dense_bm25
A003,操作系统导论-OSTEP (王海鹏 译) (Z-Library)_chunk_21,1,dense
A003,操作系统导论-OSTEP (王海鹏 译) (Z-Library)_chunk_24,2,dense/dense_bm25
A003,操作系统导论-OSTEP (王海鹏 译) (Z-Library)_chunk_357,1,dense
A003,操作系统导论-OSTEP (王海鹏 译) (Z-Library)_chunk_513,1,tfidf
A003,操作系统导论-OSTEP (王海鹏 译) (Z-Library)_chunk_520,1,tfidf
A003,操作系统导论-OSTEP (王海鹏 译) (Z-Library)_chunk_53,1,bm25
A003,操作系统导论-OSTEP (王海鹏 译) (Z-Library)_chunk_540,1,bm25/dense_bm25/tfidf
A003,操作系统导论-OSTEP (王海鹏 译) (Z-Library)_chunk_55,1,tfidf
A003,操作系统导论-OSTEP (王海鹏 译) (Z-Library)_chunk_552,1,bm25/dense_bm25/tfidf
A003,"现代操作系统 (Andrew S. Tanenbaum, Herbert Bos) (Z-Library)_chunk_11",3,dense/dense_bm25/tfidf
A003,"现代操作系统 (Andrew S. Tanenbaum, Herbert Bos) (Z-Library)_chunk_12",2,dense/dense_bm25
A003,"现代操作系统 (Andrew S. Tanenbaum, Herbert Bos) (Z-Library)_chunk_13",1,tfidf
A003,"现代操作系统 (Andrew S. Tanenbaum, Herbert Bos) (Z-Library)_chunk_18",1,dense
A003,"现代操作系统 (Andrew S. Tanenbaum, Herbert Bos) (Z-Library)_chunk_268",1,bm25
A003,"现代操作系统 (Andrew S. Tanenbaum, Herbert Bos) (Z-Library)_chunk_28",1,dense/dense_bm25
A003,"现代操作系统 (Andrew S. Tanenbaum, Herbert Bos) (Z-Library)_chunk_3",0,bm25
A003,"现代操作系统 (Andrew S. Tanenbaum, Herbert Bos) (Z-Library)_chunk_344",1,dense/dense_bm25
A003,"现代操作系统 (Andrew S. Tanenbaum, Herbert Bos) (Z-Library)_chunk_366",1,bm25/dense_bm25
A003,"现代操作系统 (Andrew S. Tanenbaum, Herbert Bos) (Z-Library)_chunk_368",1,bm25
A003,"现代操作系统 (Andrew S. Tanenbaum, Herbert Bos) (Z-Library)_chunk_391",1,dense_bm25
A003,"现代操作系统 (Andrew S. Tanenbaum, Herbert Bos) (Z-Library)_chunk_423",1,dense
A003,"现代操作系统 (Andrew S. Tanenbaum, Herbert Bos) (Z-Library)_chunk_43",1,dense/dense_bm25/tfidf
A003,"现代操作系统 (Andrew S. Tanenbaum, Herbert Bos) (Z-Library)_chunk_434",1,dense
A003,"现代操作系统 (Andrew S. Tanenbaum, Herbert Bos) (Z-Library)_chunk_48",1,dense/dense_bm25
A003,"现代操作系统 (Andrew S. Tanenbaum, Herbert Bos) (Z-Library)_chunk_52",1,dense/dense_bm25
A003,"现代操作系统 (Andrew S. Tanenbaum, Herbert Bos) (Z-Library)_chunk_522",1,tfidf
A003,"现代操作系统 (Andrew S. Tanenbaum, Herbert Bos) (Z-Library)_chunk_55",1,dense
A003,"现代操作系统 (Andrew S. Tanenbaum, Herbert Bos) (Z-Library)_chunk_557",0,dense
A003,"现代操作系统 (Andrew S. Tanenbaum, Herbert Bos) (Z-Library)_chunk_57",1,dense_bm25
A003,"现代操作系统 (Andrew S. Tanenbaum, Herbert Bos) (Z-Library)_chunk_580",1,dense
A003,"现代操作系统 (Andrew S. Tanenbaum, Herbert Bos) (Z-Library)_chunk_63",1,bm25/dense/dense_bm25/tfidf
A003,"现代操作系统 (Andrew S. Tanenbaum, Herbert Bos) (Z-Library)_chunk_683",1,dense
A003,"现代操作系统 (Andrew S. Tanenbaum, Herbert Bos) (Z-Library)_chunk_693",1,dense_bm25
A003,"现代操作系统 (Andrew S. Tanenbaum, Herbert Bos) (Z-Library)_chunk_733",1,dense
A003,"现代操作系统 (Andrew S. Tanenbaum, Herbert Bos) (Z-Library)_chunk_737",1,tfidf
A003,"现代操作系统 (Andrew S. Tanenbaum, Herbert Bos) (Z-Library)_chunk_738",1,dense
A003,"现代操作系统 (Andrew S. Tanenbaum, Herbert Bos) (Z-Library)_chunk_75",1,dense
A003,"现代操作系统 (Andrew S. Tanenbaum, Herbert Bos) (Z-Library)_chunk_8",1,dense/dense_bm25/tfidf
A003,"现代操作系统 (Andrew S. Tanenbaum, Herbert Bos) (Z-Library)_chunk_825",1,bm25/dense_bm25
A003,"现代操作系统 (Andrew S. Tanenbaum, Herbert Bos) (Z-Library)_chunk_827",1,dense_bm25
A003,"现代操作系统 (Andrew S. Tanenbaum, Herbert Bos) (Z-Library)_chunk_9",1,dense_bm25/tfidf
A003,"现代操作系统 (Andrew S. Tanenbaum, Herbert Bos) (Z-Library)_chunk_90",2,dense
A003,"现代操作系统 (Andrew S. Tanenbaum, Herbert Bos) (Z-Library)_chunk_910",1,bm25/dense_bm25
A003,"现代操作系统 (Andrew S. Tanenbaum, Herbert Bos) (Z-Library)_chunk_918",1,tfidf
A003,"现代操作系统 (Andrew S. Tanenbaum, Herbert Bos) (Z-Library)_chunk_920",1,bm25/dense_bm25/tfidf
A003,"现代操作系统 (Andrew S. Tanenbaum, Herbert Bos) (Z-Library)_chunk_922",1,bm25
A003,"现代操作系统 (Andrew S. Tanenbaum, Herbert Bos) (Z-Library)_chunk_927",1,dense_bm25
A003,"现代操作系统 (Andrew S. Tanenbaum, Herbert Bos) (Z-Library)_chunk_93",3,dense/dense_bm25/tfidf
A003,"现代操作系统 (Andrew S. Tanenbaum, Herbert Bos) (Z-Library)_chunk_943",1,tfidf
A003,"现代操作系统 (Andrew S. Tanenbaum, Herbert Bos) (Z-Library)_chunk_969",0,dense/dense_bm25
A003,"现代操作系统 (Andrew S. Tanenbaum, Herbert Bos) (Z-Library)_chunk_99",1,dense
A003,"计算机网络 (吴功宜,吴英) (Z-Library)(OCR)_chunk_317",0,bm25
A003,"计算机网络 (吴功宜,吴英) (Z-Library)(OCR)_chunk_359",0,bm25
A003,"计算机网络 (吴功宜,吴英) (Z-Library)(OCR)_chunk_455",0,bm25
A003,计算机网络（原书第7版） 自顶向下方法 (James F. Kurose Keith W. Ross) (Z-Library)_chunk_228,0,bm25/dense_bm25/tfidf
A003,计算机网络（第8版） (谢希仁) (Z-Library)(OCR)_chunk_440,0,bm25/dense_bm25
A004,Operating Systems Three Easy Pieces (Remzi H. Arpaci-Dusseau etc.) (Z-Library)_chunk_103,1,dense
A004,"[计算机科学丛书]数据结构与算法 Python语言实现 (Michael T. Goodrich, Roberto Tamassia etc.) (Z-Library)_chunk_115",0,dense/dense_bm25
A004,"[计算机科学丛书]数据结构与算法 Python语言实现 (Michael T. Goodrich, Roberto Tamassia etc.) (Z-Library)_chunk_119",0,dense
A004,"[计算机科学丛书]数据结构与算法 Python语言实现 (Michael T. Goodrich, Roberto Tamassia etc.) (Z-Library)_chunk_748",0,dense
A004,"[计算机科学丛书]数据结构与算法 Python语言实现 (Michael T. Goodrich, Roberto Tamassia etc.) (Z-Library)_chunk_75",0,dense
A004,操作系统导论-OSTEP (王海鹏 译) (Z-Library)_chunk_209,0,dense
A004,操作系统导论-OSTEP (王海鹏 译) (Z-Library)_chunk_28,1,dense_bm25
A004,操作系统导论-OSTEP (王海鹏 译) (Z-Library)_chunk_31,1,dense/dense_bm25
A004,操作系统导论-OSTEP (王海鹏 译) (Z-Library)_chunk_546,2,bm25/dense_bm25/tfidf
A004,操作系统导论-OSTEP (王海鹏 译) (Z-Library)_chunk_65,2,bm25/dense/dense_bm25/tfidf
A004,操作系统导论-OSTEP (王海鹏 译) (Z-Library)_chunk_69,2,bm25/dense_bm25
A004,操作系统导论-OSTEP (王海鹏 译) (Z-Library)_chunk_75,2,dense_bm25
A004,操作系统导论-OSTEP (王海鹏 译) (Z-Library)_chunk_80,1,dense_bm25
A004,操作系统导论-OSTEP (王海鹏 译) (Z-Library)_chunk_81,1,dense_bm25
A004,操作系统导论-OSTEP (王海鹏 译) (Z-Library)_chunk_87,2,bm25
A004,操作系统导论-OSTEP (王海鹏 译) (Z-Library)_chunk_97,1,tfidf
A004,数据结构 (邓俊辉) (Z-Library)_chunk_141,0,dense
A004,数据结构 (邓俊辉) (Z-Library)_chunk_306,0,dense
A004,数据结构（C语言版 第2版） (严蔚敏) (Z-Library)_chunk_12,0,bm25
A004,数据结构（C语言版 第2版） (严蔚敏) (Z-Library)_chunk_314,0,bm25/dense_bm25
A004,"现代操作系统 (Andrew S. Tanenbaum, Herbert Bos) (Z-Library)_chunk_101",1,dense
A004,"现代操作系统 (Andrew S. Tanenbaum, Herbert Bos) (Z-Library)_chunk_104",1,dense/tfidf
A004,"现代操作系统 (Andrew S. Tanenbaum, Herbert Bos) (Z-Library)_chunk_107",1,dense/tfidf
A004,"现代操作系统 (Andrew S. Tanenbaum, Herbert Bos) (Z-Library)_chunk_108",1,dense/dense_bm25/tfidf
A004,"现代操作系统 (Andrew S. Tanenbaum, Herbert Bos) (Z-Library)_chunk_109",1,bm25/dense/dense_bm25/tfidf
A004,"现代操作系统 (Andrew S. Tanenbaum, Herbert Bos) (Z-Library)_chunk_110",1,dense/dense_bm25
A004,"现代操作系统 (Andrew S. Tanenbaum, Herbert Bos) (Z-Library)_chunk_111",2,dense
A004,"现代操作系统 (Andrew S. Tanenbaum, Herbert Bos) (Z-Library)_chunk_156",1,bm25/dense_bm25/tfidf
A004,"现代操作系统 (Andrew S. Tanenbaum, Herbert Bos) (Z-Library)_chunk_159",1,dense_bm25/tfidf
A004,"现代操作系统 (Andrew S. Tanenbaum, Herbert Bos) (Z-Library)_chunk_160",3,dense/dense_bm25
A004,"现代操作系统 (Andrew S. Tanenbaum, Herbert Bos) (Z-Library)_chunk_161",2,dense/dense_bm25
A004,"现代操作系统 (Andrew S. Tanenbaum, Herbert Bos) (Z-Library)_chunk_162",2,bm25/dense_bm25/tfidf
A004,"现代操作系统 (Andrew S. Tanenbaum, Herbert Bos) (Z-Library)_chunk_163",2,dense_bm25
A004,"现代操作系统 (Andrew S. Tanenbaum, Herbert Bos) (Z-Library)_chunk_165",1,bm25/tfidf
A004,"现代操作系统 (Andrew S. Tanenbaum, Herbert Bos) (Z-Library)_chunk_166",1,dense_bm25
A004,"现代操作系统 (Andrew S. Tanenbaum, Herbert Bos) (Z-Library)_chunk_169",2,bm25/tfidf
A004,"现代操作系统 (Andrew S. Tanenbaum, Herbert Bos) (Z-Library)_chunk_171",1,bm25/dense/dense_bm25/tfidf
A004,"现代操作系统 (Andrew S. Tanenbaum, Herbert Bos) (Z-Library)_chunk_172",1,bm25/dense/dense_bm25
A004,"现代操作系统 (Andrew S. Tanenbaum, Herbert Bos) (Z-Library)_chunk_177",2,bm25/dense/dense_bm25/tfidf
A004,"现代操作系统 (Andrew S. Tanenbaum, Herbert Bos) (Z-Library)_chunk_181",1,dense
A004,"现代操作系统 (Andrew S. Tanenbaum, Herbert Bos) (Z-Library)_chunk_182",2,dense/dense_bm25
A004,"现代操作系统 (Andrew S. Tanenbaum, Herbert Bos) (Z-Library)_chunk_183",2,dense_bm25
A004,"现代操作系统 (Andrew S. Tanenbaum, Herbert Bos) (Z-Library)_chunk_184",1,dense
A004,"现代操作系统 (Andrew S. Tanenbaum, Herbert Bos) (Z-Library)_chunk_446",1,dense
A004,"现代操作系统 (Andrew S. Tanenbaum, Herbert Bos) (Z-Library)_chunk_49",1,tfidf
A004,"现代操作系统 (Andrew S. Tanenbaum, Herbert Bos) (Z-Library)_chunk_529",1,dense
A004,"现代操作系统 (Andrew S. Tanenbaum, Herbert Bos) (Z-Library)_chunk_530",1,dense_bm25
A004,"现代操作系统 (Andrew S. Tanenbaum, Herbert Bos) (Z-Library)_chunk_552",1,bm25/tfidf
A004,"现代操作系统 (Andrew S. Tanenbaum, Herbert Bos) (Z-Library)_chunk_553",1,tfidf
A004,"现代操作系统 (Andrew S. Tanenbaum, Herbert Bos) (Z-Library)_chunk_704",1,tfidf
A004,"现代操作系统 (Andrew S. Tanenbaum, Herbert Bos) (Z-Library)_chunk_711",1,bm25
A004,"现代操作系统 (Andrew S. Tanenbaum, Herbert Bos) (Z-Library)_chunk_718",1,dense_bm25
A004,"现代操作系统 (Andrew S. Tanenbaum, Herbert Bos) (Z-Library)_chunk_719",1,tfidf
A004,"现代操作系统 (Andrew S. Tanenbaum, Herbert Bos) (Z-Library)_chunk_795",1,dense_bm25
A004,"现代操作系统 (Andrew S. Tanenbaum, Herbert Bos) (Z-Library)_chunk_836",1,bm25/dense/dense_bm25
A004,"现代操作系统 (Andrew S. Tanenbaum, Herbert Bos) (Z-Library)_chunk_847",1,dense/dense_bm25
A004,"现代操作系统 (Andrew S. Tanenbaum, Herbert Bos) (Z-Library)_chunk_865",1,bm25
A004,"计算机网络 (吴功宜,吴英) (Z-Library)(OCR)_chunk_316",1,bm25
A004,"计算机网络 (吴功宜,吴英) (Z-Library)(OCR)_chunk_43",0,dense
A004,"计算机网络 (吴功宜,吴英) (Z-Library)(OCR)_chunk_449",0,bm25
A004,"计算机网络 (吴功宜,吴英) (Z-Library)(OCR)_chunk_450",0,tfidf
A005,Python数据结构与算法分析 第3版 (米勒 拉努姆 罗曼) (Z-Library)_chunk_176,0,dense
A005,Python数据结构与算法分析 第3版 (米勒 拉努姆 罗曼) (Z-Library)_chunk_180,0,dense
A005,Python数据结构与算法分析 第3版 (米勒 拉努姆 罗曼) (Z-Library)_chunk_190,0,tfidf
A005,Python数据结构与算法分析 第3版 (米勒 拉努姆 罗曼) (Z-Library)_chunk_194,0,bm25/dense_bm25
A005,"[计算机科学丛书]数据结构与算法 Python语言实现 (Michael T. Goodrich, Roberto Tamassia etc.) (Z-Library)_chunk_145",0,tfidf
A005,"[计算机科学丛书]数据结构与算法 Python语言实现 (Michael T. Goodrich, Roberto Tamassia etc.) (Z-Library)_chunk_305",0,dense
A005,"[计算机科学丛书]数据结构与算法 Python语言实现 (Michael T. Goodrich, Roberto Tamassia etc.) (Z-Library)_chunk_308",0,dense_bm25
A005,"[计算机科学丛书]数据结构与算法 Python语言实现 (Michael T. Goodrich, Roberto Tamassia etc.) (Z-Library)_chunk_325",0,dense
A005,"[计算机科学丛书]数据结构与算法 Python语言实现 (Michael T. Goodrich, Roberto Tamassia etc.) (Z-Library)_chunk_364",0,dense_bm25
A005,"[计算机科学丛书]数据结构与算法 Python语言实现 (Michael T. Goodrich, Roberto Tamassia etc.) (Z-Library)_chunk_466",0,dense_bm25
A005,"[计算机科学丛书]数据结构与算法 Python语言实现 (Michael T. Goodrich, Roberto Tamassia etc.) (Z-Library)_chunk_490",3,bm25/dense/dense_bm25/tfidf
A005,"[计算机科学丛书]数据结构与算法 Python语言实现 (Michael T. Goodrich, Roberto Tamassia etc.) (Z-Library)_chunk_492",1,bm25/dense/dense_bm25/tfidf
A005,"[计算机科学丛书]数据结构与算法 Python语言实现 (Michael T. Goodrich, Roberto Tamassia etc.) (Z-Library)_chunk_493",1,dense/dense_bm25
A005,"[计算机科学丛书]数据结构与算法 Python语言实现 (Michael T. Goodrich, Roberto Tamassia etc.) (Z-Library)_chunk_494",1,dense/dense_bm25
A005,"[计算机科学丛书]数据结构与算法 Python语言实现 (Michael T. Goodrich, Roberto Tamassia etc.) (Z-Library)_chunk_496",1,dense/dense_bm25
A005,"[计算机科学丛书]数据结构与算法 Python语言实现 (Michael T. Goodrich, Roberto Tamassia etc.) (Z-Library)_chunk_497",1,bm25/dense/dense_bm25/tfidf
A005,"[计算机科学丛书]数据结构与算法 Python语言实现 (Michael T. Goodrich, Roberto Tamassia etc.) (Z-Library)_chunk_580",0,dense
A005,"[计算机科学丛书]数据结构与算法 Python语言实现 (Michael T. Goodrich, Roberto Tamassia etc.) (Z-Library)_chunk_752",1,dense/dense_bm25
A005,"[计算机科学丛书]数据结构与算法 Python语言实现 (Michael T. Goodrich, Roberto Tamassia etc.) (Z-Library)_chunk_753",1,bm25/dense_bm25/tfidf
A005,"[计算机科学丛书]数据结构与算法 Python语言实现 (Michael T. Goodrich, Roberto Tamassia etc.) (Z-Library)_chunk_754",1,bm25/dense/dense_bm25/tfidf
A005,"[计算机科学丛书]数据结构与算法 Python语言实现 (Michael T. Goodrich, Roberto Tamassia etc.) (Z-Library)_chunk_757",1,dense/dense_bm25
A005,操作系统导论-OSTEP (王海鹏 译) (Z-Library)_chunk_466,0,tfidf
A005,数据结构 (邓俊辉) (Z-Library)_chunk_160,0,dense
A005,数据结构 (邓俊辉) (Z-Library)_chunk_274,0,dense_bm25
A005,数据结构 (邓俊辉) (Z-Library)_chunk_288,1,dense_bm25/tfidf
A005,数据结构 (邓俊辉) (Z-Library)_chunk_322,3,bm25/dense/dense_bm25
A005,数据结构 (邓俊辉) (Z-Library)_chunk_323,1,bm25/dense/dense_bm25/tfidf
A005,数据结构 (邓俊辉) (Z-Library)_chunk_324,1,bm25/tfidf
A005,数据结构 (邓俊辉) (Z-Library)_chunk_326,1,bm25/dense_bm25/tfidf
A005,数据结构 (邓俊辉) (Z-Library)_chunk_327,1,bm25/dense_bm25/tfidf
A005,数据结构 (邓俊辉) (Z-Library)_chunk_328,1,bm25/dense/dense_bm25/tfidf
A005,数据结构 (邓俊辉) (Z-Library)_chunk_333,1,bm25/dense_bm25/tfidf
A005,数据结构 (邓俊辉) (Z-Library)_chunk_334,1,dense/dense_bm25/tfidf
A005,数据结构（C语言版 第2版） (严蔚敏) (Z-Library)_chunk_135,0,bm25
A005,数据结构（C语言版 第2版） (严蔚敏) (Z-Library)_chunk_148,0,dense
A005,数据结构（C语言版 第2版） (严蔚敏) (Z-Library)_chunk_150,0,dense
A005,数据结构（C语言版 第2版） (严蔚敏) (Z-Library)_chunk_151,0,dense/dense_bm25
A005,数据结构（C语言版 第2版） (严蔚敏) (Z-Library)_chunk_158,0,bm25/dense_bm25/tfidf
A005,数据结构（C语言版 第2版） (严蔚敏) (Z-Library)_chunk_159,0,dense/dense_bm25
A005,数据结构（C语言版 第2版） (严蔚敏) (Z-Library)_chunk_178,0,dense/dense_bm25
A005,数据结构（C语言版 第2版） (严蔚敏) (Z-Library)_chunk_181,0,dense
A005,数据结构（C语言版 第2版） (严蔚敏) (Z-Library)_chunk_183,0,dense
A005,数据结构（C语言版 第2版） (严蔚敏) (Z-Library)_chunk_184,0,dense
A005,数据结构（C语言版 第2版） (严蔚敏) (Z-Library)_chunk_197,0,dense
A005,数据结构（C语言版 第2版） (严蔚敏) (Z-Library)_chunk_268,0,dense
A005,数据结构（C语言版 第2版） (严蔚敏) (Z-Library)_chunk_335,0,dense
A005,"现代操作系统 (Andrew S. Tanenbaum, Herbert Bos) (Z-Library)_chunk_170",0,bm25/dense_bm25/tfidf
A005,"现代操作系统 (Andrew S. Tanenbaum, Herbert Bos) (Z-Library)_chunk_267",0,bm25
A005,"现代操作系统 (Andrew S. Tanenbaum, Herbert Bos) (Z-Library)_chunk_46",0,bm25/tfidf
A005,"现代操作系统 (Andrew S. Tanenbaum, Herbert Bos) (Z-Library)_chunk_511",0,tfidf
A005,"现代操作系统 (Andrew S. Tanenbaum, Herbert Bos) (Z-Library)_chunk_676",0,bm25/dense_bm25
A005,计算机网络（原书第7版） 自顶向下方法 (James F. Kurose Keith W. Ross) (Z-Library)_chunk_455,0,bm25/dense_bm25
A006,2024年王道计算机网络复习指导 (王道计算机) (Z-Library)_chunk_113,0,tfidf
A006,2024年王道计算机网络复习指导 (王道计算机) (Z-Library)_chunk_389,0,bm25
A006,Python数据结构与算法分析 第3版 (米勒 拉努姆 罗曼) (Z-Library)_chunk_175,0,dense
A006,Python数据结构与算法分析 第3版 (米勒 拉努姆 罗曼) (Z-Library)_chunk_176,0,dense
A006,Python数据结构与算法分析 第3版 (米勒 拉努姆 罗曼) (Z-Library)_chunk_180,0,dense_bm25
A006,Python数据结构与算法分析 第3版 (米勒 拉努姆 罗曼) (Z-Library)_chunk_207,0,bm25
A006,Python数据结构与算法分析 第3版 (米勒 拉努姆 罗曼) (Z-Library)_chunk_237,0,bm25
A006,Python数据结构与算法分析 第3版 (米勒 拉努姆 罗曼) (Z-Library)_chunk_325,0,dense
A006,"[计算机科学丛书]数据结构与算法 Python语言实现 (Michael T. Goodrich, Roberto Tamassia etc.) (Z-Library)_chunk_304",0,dense
A006,"[计算机科学丛书]数据结构与算法 Python语言实现 (Michael T. Goodrich, Roberto Tamassia etc.) (Z-Library)_chunk_305",0,dense
A006,"[计算机科学丛书]数据结构与算法 Python语言实现 (Michael T. Goodrich, Roberto Tamassia etc.) (Z-Library)_chunk_308",0,dense
A006,"[计算机科学丛书]数据结构与算法 Python语言实现 (Michael T. Goodrich, Roberto Tamassia etc.) (Z-Library)_chunk_340",0,dense_bm25
A006,"[计算机科学丛书]数据结构与算法 Python语言实现 (Michael T. Goodrich, Roberto Tamassia etc.) (Z-Library)_chunk_346",0,dense_bm25
A006,"[计算机科学丛书]数据结构与算法 Python语言实现 (Michael T. Goodrich, Roberto Tamassia etc.) (Z-Library)_chunk_350",0,tfidf
A006,"[计算机科学丛书]数据结构与算法 Python语言实现 (Michael T. Goodrich, Roberto Tamassia etc.) (Z-Library)_chunk_351",0,dense_bm25
A006,"[计算机科学丛书]数据结构与算法 Python语言实现 (Michael T. Goodrich, Roberto Tamassia etc.) (Z-Library)_chunk_460",0,tfidf
A006,"[计算机科学丛书]数据结构与算法 Python语言实现 (Michael T. Goodrich, Roberto Tamassia etc.) (Z-Library)_chunk_483",0,dense_bm25
A006,"[计算机科学丛书]数据结构与算法 Python语言实现 (Michael T. Goodrich, Roberto Tamassia etc.) (Z-Library)_chunk_489",0,dense/tfidf
A006,"[计算机科学丛书]数据结构与算法 Python语言实现 (Michael T. Goodrich, Roberto Tamassia etc.) (Z-Library)_chunk_490",0,dense_bm25
A006,"[计算机科学丛书]数据结构与算法 Python语言实现 (Michael T. Goodrich, Roberto Tamassia etc.) (Z-Library)_chunk_568",0,tfidf
A006,"[计算机科学丛书]数据结构与算法 Python语言实现 (Michael T. Goodrich, Roberto Tamassia etc.) (Z-Library)_chunk_580",0,dense
A006,"[计算机科学丛书]数据结构与算法 Python语言实现 (Michael T. Goodrich, Roberto Tamassia etc.) (Z-Library)_chunk_604",0,dense_bm25
A006,"[计算机科学丛书]数据结构与算法 Python语言实现 (Michael T. Goodrich, Roberto Tamassia etc.) (Z-Library)_chunk_654",0,dense_bm25/tfidf
A006,"[计算机科学丛书]数据结构与算法 Python语言实现 (Michael T. Goodrich, Roberto Tamassia etc.) (Z-Library)_chunk_655",0,bm25/tfidf
A006,"[计算机科学丛书]数据结构与算法 Python语言实现 (Michael T. Goodrich, Roberto Tamassia etc.) (Z-Library)_chunk_656",0,bm25/dense/dense_bm25/tfidf
A006,"[计算机科学丛书]数据结构与算法 Python语言实现 (Michael T. Goodrich, Roberto Tamassia etc.) (Z-Library)_chunk_662",0,dense
A006,"[计算机科学丛书]数据结构与算法 Python语言实现 (Michael T. Goodrich, Roberto Tamassia etc.) (Z-Library)_chunk_693",0,tfidf
A006,"[计算机科学丛书]数据结构与算法 Python语言实现 (Michael T. Goodrich, Roberto Tamassia etc.) (Z-Library)_chunk_732",0,dense_bm25
A006,数据结构 (邓俊辉) (Z-Library)_chunk_160,0,dense
A006,数据结构 (邓俊辉) (Z-Library)_chunk_162,0,dense
A006,数据结构 (邓俊辉) (Z-Library)_chunk_198,0,dense_bm25
A006,数据结构 (邓俊辉) (Z-Library)_chunk_278,0,dense_bm25
A006,数据结构 (邓俊辉) (Z-Library)_chunk_288,1,bm25
A006,数据结构 (邓俊辉) (Z-Library)_chunk_300,1,bm25
A006,数据结构 (邓俊辉) (Z-Library)_chunk_301,3,bm25/dense/dense_bm25/tfidf
A006,数据结构 (邓俊辉) (Z-Library)_chunk_302,1,tfidf
A006,数据结构 (邓俊辉) (Z-Library)_chunk_306,2,bm25/tfidf
A006,数据结构 (邓俊辉) (Z-Library)_chunk_311,1,bm25
A006,数据结构 (邓俊辉) (Z-Library)_chunk_323,0,dense/dense_bm25
A006,数据结构 (邓俊辉) (Z-Library)_chunk_328,0,dense_bm25
A006,数据结构 (邓俊辉) (Z-Library)_chunk_334,0,dense_bm25
A006,数据结构 (邓俊辉) (Z-Library)_chunk_342,0,bm25
A006,数据结构（C语言版 第2版） (严蔚敏) (Z-Library)_chunk_148,0,bm25/dense/dense_bm25/tfidf
A006,数据结构（C语言版 第2版） (严蔚敏) (Z-Library)_chunk_149,0,bm25/dense/dense_bm25/tfidf
A006,数据结构（C语言版 第2版） (严蔚敏) (Z-Library)_chunk_150,0,dense
A006,数据结构（C语言版 第2版） (严蔚敏) (Z-Library)_chunk_151,0,dense/dense_bm25
A006,数据结构（C语言版 第2版） (严蔚敏) (Z-Library)_chunk_156,0,dense
A006,数据结构（C语言版 第2版） (严蔚敏) (Z-Library)_chunk_158,0,dense
A006,数据结构（C语言版 第2版） (严蔚敏) (Z-Library)_chunk_159,0,dense
A006,数据结构（C语言版 第2版） (严蔚敏) (Z-Library)_chunk_168,0,dense/dense_bm25
A006,数据结构（C语言版 第2版） (严蔚敏) (Z-Library)_chunk_178,0,dense
A006,数据结构（C语言版 第2版） (严蔚敏) (Z-Library)_chunk_179,0,dense
A006,数据结构（C语言版 第2版） (严蔚敏) (Z-Library)_chunk_180,0,dense/dense_bm25
A006,数据结构（C语言版 第2版） (严蔚敏) (Z-Library)_chunk_181,0,dense
A006,数据结构（C语言版 第2版） (严蔚敏) (Z-Library)_chunk_183,0,dense_bm25
A006,数据结构（C语言版 第2版） (严蔚敏) (Z-Library)_chunk_196,0,dense_bm25
A006,数据结构（C语言版 第2版） (严蔚敏) (Z-Library)_chunk_197,0,dense/dense_bm25
A006,数据结构（C语言版 第2版） (严蔚敏) (Z-Library)_chunk_270,0,tfidf
A006,数据结构（C语言版 第2版） (严蔚敏) (Z-Library)_chunk_278,0,dense_bm25
A006,数据结构（C语言版 第2版） (严蔚敏) (Z-Library)_chunk_281,3,bm25/dense_bm25/tfidf
A006,数据结构（C语言版 第2版） (严蔚敏) (Z-Library)_chunk_282,2,bm25/dense/dense_bm25
A006,数据结构（C语言版 第2版） (严蔚敏) (Z-Library)_chunk_284,2,bm25/tfidf
A006,数据结构（C语言版 第2版） (严蔚敏) (Z-Library)_chunk_286,2,bm25
A006,数据结构（C语言版 第2版） (严蔚敏) (Z-Library)_chunk_288,3,bm25/dense/dense_bm25/tfidf
A006,数据结构（C语言版 第2版） (严蔚敏) (Z-Library)_chunk_304,1,bm25/dense_bm25/tfidf
A006,数据结构（C语言版 第2版） (严蔚敏) (Z-Library)_chunk_307,1,bm25/dense/dense_bm25/tfidf
A007,2024年王道计算机网络复习指导 (王道计算机) (Z-Library)_chunk_272,1,tfidf
A007,2024年王道计算机网络复习指导 (王道计算机) (Z-Library)_chunk_425,1,dense
A007,2024年王道计算机网络复习指导 (王道计算机) (Z-Library)_chunk_427,1,dense_bm25
A007,2024年王道计算机网络复习指导 (王道计算机) (Z-Library)_chunk_440,1,tfidf
A007,2024年王道计算机网络复习指导 (王道计算机) (Z-Library)_chunk_443,1,dense
A007,2024年王道计算机网络复习指导 (王道计算机) (Z-Library)_chunk_445,1,dense
A007,2024年王道计算机网络复习指导 (王道计算机) (Z-Library)_chunk_449,1,dense/dense_bm25
A007,2024年王道计算机网络复习指导 (王道计算机) (Z-Library)_chunk_450,3,bm25/dense/dense_bm25/tfidf
A007,2024年王道计算机网络复习指导 (王道计算机) (Z-Library)_chunk_451,2,bm25/tfidf
A007,2024年王道计算机网络复习指导 (王道计算机) (Z-Library)_chunk_455,1,dense_bm25
A007,2024年王道计算机网络复习指导 (王道计算机) (Z-Library)_chunk_456,1,dense
A007,2024年王道计算机网络复习指导 (王道计算机) (Z-Library)_chunk_457,1,dense_bm25
A007,2024年王道计算机网络复习指导 (王道计算机) (Z-Library)_chunk_458,1,bm25/dense_bm25
A007,2024年王道计算机网络复习指导 (王道计算机) (Z-Library)_chunk_471,1,bm25
A007,"现代操作系统 (Andrew S. Tanenbaum, Herbert Bos) (Z-Library)_chunk_562",1,dense
A007,"计算机网络 (吴功宜,吴英) (Z-Library)(OCR)_chunk_329",1,bm25/dense_bm25/tfidf
A007,"计算机网络 (吴功宜,吴英) (Z-Library)(OCR)_chunk_331",1,dense_bm25
A007,"计算机网络 (吴功宜,吴英) (Z-Library)(OCR)_chunk_336",1,dense/dense_bm25
A007,"计算机网络 (吴功宜,吴英) (Z-Library)(OCR)_chunk_337",1,dense
A007,"计算机网络 (吴功宜,吴英) (Z-Library)(OCR)_chunk_343",1,dense/dense_bm25
A007,"计算机网络 (吴功宜,吴英) (Z-Library)(OCR)_chunk_347",2,bm25/tfidf
A007,"计算机网络 (吴功宜,吴英) (Z-Library)(OCR)_chunk_348",2,bm25/dense_bm25/tfidf
A007,"计算机网络 (吴功宜,吴英) (Z-Library)(OCR)_chunk_349",2,bm25
A007,"计算机网络 (吴功宜,吴英) (Z-Library)(OCR)_chunk_55",1,dense/dense_bm25
A007,计算机网络（原书第7版） 自顶向下方法 (James F. Kurose Keith W. Ross) (Z-Library)_chunk_114,0,dense_bm25
A007,计算机网络（原书第7版） 自顶向下方法 (James F. Kurose Keith W. Ross) (Z-Library)_chunk_115,0,bm25/dense_bm25/tfidf
A007,计算机网络（原书第7版） 自顶向下方法 (James F. Kurose Keith W. Ross) (Z-Library)_chunk_137,1,dense
A007,计算机网络（原书第7版） 自顶向下方法 (James F. Kurose Keith W. Ross) (Z-Library)_chunk_138,1,dense
A007,计算机网络（原书第7版） 自顶向下方法 (James F. Kurose Keith W. Ross) (Z-Library)_chunk_151,1,dense
A007,计算机网络（原书第7版） 自顶向下方法 (James F. Kurose Keith W. Ross) (Z-Library)_chunk_152,1,dense
A007,计算机网络（原书第7版） 自顶向下方法 (James F. Kurose Keith W. Ross) (Z-Library)_chunk_155,1,bm25/dense/dense_bm25/tfidf
A007,计算机网络（原书第7版） 自顶向下方法 (James F. Kurose Keith W. Ross) (Z-Library)_chunk_160,1,bm25/dense/dense_bm25/tfidf
A007,计算机网络（原书第7版） 自顶向下方法 (James F. Kurose Keith W. Ross) (Z-Library)_chunk_161,1,bm25/dense/dense_bm25
A007,计算机网络（原书第7版） 自顶向下方法 (James F. Kurose Keith W. Ross) (Z-Library)_chunk_162,1,bm25/dense_bm25/tfidf
A007,计算机网络（原书第7版） 自顶向下方法 (James F. Kurose Keith W. Ross) (Z-Library)_chunk_165,3,bm25/dense/dense_bm25/tfidf
A007,计算机网络（原书第7版） 自顶向下方法 (James F. Kurose Keith W. Ross) (Z-Library)_chunk_166,1,bm25/tfidf
A007,计算机网络（原书第7版） 自顶向下方法 (James F. Kurose Keith W. Ross) (Z-Library)_chunk_167,1,dense/dense_bm25
A007,计算机网络（原书第7版） 自顶向下方法 (James F. Kurose Keith W. Ross) (Z-Library)_chunk_168,1,bm25
A007,计算机网络（原书第7版） 自顶向下方法 (James F. Kurose Keith W. Ross) (Z-Library)_chunk_169,1,bm25/dense/dense_bm25/tfidf
A007,计算机网络（原书第7版） 自顶向下方法 (James F. Kurose Keith W. Ross) (Z-Library)_chunk_171,0,dense/dense_bm25
A007,计算机网络（原书第7版） 自顶向下方法 (James F. Kurose Keith W. Ross) (Z-Library)_chunk_184,1,bm25
A007,计算机网络（原书第7版） 自顶向下方法 (James F. Kurose Keith W. Ross) (Z-Library)_chunk_185,1,dense_bm25
A007,计算机网络（原书第7版） 自顶向下方法 (James F. Kurose Keith W. Ross) (Z-Library)_chunk_396,1,bm25/tfidf
A007,计算机网络（第8版） (谢希仁) (Z-Library)(OCR)_chunk_264,1,dense/dense_bm25
A007,计算机网络（第8版） (谢希仁) (Z-Library)(OCR)_chunk_273,1,dense
A007,计算机网络（第8版） (谢希仁) (Z-Library)(OCR)_chunk_274,1,dense
A007,计算机网络（第8版） (谢希仁) (Z-Library)(OCR)_chunk_297,1,dense
A007,计算机网络（第8版） (谢希仁) (Z-Library)(OCR)_chunk_299,1,dense/dense_bm25
A007,计算机网络（第8版） (谢希仁) (Z-Library)(OCR)_chunk_301,1,tfidf
A007,计算机网络（第8版） (谢希仁) (Z-Library)(OCR)_chunk_302,3,dense/dense_bm25/tfidf
A007,计算机网络（第8版） (谢希仁) (Z-Library)(OCR)_chunk_303,2,tfidf
A007,计算机网络（第8版） (谢希仁) (Z-Library)(OCR)_chunk_307,1,dense_bm25
A007,计算机网络（第8版） (谢希仁) (Z-Library)(OCR)_chunk_309,1,dense/dense_bm25
A007,计算机网络（第8版） (谢希仁) (Z-Library)(OCR)_chunk_312,1,dense
A007,计算机网络（第8版） (谢希仁) (Z-Library)(OCR)_chunk_319,1,bm25/tfidf
A007,计算机网络（第8版） (谢希仁) (Z-Library)(OCR)_chunk_323,1,dense_bm25
A007,计算机网络（第8版） (谢希仁) (Z-Library)(OCR)_chunk_488,1,tfidf
A007,计算机网络（第8版） (谢希仁) (Z-Library)(OCR)_chunk_547,1,dense_bm25
A008,2024年王道计算机网络复习指导 (王道计算机) (Z-Library)_chunk_280,0,dense
A008,Operating Systems Three Easy Pieces (Remzi H. Arpaci-Dusseau etc.) (Z-Library)_chunk_627,2,dense/dense_bm25
A008,Operating Systems Three Easy Pieces (Remzi H. Arpaci-Dusseau etc.) (Z-Library)_chunk_635,1,dense/dense_bm25
A008,Python数据结构与算法分析 第3版 (米勒 拉努姆 罗曼) (Z-Library)_chunk_136,0,dense/dense_bm25
A008,Python数据结构与算法分析 第3版 (米勒 拉努姆 罗曼) (Z-Library)_chunk_239,0,dense/dense_bm25
A008,Python数据结构与算法分析 第3版 (米勒 拉努姆 罗曼) (Z-Library)_chunk_70,0,dense
A008,"[计算机科学丛书]数据结构与算法 Python语言实现 (Michael T. Goodrich, Roberto Tamassia etc.) (Z-Library)_chunk_184",0,dense
A008,"[计算机科学丛书]数据结构与算法 Python语言实现 (Michael T. Goodrich, Roberto Tamassia etc.) (Z-Library)_chunk_575",0,dense
A008,"[计算机科学丛书]数据结构与算法 Python语言实现 (Michael T. Goodrich, Roberto Tamassia etc.) (Z-Library)_chunk_651",2,bm25/dense_bm25/tfidf
A008,"[计算机科学丛书]数据结构与算法 Python语言实现 (Michael T. Goodrich, Roberto Tamassia etc.) (Z-Library)_chunk_661",1,dense/dense_bm25
A008,操作系统导论-OSTEP (王海鹏 译) (Z-Library)_chunk_159,1,dense_bm25
A008,操作系统导论-OSTEP (王海鹏 译) (Z-Library)_chunk_216,1,dense
A008,数据结构 (邓俊辉) (Z-Library)_chunk_13,0,dense
A008,数据结构 (邓俊辉) (Z-Library)_chunk_180,0,dense
A008,数据结构 (邓俊辉) (Z-Library)_chunk_3,0,dense/dense_bm25
A008,数据结构 (邓俊辉) (Z-Library)_chunk_38,0,dense
A008,数据结构 (邓俊辉) (Z-Library)_chunk_4,0,dense
A008,数据结构 (邓俊辉) (Z-Library)_chunk_51,0,dense
A008,数据结构（C语言版 第2版） (严蔚敏) (Z-Library)_chunk_165,0,dense
A008,"现代操作系统 (Andrew S. Tanenbaum, Herbert Bos) (Z-Library)_chunk_204",1,dense_bm25
A008,"现代操作系统 (Andrew S. Tanenbaum, Herbert Bos) (Z-Library)_chunk_211",1,bm25/dense/dense_bm25/tfidf
A008,"现代操作系统 (Andrew S. Tanenbaum, Herbert Bos) (Z-Library)_chunk_212",2,bm25/dense/dense_bm25/tfidf
A008,"现代操作系统 (Andrew S. Tanenbaum, Herbert Bos) (Z-Library)_chunk_213",2,dense/dense_bm25
A008,"现代操作系统 (Andrew S. Tanenbaum, Herbert Bos) (Z-Library)_chunk_214",2,bm25/dense/dense_bm25/tfidf
A008,"现代操作系统 (Andrew S. Tanenbaum, Herbert Bos) (Z-Library)_chunk_215",2,bm25/dense/dense_bm25/tfidf
A008,"现代操作系统 (Andrew S. Tanenbaum, Herbert Bos) (Z-Library)_chunk_216",2,bm25/dense/dense_bm25/tfidf
A008,"现代操作系统 (Andrew S. Tanenbaum, Herbert Bos) (Z-Library)_chunk_217",2,bm25/dense_bm25/tfidf
A008,"现代操作系统 (Andrew S. Tanenbaum, Herbert Bos) (Z-Library)_chunk_218",1,bm25/dense_bm25/tfidf
A008,"现代操作系统 (Andrew S. Tanenbaum, Herbert Bos) (Z-Library)_chunk_219",2,dense/dense_bm25
A008,"现代操作系统 (Andrew S. Tanenbaum, Herbert Bos) (Z-Library)_chunk_221",1,bm25/dense_bm25
A008,"现代操作系统 (Andrew S. Tanenbaum, Herbert Bos) (Z-Library)_chunk_222",1,bm25/tfidf
A008,"现代操作系统 (Andrew S. Tanenbaum, Herbert Bos) (Z-Library)_chunk_223",2,bm25/tfidf
A008,"现代操作系统 (Andrew S. Tanenbaum, Herbert Bos) (Z-Library)_chunk_224",3,bm25/dense/dense_bm25/tfidf
A008,"现代操作系统 (Andrew S. Tanenbaum, Herbert Bos) (Z-Library)_chunk_225",1,bm25/dense_bm25/tfidf
A008,"现代操作系统 (Andrew S. Tanenbaum, Herbert Bos) (Z-Library)_chunk_226",1,bm25/dense_bm25/tfidf
A008,"现代操作系统 (Andrew S. Tanenbaum, Herbert Bos) (Z-Library)_chunk_228",0,tfidf
A008,"现代操作系统 (Andrew S. Tanenbaum, Herbert Bos) (Z-Library)_chunk_237",1,dense_bm25
A008,"现代操作系统 (Andrew S. Tanenbaum, Herbert Bos) (Z-Library)_chunk_243",0,bm25/tfidf
A008,"现代操作系统 (Andrew S. Tanenbaum, Herbert Bos) (Z-Library)_chunk_244",0,dense/dense_bm25
A008,"现代操作系统 (Andrew S. Tanenbaum, Herbert Bos) (Z-Library)_chunk_259",1,bm25/dense_bm25
A008,"现代操作系统 (Andrew S. Tanenbaum, Herbert Bos) (Z-Library)_chunk_260",1,bm25/dense/dense_bm25/tfidf
A008,"现代操作系统 (Andrew S. Tanenbaum, Herbert Bos) (Z-Library)_chunk_261",1,bm25/dense_bm25/tfidf
A008,"现代操作系统 (Andrew S. Tanenbaum, Herbert Bos) (Z-Library)_chunk_262",1,bm25/dense_bm25/tfidf
A008,"现代操作系统 (Andrew S. Tanenbaum, Herbert Bos) (Z-Library)_chunk_870",0,tfidf
A008,"现代操作系统 (Andrew S. Tanenbaum, Herbert Bos) (Z-Library)_chunk_879",0,dense_bm25/tfidf
A008,"现代操作系统 (Andrew S. Tanenbaum, Herbert Bos) (Z-Library)_chunk_971",1,bm25
A008,"计算机网络 (吴功宜,吴英) (Z-Library)(OCR)_chunk_246",0,dense
A008,计算机网络（第8版） (谢希仁) (Z-Library)(OCR)_chunk_181,0,dense
A008,计算机网络（第8版） (谢希仁) (Z-Library)(OCR)_chunk_342,0,dense/dense_bm25
A009,Operating Systems Three Easy Pieces (Remzi H. Arpaci-Dusseau etc.) (Z-Library)_chunk_310,0,dense/dense_bm25
A009,Operating Systems Three Easy Pieces (Remzi H. Arpaci-Dusseau etc.) (Z-Library)_chunk_403,1,dense
A009,"[计算机科学丛书]数据结构与算法 Python语言实现 (Michael T. Goodrich, Roberto Tamassia etc.) (Z-Library)_chunk_166",0,dense
A009,"[计算机科学丛书]数据结构与算法 Python语言实现 (Michael T. Goodrich, Roberto Tamassia etc.) (Z-Library)_chunk_181",0,bm25/dense_bm25/tfidf
A009,"[计算机科学丛书]数据结构与算法 Python语言实现 (Michael T. Goodrich, Roberto Tamassia etc.) (Z-Library)_chunk_520",0,dense
A009,"[计算机科学丛书]数据结构与算法 Python语言实现 (Michael T. Goodrich, Roberto Tamassia etc.) (Z-Library)_chunk_640",1,dense_bm25
A009,"[计算机科学丛书]数据结构与算法 Python语言实现 (Michael T. Goodrich, Roberto Tamassia etc.) (Z-Library)_chunk_641",1,dense/tfidf
A009,"[计算机科学丛书]数据结构与算法 Python语言实现 (Michael T. Goodrich, Roberto Tamassia etc.) (Z-Library)_chunk_642",3,bm25/tfidf
A009,"[计算机科学丛书]数据结构与算法 Python语言实现 (Michael T. Goodrich, Roberto Tamassia etc.) (Z-Library)_chunk_657",0,dense
A009,操作系统导论-OSTEP (王海鹏 译) (Z-Library)_chunk_105,0,tfidf
A009,操作系统导论-OSTEP (王海鹏 译) (Z-Library)_chunk_107,0,dense_bm25
A009,操作系统导论-OSTEP (王海鹏 译) (Z-Library)_chunk_11,0,dense/dense_bm25
A009,操作系统导论-OSTEP (王海鹏 译) (Z-Library)_chunk_116,0,bm25
A009,操作系统导论-OSTEP (王海鹏 译) (Z-Library)_chunk_117,0,bm25/dense_bm25/tfidf
A009,操作系统导论-OSTEP (王海鹏 译) (Z-Library)_chunk_118,0,bm25/dense_bm25/tfidf
A009,操作系统导论-OSTEP (王海鹏 译) (Z-Library)_chunk_128,1,dense_bm25/tfidf
A009,操作系统导论-OSTEP (王海鹏 译) (Z-Library)_chunk_134,0,bm25/dense_bm25
A009,操作系统导论-OSTEP (王海鹏 译) (Z-Library)_chunk_136,1,bm25/dense_bm25/tfidf
A009,操作系统导论-OSTEP (王海鹏 译) (Z-Library)_chunk_137,3,bm25
A009,操作系统导论-OSTEP (王海鹏 译) (Z-Library)_chunk_149,3,dense/dense_bm25
A009,操作系统导论-OSTEP (王海鹏 译) (Z-Library)_chunk_15,0,bm25
A009,操作系统导论-OSTEP (王海鹏 译) (Z-Library)_chunk_151,1,bm25/dense/dense_bm25
A009,操作系统导论-OSTEP (王海鹏 译) (Z-Library)_chunk_157,0,tfidf
A009,操作系统导论-OSTEP (王海鹏 译) (Z-Library)_chunk_158,0,bm25
A009,操作系统导论-OSTEP (王海鹏 译) (Z-Library)_chunk_205,0,bm25/tfidf
A009,操作系统导论-OSTEP (王海鹏 译) (Z-Library)_chunk_30,0,bm25/tfidf
A009,操作系统导论-OSTEP (王海鹏 译) (Z-Library)_chunk_33,0,dense
A009,操作系统导论-OSTEP (王海鹏 译) (Z-Library)_chunk_552,1,dense/dense_bm25/tfidf
A009,操作系统导论-OSTEP (王海鹏 译) (Z-Library)_chunk_553,1,dense
A009,数据结构（C语言版 第2版） (严蔚敏) (Z-Library)_chunk_73,0,dense
A009,"现代操作系统 (Andrew S. Tanenbaum, Herbert Bos) (Z-Library)_chunk_12",0,dense/dense_bm25
A009,"现代操作系统 (Andrew S. Tanenbaum, Herbert Bos) (Z-Library)_chunk_18",0,dense/dense_bm25
A009,"现代操作系统 (Andrew S. Tanenbaum, Herbert Bos) (Z-Library)_chunk_187",0,bm25/tfidf
A009,"现代操作系统 (Andrew S. Tanenbaum, Herbert Bos) (Z-Library)_chunk_188",0,bm25/dense/dense_bm25/tfidf
A009,"现代操作系统 (Andrew S. Tanenbaum, Herbert Bos) (Z-Library)_chunk_193",1,dense
A009,"现代操作系统 (Andrew S. Tanenbaum, Herbert Bos) (Z-Library)_chunk_194",1,bm25/dense_bm25/tfidf
A009,"现代操作系统 (Andrew S. Tanenbaum, Herbert Bos) (Z-Library)_chunk_195",1,dense
A009,"现代操作系统 (Andrew S. Tanenbaum, Herbert Bos) (Z-Library)_chunk_196",1,dense/dense_bm25/tfidf
A009,"现代操作系统 (Andrew S. Tanenbaum, Herbert Bos) (Z-Library)_chunk_213",0,dense/dense_bm25
A009,"现代操作系统 (Andrew S. Tanenbaum, Herbert Bos) (Z-Library)_chunk_221",0,bm25
A009,"现代操作系统 (Andrew S. Tanenbaum, Herbert Bos) (Z-Library)_chunk_225",0,bm25/dense_bm25/tfidf
A009,"现代操作系统 (Andrew S. Tanenbaum, Herbert Bos) (Z-Library)_chunk_237",1,bm25/dense_bm25
A009,"现代操作系统 (Andrew S. Tanenbaum, Herbert Bos) (Z-Library)_chunk_241",0,dense_bm25
A009,"现代操作系统 (Andrew S. Tanenbaum, Herbert Bos) (Z-Library)_chunk_253",0,dense/dense_bm25
A009,"现代操作系统 (Andrew S. Tanenbaum, Herbert Bos) (Z-Library)_chunk_254",1,dense/dense_bm25
A009,"现代操作系统 (Andrew S. Tanenbaum, Herbert Bos) (Z-Library)_chunk_28",0,dense/dense_bm25
A009,"现代操作系统 (Andrew S. Tanenbaum, Herbert Bos) (Z-Library)_chunk_350",0,tfidf
A009,"现代操作系统 (Andrew S. Tanenbaum, Herbert Bos) (Z-Library)_chunk_43",0,tfidf
A009,"现代操作系统 (Andrew S. Tanenbaum, Herbert Bos) (Z-Library)_chunk_434",0,dense/dense_bm25
A009,"现代操作系统 (Andrew S. Tanenbaum, Herbert Bos) (Z-Library)_chunk_51",1,dense_bm25
A009,"现代操作系统 (Andrew S. Tanenbaum, Herbert Bos) (Z-Library)_chunk_522",0,dense/dense_bm25
A009,"现代操作系统 (Andrew S. Tanenbaum, Herbert Bos) (Z-Library)_chunk_524",0,dense
A009,"现代操作系统 (Andrew S. Tanenbaum, Herbert Bos) (Z-Library)_chunk_62",1,dense
A009,"现代操作系统 (Andrew S. Tanenbaum, Herbert Bos) (Z-Library)_chunk_728",3,dense/dense_bm25/tfidf
A009,"现代操作系统 (Andrew S. Tanenbaum, Herbert Bos) (Z-Library)_chunk_909",0,bm25
A009,"现代操作系统 (Andrew S. Tanenbaum, Herbert Bos) (Z-Library)_chunk_973",0,dense/dense_bm25
A009,"现代操作系统 (Andrew S. Tanenbaum, Herbert Bos) (Z-Library)_chunk_99",0,dense
A010,2024年王道计算机网络复习指导 (王道计算机) (Z-Library)_chunk_134,0,bm25/dense_bm25
A010,Python数据结构与算法分析 第3版 (米勒 拉努姆 罗曼) (Z-Library)_chunk_109,0,dense
A010,Python数据结构与算法分析 第3版 (米勒 拉努姆 罗曼) (Z-Library)_chunk_138,0,dense/dense_bm25
A010,Python数据结构与算法分析 第3版 (米勒 拉努姆 罗曼) (Z-Library)_chunk_193,0,dense
A010,Python数据结构与算法分析 第3版 (米勒 拉努姆 罗曼) (Z-Library)_chunk_218,1,bm25/dense_bm25/tfidf
A010,Python数据结构与算法分析 第3版 (米勒 拉努姆 罗曼) (Z-Library)_chunk_238,3,bm25/dense_bm25/tfidf
A010,Python数据结构与算法分析 第3版 (米勒 拉努姆 罗曼) (Z-Library)_chunk_241,1,dense/dense_bm25
A010,Python数据结构与算法分析 第3版 (米勒 拉努姆 罗曼) (Z-Library)_chunk_247,2,bm25/dense_bm25/tfidf
A010,Python数据结构与算法分析 第3版 (米勒 拉努姆 罗曼) (Z-Library)_chunk_257,0,dense
A010,Python数据结构与算法分析 第3版 (米勒 拉努姆 罗曼) (Z-Library)_chunk_284,0,dense
A010,"[计算机科学丛书]数据结构与算法 Python语言实现 (Michael T. Goodrich, Roberto Tamassia etc.) (Z-Library)_chunk_576",1,tfidf
A010,"[计算机科学丛书]数据结构与算法 Python语言实现 (Michael T. Goodrich, Roberto Tamassia etc.) (Z-Library)_chunk_577",1,dense/dense_bm25
A010,"[计算机科学丛书]数据结构与算法 Python语言实现 (Michael T. Goodrich, Roberto Tamassia etc.) (Z-Library)_chunk_606",0,dense/dense_bm25
A010,"[计算机科学丛书]数据结构与算法 Python语言实现 (Michael T. Goodrich, Roberto Tamassia etc.) (Z-Library)_chunk_610",3,dense/dense_bm25
A010,"[计算机科学丛书]数据结构与算法 Python语言实现 (Michael T. Goodrich, Roberto Tamassia etc.) (Z-Library)_chunk_621",0,bm25/tfidf
A010,"[计算机科学丛书]数据结构与算法 Python语言实现 (Michael T. Goodrich, Roberto Tamassia etc.) (Z-Library)_chunk_635",0,bm25/tfidf
A010,"[计算机科学丛书]数据结构与算法 Python语言实现 (Michael T. Goodrich, Roberto Tamassia etc.) (Z-Library)_chunk_636",0,tfidf
A010,"[计算机科学丛书]数据结构与算法 Python语言实现 (Michael T. Goodrich, Roberto Tamassia etc.) (Z-Library)_chunk_637",0,dense/dense_bm25
A010,数据结构 (邓俊辉) (Z-Library)_chunk_236,3,bm25/dense_bm25/tfidf
A010,数据结构 (邓俊辉) (Z-Library)_chunk_237,3,bm25/dense_bm25/tfidf
A010,数据结构 (邓俊辉) (Z-Library)_chunk_240,2,bm25/dense/dense_bm25/tfidf
A010,数据结构 (邓俊辉) (Z-Library)_chunk_3,0,dense
A010,数据结构 (邓俊辉) (Z-Library)_chunk_78,0,dense/dense_bm25
A010,数据结构 (邓俊辉) (Z-Library)_chunk_9,0,dense/dense_bm25
A010,数据结构 (邓俊辉) (Z-Library)_chunk_96,0,dense
A010,数据结构 (邓俊辉) (Z-Library)_chunk_97,0,dense
A010,数据结构（C语言版 第2版） (严蔚敏) (Z-Library)_chunk_199,0,dense/dense_bm25
A010,数据结构（C语言版 第2版） (严蔚敏) (Z-Library)_chunk_201,1,tfidf
A010,数据结构（C语言版 第2版） (严蔚敏) (Z-Library)_chunk_209,0,dense_bm25
A010,数据结构（C语言版 第2版） (严蔚敏) (Z-Library)_chunk_215,0,bm25/dense_bm25
A010,数据结构（C语言版 第2版） (严蔚敏) (Z-Library)_chunk_226,1,tfidf
A010,数据结构（C语言版 第2版） (严蔚敏) (Z-Library)_chunk_237,0,dense/dense_bm25
A010,数据结构（C语言版 第2版） (严蔚敏) (Z-Library)_chunk_239,3,bm25/dense_bm25/tfidf
A010,数据结构（C语言版 第2版） (严蔚敏) (Z-Library)_chunk_240,2,dense
A010,数据结构（C语言版 第2版） (严蔚敏) (Z-Library)_chunk_241,2,dense
A010,数据结构（C语言版 第2版） (严蔚敏) (Z-Library)_chunk_243,1,bm25/dense_bm25
A010,数据结构（C语言版 第2版） (严蔚敏) (Z-Library)_chunk_253,2,dense
A010,数据结构（C语言版 第2版） (严蔚敏) (Z-Library)_chunk_254,2,bm25
A010,数据结构（C语言版 第2版） (严蔚敏) (Z-Library)_chunk_255,1,dense/dense_bm25
A010,数据结构（C语言版 第2版） (严蔚敏) (Z-Library)_chunk_256,1,dense_bm25
A010,数据结构（C语言版 第2版） (严蔚敏) (Z-Library)_chunk_259,0,dense
A010,数据结构（C语言版 第2版） (严蔚敏) (Z-Library)_chunk_261,0,dense
A010,数据结构（C语言版 第2版） (严蔚敏) (Z-Library)_chunk_269,0,dense
A010,数据结构（C语言版 第2版） (严蔚敏) (Z-Library)_chunk_308,0,dense/dense_bm25
A010,数据结构（C语言版 第2版） (严蔚敏) (Z-Library)_chunk_31,0,tfidf
A010,数据结构（C语言版 第2版） (严蔚敏) (Z-Library)_chunk_358,0,dense/dense_bm25
A010,数据结构（C语言版 第2版） (严蔚敏) (Z-Library)_chunk_61,0,dense/dense_bm25
A010,"现代操作系统 (Andrew S. Tanenbaum, Herbert Bos) (Z-Library)_chunk_141",0,bm25
A010,"现代操作系统 (Andrew S. Tanenbaum, Herbert Bos) (Z-Library)_chunk_271",1,bm25/dense_bm25/tfidf
A010,"现代操作系统 (Andrew S. Tanenbaum, Herbert Bos) (Z-Library)_chunk_292",1,bm25/dense_bm25/tfidf
A010,"现代操作系统 (Andrew S. Tanenbaum, Herbert Bos) (Z-Library)_chunk_450",2,dense
A010,"现代操作系统 (Andrew S. Tanenbaum, Herbert Bos) (Z-Library)_chunk_529",0,dense/dense_bm25
A010,"现代操作系统 (Andrew S. Tanenbaum, Herbert Bos) (Z-Library)_chunk_760",0,bm25/dense_bm25/tfidf
A010,"现代操作系统 (Andrew S. Tanenbaum, Herbert Bos) (Z-Library)_chunk_968",0,tfidf
A010,"计算机网络 (吴功宜,吴英) (Z-Library)(OCR)_chunk_243",0,bm25
A010,计算机网络（原书第7版） 自顶向下方法 (James F. Kurose Keith W. Ross) (Z-Library)_chunk_100,0,bm25/tfidf
A010,计算机网络（第8版） (谢希仁) (Z-Library)(OCR)_chunk_184,0,bm25
A010,计算机网络（第8版） (谢希仁) (Z-Library)(OCR)_chunk_50,0,tfidf
A011,2024年王道计算机网络复习指导 (王道计算机) (Z-Library)_chunk_130,1,bm25
A011,2024年王道计算机网络复习指导 (王道计算机) (Z-Library)_chunk_132,0,dense/dense_bm25
A011,2024年王道计算机网络复习指导 (王道计算机) (Z-Library)_chunk_194,0,dense
A011,2024年王道计算机网络复习指导 (王道计算机) (Z-Library)_chunk_210,0,dense/dense_bm25
A011,2024年王道计算机网络复习指导 (王道计算机) (Z-Library)_chunk_219,0,dense/dense_bm25
A011,2024年王道计算机网络复习指导 (王道计算机) (Z-Library)_chunk_227,0,dense
A011,2024年王道计算机网络复习指导 (王道计算机) (Z-Library)_chunk_30,1,dense
A011,2024年王道计算机网络复习指导 (王道计算机) (Z-Library)_chunk_32,1,bm25/dense_bm25/tfidf
A011,2024年王道计算机网络复习指导 (王道计算机) (Z-Library)_chunk_35,1,bm25/dense_bm25/tfidf
A011,2024年王道计算机网络复习指导 (王道计算机) (Z-Library)_chunk_37,1,bm25/dense_bm25/tfidf
A011,2024年王道计算机网络复习指导 (王道计算机) (Z-Library)_chunk_38,1,bm25/dense_bm25/tfidf
A011,2024年王道计算机网络复习指导 (王道计算机) (Z-Library)_chunk_399,0,dense/dense_bm25
A011,2024年王道计算机网络复习指导 (王道计算机) (Z-Library)_chunk_40,1,bm25/dense_bm25
A011,2024年王道计算机网络复习指导 (王道计算机) (Z-Library)_chunk_41,1,bm25/dense_bm25/tfidf
A011,2024年王道计算机网络复习指导 (王道计算机) (Z-Library)_chunk_410,0,dense/dense_bm25
A011,2024年王道计算机网络复习指导 (王道计算机) (Z-Library)_chunk_419,2,bm25/dense/dense_bm25/tfidf
A011,2024年王道计算机网络复习指导 (王道计算机) (Z-Library)_chunk_42,1,bm25/dense_bm25/tfidf
A011,2024年王道计算机网络复习指导 (王道计算机) (Z-Library)_chunk_420,2,tfidf
A011,2024年王道计算机网络复习指导 (王道计算机) (Z-Library)_chunk_424,1,dense
A011,2024年王道计算机网络复习指导 (王道计算机) (Z-Library)_chunk_428,2,dense_bm25
A011,2024年王道计算机网络复习指导 (王道计算机) (Z-Library)_chunk_43,1,bm25/dense/dense_bm25
A011,2024年王道计算机网络复习指导 (王道计算机) (Z-Library)_chunk_45,1,bm25/dense_bm25
A011,2024年王道计算机网络复习指导 (王道计算机) (Z-Library)_chunk_47,1,bm25
A011,2024年王道计算机网络复习指导 (王道计算机) (Z-Library)_chunk_48,1,bm25/dense_bm25/tfidf
A011,2024年王道计算机网络复习指导 (王道计算机) (Z-Library)_chunk_49,1,bm25
A011,2024年王道计算机网络复习指导 (王道计算机) (Z-Library)_chunk_490,0,tfidf
A011,2024年王道计算机网络复习指导 (王道计算机) (Z-Library)_chunk_50,1,bm25/dense_bm25
A011,2024年王道计算机网络复习指导 (王道计算机) (Z-Library)_chunk_51,1,bm25/dense_bm25/tfidf
A011,Python数据结构与算法分析 第3版 (米勒 拉努姆 罗曼) (Z-Library)_chunk_190,0,dense
A011,"[计算机科学丛书]数据结构与算法 Python语言实现 (Michael T. Goodrich, Roberto Tamassia etc.) (Z-Library)_chunk_582",0,dense
A011,操作系统导论-OSTEP (王海鹏 译) (Z-Library)_chunk_36,0,dense
A011,数据结构 (邓俊辉) (Z-Library)_chunk_222,0,dense
A011,数据结构 (邓俊辉) (Z-Library)_chunk_240,0,dense
A011,数据结构 (邓俊辉) (Z-Library)_chunk_352,0,dense/dense_bm25
A011,数据结构（C语言版 第2版） (严蔚敏) (Z-Library)_chunk_113,0,dense
A011,数据结构（C语言版 第2版） (严蔚敏) (Z-Library)_chunk_204,0,dense/dense_bm25
A011,"现代操作系统 (Andrew S. Tanenbaum, Herbert Bos) (Z-Library)_chunk_178",0,dense
A011,"现代操作系统 (Andrew S. Tanenbaum, Herbert Bos) (Z-Library)_chunk_474",0,dense
A011,"计算机网络 (吴功宜,吴英) (Z-Library)(OCR)_chunk_318",2,dense/dense_bm25/tfidf
A011,"计算机网络 (吴功宜,吴英) (Z-Library)(OCR)_chunk_32",0,dense/dense_bm25
A011,"计算机网络 (吴功宜,吴英) (Z-Library)(OCR)_chunk_402",0,tfidf
A011,"计算机网络 (吴功宜,吴英) (Z-Library)(OCR)_chunk_49",1,bm25/tfidf
A011,"计算机网络 (吴功宜,吴英) (Z-Library)(OCR)_chunk_50",2,bm25/dense/dense_bm25/tfidf
A011,"计算机网络 (吴功宜,吴英) (Z-Library)(OCR)_chunk_51",1,tfidf
A011,"计算机网络 (吴功宜,吴英) (Z-Library)(OCR)_chunk_54",2,bm25/dense_bm25/tfidf
A011,"计算机网络 (吴功宜,吴英) (Z-Library)(OCR)_chunk_55",1,bm25/tfidf
A011,计算机网络（原书第7版） 自顶向下方法 (James F. Kurose Keith W. Ross) (Z-Library)_chunk_188,0,dense/dense_bm25
A011,计算机网络（原书第7版） 自顶向下方法 (James F. Kurose Keith W. Ross) (Z-Library)_chunk_192,0,dense/dense_bm25
A011,计算机网络（原书第7版） 自顶向下方法 (James F. Kurose Keith W. Ross) (Z-Library)_chunk_193,0,dense
A011,计算机网络（原书第7版） 自顶向下方法 (James F. Kurose Keith W. Ross) (Z-Library)_chunk_228,0,dense/dense_bm25
A011,计算机网络（原书第7版） 自顶向下方法 (James F. Kurose Keith W. Ross) (Z-Library)_chunk_45,1,dense_bm25
A011,计算机网络（原书第7版） 自顶向下方法 (James F. Kurose Keith W. Ross) (Z-Library)_chunk_59,1,dense
A011,计算机网络（第8版） (谢希仁) (Z-Library)(OCR)_chunk_36,1,tfidf
A011,计算机网络（第8版） (谢希仁) (Z-Library)(OCR)_chunk_37,1,tfidf
A011,计算机网络（第8版） (谢希仁) (Z-Library)(OCR)_chunk_39,3,dense/dense_bm25
A012,Operating Systems Three Easy Pieces (Remzi H. Arpaci-Dusseau etc.) (Z-Library)_chunk_104,2,dense
A012,Operating Systems Three Easy Pieces (Remzi H. Arpaci-Dusseau etc.) (Z-Library)_chunk_113,0,dense/dense_bm25
A012,Python数据结构与算法分析 第3版 (米勒 拉努姆 罗曼) (Z-Library)_chunk_115,0,dense/dense_bm25
A012,Python数据结构与算法分析 第3版 (米勒 拉努姆 罗曼) (Z-Library)_chunk_117,0,dense
A012,Python数据结构与算法分析 第3版 (米勒 拉努姆 罗曼) (Z-Library)_chunk_121,0,dense
A012,"[计算机科学丛书]数据结构与算法 Python语言实现 (Michael T. Goodrich, Roberto Tamassia etc.) (Z-Library)_chunk_161",0,dense
A012,"[计算机科学丛书]数据结构与算法 Python语言实现 (Michael T. Goodrich, Roberto Tamassia etc.) (Z-Library)_chunk_181",0,dense
A012,"[计算机科学丛书]数据结构与算法 Python语言实现 (Michael T. Goodrich, Roberto Tamassia etc.) (Z-Library)_chunk_183",0,dense
A012,"[计算机科学丛书]数据结构与算法 Python语言实现 (Michael T. Goodrich, Roberto Tamassia etc.) (Z-Library)_chunk_498",0,dense
A012,操作系统导论-OSTEP (王海鹏 译) (Z-Library)_chunk_273,1,bm25
A012,操作系统导论-OSTEP (王海鹏 译) (Z-Library)_chunk_31,2,bm25/dense_bm25/tfidf
A012,操作系统导论-OSTEP (王海鹏 译) (Z-Library)_chunk_542,1,dense_bm25
A012,操作系统导论-OSTEP (王海鹏 译) (Z-Library)_chunk_565,1,tfidf
A012,操作系统导论-OSTEP (王海鹏 译) (Z-Library)_chunk_68,0,dense
A012,操作系统导论-OSTEP (王海鹏 译) (Z-Library)_chunk_74,0,dense
A012,数据结构 (邓俊辉) (Z-Library)_chunk_141,0,dense
A012,"现代操作系统 (Andrew S. Tanenbaum, Herbert Bos) (Z-Library)_chunk_107",1,dense
A012,"现代操作系统 (Andrew S. Tanenbaum, Herbert Bos) (Z-Library)_chunk_108",2,bm25/dense_bm25/tfidf
A012,"现代操作系统 (Andrew S. Tanenbaum, Herbert Bos) (Z-Library)_chunk_109",2,bm25/dense/dense_bm25/tfidf
A012,"现代操作系统 (Andrew S. Tanenbaum, Herbert Bos) (Z-Library)_chunk_110",1,bm25/dense_bm25/tfidf
A012,"现代操作系统 (Andrew S. Tanenbaum, Herbert Bos) (Z-Library)_chunk_115",1,dense
A012,"现代操作系统 (Andrew S. Tanenbaum, Herbert Bos) (Z-Library)_chunk_117",1,dense_bm25
A012,"现代操作系统 (Andrew S. Tanenbaum, Herbert Bos) (Z-Library)_chunk_127",1,bm25/dense/dense_bm25
A012,"现代操作系统 (Andrew S. Tanenbaum, Herbert Bos) (Z-Library)_chunk_135",1,dense
A012,"现代操作系统 (Andrew S. Tanenbaum, Herbert Bos) (Z-Library)_chunk_140",2,bm25/dense_bm25
A012,"现代操作系统 (Andrew S. Tanenbaum, Herbert Bos) (Z-Library)_chunk_146",1,dense_bm25
A012,"现代操作系统 (Andrew S. Tanenbaum, Herbert Bos) (Z-Library)_chunk_148",1,dense_bm25
A012,"现代操作系统 (Andrew S. Tanenbaum, Herbert Bos) (Z-Library)_chunk_159",1,bm25/tfidf
A012,"现代操作系统 (Andrew S. Tanenbaum, Herbert Bos) (Z-Library)_chunk_160",1,dense_bm25
A012,"现代操作系统 (Andrew S. Tanenbaum, Herbert Bos) (Z-Library)_chunk_165",1,dense
A012,"现代操作系统 (Andrew S. Tanenbaum, Herbert Bos) (Z-Library)_chunk_178",1,bm25/dense/dense_bm25/tfidf
A012,"现代操作系统 (Andrew S. Tanenbaum, Herbert Bos) (Z-Library)_chunk_179",1,bm25
A012,"现代操作系统 (Andrew S. Tanenbaum, Herbert Bos) (Z-Library)_chunk_184",1,dense
A012,"现代操作系统 (Andrew S. Tanenbaum, Herbert Bos) (Z-Library)_chunk_362",2,bm25/dense_bm25
A012,"现代操作系统 (Andrew S. Tanenbaum, Herbert Bos) (Z-Library)_chunk_445",0,dense
A012,"现代操作系统 (Andrew S. Tanenbaum, Herbert Bos) (Z-Library)_chunk_446",0,dense/dense_bm25
A012,"现代操作系统 (Andrew S. Tanenbaum, Herbert Bos) (Z-Library)_chunk_448",0,dense
A012,"现代操作系统 (Andrew S. Tanenbaum, Herbert Bos) (Z-Library)_chunk_479",0,tfidf
A012,"现代操作系统 (Andrew S. Tanenbaum, Herbert Bos) (Z-Library)_chunk_481",0,tfidf
A012,"现代操作系统 (Andrew S. Tanenbaum, Herbert Bos) (Z-Library)_chunk_529",1,dense/dense_bm25
A012,"现代操作系统 (Andrew S. Tanenbaum, Herbert Bos) (Z-Library)_chunk_544",2,dense_bm25
A012,"现代操作系统 (Andrew S. Tanenbaum, Herbert Bos) (Z-Library)_chunk_702",1,bm25/dense_bm25
A012,"现代操作系统 (Andrew S. Tanenbaum, Herbert Bos) (Z-Library)_chunk_709",2,dense/dense_bm25
A012,"现代操作系统 (Andrew S. Tanenbaum, Herbert Bos) (Z-Library)_chunk_79",1,dense_bm25
A012,"现代操作系统 (Andrew S. Tanenbaum, Herbert Bos) (Z-Library)_chunk_8",1,tfidf
A012,"现代操作系统 (Andrew S. Tanenbaum, Herbert Bos) (Z-Library)_chunk_820",1,tfidf
A012,"现代操作系统 (Andrew S. Tanenbaum, Herbert Bos) (Z-Library)_chunk_827",1,bm25/tfidf
A012,"现代操作系统 (Andrew S. Tanenbaum, Herbert Bos) (Z-Library)_chunk_835",1,dense_bm25/tfidf
A012,"现代操作系统 (Andrew S. Tanenbaum, Herbert Bos) (Z-Library)_chunk_847",1,dense/dense_bm25
A012,"现代操作系统 (Andrew S. Tanenbaum, Herbert Bos) (Z-Library)_chunk_848",1,tfidf
A012,"现代操作系统 (Andrew S. Tanenbaum, Herbert Bos) (Z-Library)_chunk_851",1,bm25/dense_bm25
A012,"现代操作系统 (Andrew S. Tanenbaum, Herbert Bos) (Z-Library)_chunk_852",1,bm25/dense_bm25/tfidf
A012,"现代操作系统 (Andrew S. Tanenbaum, Herbert Bos) (Z-Library)_chunk_853",1,bm25/dense_bm25/tfidf
A012,"现代操作系统 (Andrew S. Tanenbaum, Herbert Bos) (Z-Library)_chunk_854",1,bm25/tfidf
A012,"现代操作系统 (Andrew S. Tanenbaum, Herbert Bos) (Z-Library)_chunk_859",1,dense_bm25
A012,"现代操作系统 (Andrew S. Tanenbaum, Herbert Bos) (Z-Library)_chunk_861",1,tfidf
A012,"现代操作系统 (Andrew S. Tanenbaum, Herbert Bos) (Z-Library)_chunk_862",1,bm25/tfidf
A012,"现代操作系统 (Andrew S. Tanenbaum, Herbert Bos) (Z-Library)_chunk_863",2,bm25/dense/dense_bm25
A012,"现代操作系统 (Andrew S. Tanenbaum, Herbert Bos) (Z-Library)_chunk_868",0,bm25/tfidf
A012,"计算机网络 (吴功宜,吴英) (Z-Library)(OCR)_chunk_274",0,dense/dense_bm25
A012,计算机网络（原书第7版） 自顶向下方法 (James F. Kurose Keith W. Ross) (Z-Library)_chunk_226,0,dense
A012,计算机网络（原书第7版） 自顶向下方法 (James F. Kurose Keith W. Ross) (Z-Library)_chunk_484,0,dense/dense_bm25
A013,2024年王道计算机网络复习指导 (王道计算机) (Z-Library)_chunk_134,0,dense
A013,Operating Systems Three Easy Pieces (Remzi H. Arpaci-Dusseau etc.) (Z-Library)_chunk_1076,0,dense
A013,Python数据结构与算法分析 第3版 (米勒 拉努姆 罗曼) (Z-Library)_chunk_117,0,dense/dense_bm25
A013,Python数据结构与算法分析 第3版 (米勒 拉努姆 罗曼) (Z-Library)_chunk_126,0,dense
A013,Python数据结构与算法分析 第3版 (米勒 拉努姆 罗曼) (Z-Library)_chunk_189,1,dense/dense_bm25
A013,Python数据结构与算法分析 第3版 (米勒 拉努姆 罗曼) (Z-Library)_chunk_209,0,tfidf
A013,Python数据结构与算法分析 第3版 (米勒 拉努姆 罗曼) (Z-Library)_chunk_47,0,tfidf
A013,Python数据结构与算法分析 第3版 (米勒 拉努姆 罗曼) (Z-Library)_chunk_99,0,dense/dense_bm25
A013,"[计算机科学丛书]数据结构与算法 Python语言实现 (Michael T. Goodrich, Roberto Tamassia etc.) (Z-Library)_chunk_181",0,dense_bm25/tfidf
A013,"[计算机科学丛书]数据结构与算法 Python语言实现 (Michael T. Goodrich, Roberto Tamassia etc.) (Z-Library)_chunk_201",0,dense_bm25
A013,"[计算机科学丛书]数据结构与算法 Python语言实现 (Michael T. Goodrich, Roberto Tamassia etc.) (Z-Library)_chunk_27",0,tfidf
A013,"[计算机科学丛书]数据结构与算法 Python语言实现 (Michael T. Goodrich, Roberto Tamassia etc.) (Z-Library)_chunk_362",1,dense/dense_bm25
A013,"[计算机科学丛书]数据结构与算法 Python语言实现 (Michael T. Goodrich, Roberto Tamassia etc.) (Z-Library)_chunk_367",1,dense
A013,"[计算机科学丛书]数据结构与算法 Python语言实现 (Michael T. Goodrich, Roberto Tamassia etc.) (Z-Library)_chunk_369",1,dense/dense_bm25/tfidf
A013,"[计算机科学丛书]数据结构与算法 Python语言实现 (Michael T. Goodrich, Roberto Tamassia etc.) (Z-Library)_chunk_370",1,bm25/dense/dense_bm25/tfidf
A013,"[计算机科学丛书]数据结构与算法 Python语言实现 (Michael T. Goodrich, Roberto Tamassia etc.) (Z-Library)_chunk_372",1,bm25
A013,"[计算机科学丛书]数据结构与算法 Python语言实现 (Michael T. Goodrich, Roberto Tamassia etc.) (Z-Library)_chunk_519",0,dense/dense_bm25
A013,"[计算机科学丛书]数据结构与算法 Python语言实现 (Michael T. Goodrich, Roberto Tamassia etc.) (Z-Library)_chunk_736",1,dense
A013,操作系统导论-OSTEP (王海鹏 译) (Z-Library)_chunk_563,0,bm25
A013,操作系统导论-OSTEP (王海鹏 译) (Z-Library)_chunk_64,0,dense/dense_bm25
A013,数据结构 (邓俊辉) (Z-Library)_chunk_125,0,dense/dense_bm25/tfidf
A013,数据结构 (邓俊辉) (Z-Library)_chunk_137,0,dense/dense_bm25
A013,数据结构 (邓俊辉) (Z-Library)_chunk_279,0,bm25/dense_bm25
A013,数据结构 (邓俊辉) (Z-Library)_chunk_313,0,bm25/dense_bm25
A013,数据结构 (邓俊辉) (Z-Library)_chunk_322,0,bm25
A013,数据结构 (邓俊辉) (Z-Library)_chunk_328,0,bm25
A013,数据结构 (邓俊辉) (Z-Library)_chunk_333,0,bm25/dense_bm25/tfidf
A013,数据结构 (邓俊辉) (Z-Library)_chunk_35,0,dense
A013,数据结构 (邓俊辉) (Z-Library)_chunk_378,0,bm25
A013,数据结构 (邓俊辉) (Z-Library)_chunk_400,2,dense
A013,数据结构 (邓俊辉) (Z-Library)_chunk_401,1,dense_bm25
A013,数据结构 (邓俊辉) (Z-Library)_chunk_408,1,dense
A013,数据结构 (邓俊辉) (Z-Library)_chunk_411,1,bm25
A013,数据结构 (邓俊辉) (Z-Library)_chunk_413,0,dense/dense_bm25
A013,数据结构 (邓俊辉) (Z-Library)_chunk_424,0,bm25/dense_bm25
A013,数据结构 (邓俊辉) (Z-Library)_chunk_70,0,dense
A013,数据结构（C语言版 第2版） (严蔚敏) (Z-Library)_chunk_215,0,dense
A013,数据结构（C语言版 第2版） (严蔚敏) (Z-Library)_chunk_249,0,dense_bm25/tfidf
A013,数据结构（C语言版 第2版） (严蔚敏) (Z-Library)_chunk_254,0,tfidf
A013,数据结构（C语言版 第2版） (严蔚敏) (Z-Library)_chunk_257,0,dense
A013,数据结构（C语言版 第2版） (严蔚敏) (Z-Library)_chunk_267,0,dense/dense_bm25
A013,数据结构（C语言版 第2版） (严蔚敏) (Z-Library)_chunk_278,0,bm25/tfidf
A013,数据结构（C语言版 第2版） (严蔚敏) (Z-Library)_chunk_333,2,bm25/dense_bm25
A013,数据结构（C语言版 第2版） (严蔚敏) (Z-Library)_chunk_334,3,bm25/dense/dense_bm25/tfidf
A013,数据结构（C语言版 第2版） (严蔚敏) (Z-Library)_chunk_335,2,bm25/dense_bm25/tfidf
A013,数据结构（C语言版 第2版） (严蔚敏) (Z-Library)_chunk_336,1,bm25/dense/dense_bm25/tfidf
A013,数据结构（C语言版 第2版） (严蔚敏) (Z-Library)_chunk_337,1,bm25/dense_bm25/tfidf
A013,数据结构（C语言版 第2版） (严蔚敏) (Z-Library)_chunk_358,0,dense/dense_bm25
A013,数据结构（C语言版 第2版） (严蔚敏) (Z-Library)_chunk_80,0,dense
A013,数据结构（C语言版 第2版） (严蔚敏) (Z-Library)_chunk_90,0,dense
A013,"现代操作系统 (Andrew S. Tanenbaum, Herbert Bos) (Z-Library)_chunk_134",0,bm25/dense_bm25
A013,"现代操作系统 (Andrew S. Tanenbaum, Herbert Bos) (Z-Library)_chunk_170",0,bm25/tfidf
A013,"现代操作系统 (Andrew S. Tanenbaum, Herbert Bos) (Z-Library)_chunk_264",0,tfidf
A013,"现代操作系统 (Andrew S. Tanenbaum, Herbert Bos) (Z-Library)_chunk_445",0,dense_bm25/tfidf
A013,"现代操作系统 (Andrew S. Tanenbaum, Herbert Bos) (Z-Library)_chunk_448",0,dense
A013,"现代操作系统 (Andrew S. Tanenbaum, Herbert Bos) (Z-Library)_chunk_529",0,dense/dense_bm25
A013,"现代操作系统 (Andrew S. Tanenbaum, Herbert Bos) (Z-Library)_chunk_554",0,tfidf
A013,"现代操作系统 (Andrew S. Tanenbaum, Herbert Bos) (Z-Library)_chunk_909",0,bm25/dense_bm25/tfidf
A014,Operating Systems Three Easy Pieces (Remzi H. Arpaci-Dusseau etc.) (Z-Library)_chunk_1137,1,dense
A014,"[计算机科学丛书]数据结构与算法 Python语言实现 (Michael T. Goodrich, Roberto Tamassia etc.) (Z-Library)_chunk_164",1,bm25/dense/dense_bm25
A014,"[计算机科学丛书]数据结构与算法 Python语言实现 (Michael T. Goodrich, Roberto Tamassia etc.) (Z-Library)_chunk_166",1,dense
A014,"[计算机科学丛书]数据结构与算法 Python语言实现 (Michael T. Goodrich, Roberto Tamassia etc.) (Z-Library)_chunk_181",0,bm25/dense_bm25
A014,"[计算机科学丛书]数据结构与算法 Python语言实现 (Michael T. Goodrich, Roberto Tamassia etc.) (Z-Library)_chunk_40",2,tfidf
A014,操作系统导论-OSTEP (王海鹏 译) (Z-Library)_chunk_357,1,dense
A014,操作系统导论-OSTEP (王海鹏 译) (Z-Library)_chunk_397,1,tfidf
A014,操作系统导论-OSTEP (王海鹏 译) (Z-Library)_chunk_412,1,dense
A014,操作系统导论-OSTEP (王海鹏 译) (Z-Library)_chunk_413,1,dense
A014,操作系统导论-OSTEP (王海鹏 译) (Z-Library)_chunk_416,1,dense
A014,操作系统导论-OSTEP (王海鹏 译) (Z-Library)_chunk_423,2,dense
A014,操作系统导论-OSTEP (王海鹏 译) (Z-Library)_chunk_426,1,dense_bm25
A014,操作系统导论-OSTEP (王海鹏 译) (Z-Library)_chunk_428,1,dense
A014,操作系统导论-OSTEP (王海鹏 译) (Z-Library)_chunk_436,1,bm25/dense_bm25/tfidf
A014,操作系统导论-OSTEP (王海鹏 译) (Z-Library)_chunk_464,2,dense
A014,操作系统导论-OSTEP (王海鹏 译) (Z-Library)_chunk_573,2,dense
A014,数据结构 (邓俊辉) (Z-Library)_chunk_31,1,dense/dense_bm25
A014,"现代操作系统 (Andrew S. Tanenbaum, Herbert Bos) (Z-Library)_chunk_145",0,bm25
A014,"现代操作系统 (Andrew S. Tanenbaum, Herbert Bos) (Z-Library)_chunk_189",0,bm25
A014,"现代操作系统 (Andrew S. Tanenbaum, Herbert Bos) (Z-Library)_chunk_268",1,bm25/tfidf
A014,"现代操作系统 (Andrew S. Tanenbaum, Herbert Bos) (Z-Library)_chunk_269",1,bm25/dense_bm25
A014,"现代操作系统 (Andrew S. Tanenbaum, Herbert Bos) (Z-Library)_chunk_271",3,bm25/dense_bm25/tfidf
A014,"现代操作系统 (Andrew S. Tanenbaum, Herbert Bos) (Z-Library)_chunk_272",1,dense/dense_bm25/tfidf
A014,"现代操作系统 (Andrew S. Tanenbaum, Herbert Bos) (Z-Library)_chunk_273",1,tfidf
A014,"现代操作系统 (Andrew S. Tanenbaum, Herbert Bos) (Z-Library)_chunk_274",3,bm25/dense/dense_bm25/tfidf
A014,"现代操作系统 (Andrew S. Tanenbaum, Herbert Bos) (Z-Library)_chunk_275",1,bm25/dense_bm25/tfidf
A014,"现代操作系统 (Andrew S. Tanenbaum, Herbert Bos) (Z-Library)_chunk_276",1,dense/dense_bm25/tfidf
A014,"现代操作系统 (Andrew S. Tanenbaum, Herbert Bos) (Z-Library)_chunk_280",1,dense
A014,"现代操作系统 (Andrew S. Tanenbaum, Herbert Bos) (Z-Library)_chunk_284",1,dense/dense_bm25
A014,"现代操作系统 (Andrew S. Tanenbaum, Herbert Bos) (Z-Library)_chunk_287",2,dense_bm25
A014,"现代操作系统 (Andrew S. Tanenbaum, Herbert Bos) (Z-Library)_chunk_290",1,dense/dense_bm25
A014,"现代操作系统 (Andrew S. Tanenbaum, Herbert Bos) (Z-Library)_chunk_292",1,tfidf
A014,"现代操作系统 (Andrew S. Tanenbaum, Herbert Bos) (Z-Library)_chunk_319",1,bm25
A014,"现代操作系统 (Andrew S. Tanenbaum, Herbert Bos) (Z-Library)_chunk_322",1,dense/dense_bm25
A014,"现代操作系统 (Andrew S. Tanenbaum, Herbert Bos) (Z-Library)_chunk_334",2,dense/dense_bm25
A014,"现代操作系统 (Andrew S. Tanenbaum, Herbert Bos) (Z-Library)_chunk_336",1,dense/tfidf
A014,"现代操作系统 (Andrew S. Tanenbaum, Herbert Bos) (Z-Library)_chunk_338",1,bm25/dense_bm25/tfidf
A014,"现代操作系统 (Andrew S. Tanenbaum, Herbert Bos) (Z-Library)_chunk_36",0,bm25
A014,"现代操作系统 (Andrew S. Tanenbaum, Herbert Bos) (Z-Library)_chunk_37",0,dense
A014,"现代操作系统 (Andrew S. Tanenbaum, Herbert Bos) (Z-Library)_chunk_43",0,tfidf
A014,"现代操作系统 (Andrew S. Tanenbaum, Herbert Bos) (Z-Library)_chunk_434",0,dense
A014,"现代操作系统 (Andrew S. Tanenbaum, Herbert Bos) (Z-Library)_chunk_48",1,dense_bm25
A014,"现代操作系统 (Andrew S. Tanenbaum, Herbert Bos) (Z-Library)_chunk_52",1,dense/dense_bm25/tfidf
A014,"现代操作系统 (Andrew S. Tanenbaum, Herbert Bos) (Z-Library)_chunk_53",1,tfidf
A014,"现代操作系统 (Andrew S. Tanenbaum, Herbert Bos) (Z-Library)_chunk_56",0,dense_bm25
A014,"现代操作系统 (Andrew S. Tanenbaum, Herbert Bos) (Z-Library)_chunk_585",0,bm25
A014,"现代操作系统 (Andrew S. Tanenbaum, Herbert Bos) (Z-Library)_chunk_587",0,dense_bm25
A014,"现代操作系统 (Andrew S. Tanenbaum, Herbert Bos) (Z-Library)_chunk_592",0,bm25
A014,"现代操作系统 (Andrew S. Tanenbaum, Herbert Bos) (Z-Library)_chunk_593",0,bm25
A014,"现代操作系统 (Andrew S. Tanenbaum, Herbert Bos) (Z-Library)_chunk_63",1,dense_bm25
A014,"现代操作系统 (Andrew S. Tanenbaum, Herbert Bos) (Z-Library)_chunk_650",0,bm25/dense_bm25
A014,"现代操作系统 (Andrew S. Tanenbaum, Herbert Bos) (Z-Library)_chunk_69",2,dense/tfidf
A014,"现代操作系统 (Andrew S. Tanenbaum, Herbert Bos) (Z-Library)_chunk_699",1,dense_bm25
A014,"现代操作系统 (Andrew S. Tanenbaum, Herbert Bos) (Z-Library)_chunk_733",1,dense_bm25
A014,"现代操作系统 (Andrew S. Tanenbaum, Herbert Bos) (Z-Library)_chunk_745",1,dense_bm25/tfidf
A014,"现代操作系统 (Andrew S. Tanenbaum, Herbert Bos) (Z-Library)_chunk_746",2,dense
A014,"现代操作系统 (Andrew S. Tanenbaum, Herbert Bos) (Z-Library)_chunk_75",0,bm25/dense_bm25
A014,"现代操作系统 (Andrew S. Tanenbaum, Herbert Bos) (Z-Library)_chunk_8",0,dense_bm25
A014,"现代操作系统 (Andrew S. Tanenbaum, Herbert Bos) (Z-Library)_chunk_806",1,dense
A014,"现代操作系统 (Andrew S. Tanenbaum, Herbert Bos) (Z-Library)_chunk_86",0,tfidf
A014,"现代操作系统 (Andrew S. Tanenbaum, Herbert Bos) (Z-Library)_chunk_91",1,dense
A014,"现代操作系统 (Andrew S. Tanenbaum, Herbert Bos) (Z-Library)_chunk_927",0,bm25
A014,"现代操作系统 (Andrew S. Tanenbaum, Herbert Bos) (Z-Library)_chunk_928",0,dense
A014,"现代操作系统 (Andrew S. Tanenbaum, Herbert Bos) (Z-Library)_chunk_93",1,tfidf
A014,"现代操作系统 (Andrew S. Tanenbaum, Herbert Bos) (Z-Library)_chunk_949",1,bm25/dense_bm25
A014,"现代操作系统 (Andrew S. Tanenbaum, Herbert Bos) (Z-Library)_chunk_99",0,dense/dense_bm25
A015,Python数据结构与算法分析 第3版 (米勒 拉努姆 罗曼) (Z-Library)_chunk_106,0,bm25/dense_bm25
A015,Python数据结构与算法分析 第3版 (米勒 拉努姆 罗曼) (Z-Library)_chunk_185,1,bm25/dense_bm25/tfidf
A015,Python数据结构与算法分析 第3版 (米勒 拉努姆 罗曼) (Z-Library)_chunk_186,1,bm25
A015,Python数据结构与算法分析 第3版 (米勒 拉努姆 罗曼) (Z-Library)_chunk_2,1,dense/dense_bm25
A015,Python数据结构与算法分析 第3版 (米勒 拉努姆 罗曼) (Z-Library)_chunk_210,1,bm25
A015,Python数据结构与算法分析 第3版 (米勒 拉努姆 罗曼) (Z-Library)_chunk_309,0,tfidf
A015,Python数据结构与算法分析 第3版 (米勒 拉努姆 罗曼) (Z-Library)_chunk_329,1,bm25/tfidf
A015,Python数据结构与算法分析 第3版 (米勒 拉努姆 罗曼) (Z-Library)_chunk_70,0,dense/dense_bm25
A015,"[计算机科学丛书]数据结构与算法 Python语言实现 (Michael T. Goodrich, Roberto Tamassia etc.) (Z-Library)_chunk_162",0,dense/dense_bm25
A015,"[计算机科学丛书]数据结构与算法 Python语言实现 (Michael T. Goodrich, Roberto Tamassia etc.) (Z-Library)_chunk_167",0,dense/dense_bm25
A015,"[计算机科学丛书]数据结构与算法 Python语言实现 (Michael T. Goodrich, Roberto Tamassia etc.) (Z-Library)_chunk_3",1,bm25
A015,"[计算机科学丛书]数据结构与算法 Python语言实现 (Michael T. Goodrich, Roberto Tamassia etc.) (Z-Library)_chunk_322",1,tfidf
A015,"[计算机科学丛书]数据结构与算法 Python语言实现 (Michael T. Goodrich, Roberto Tamassia etc.) (Z-Library)_chunk_323",1,tfidf
A015,"[计算机科学丛书]数据结构与算法 Python语言实现 (Michael T. Goodrich, Roberto Tamassia etc.) (Z-Library)_chunk_325",1,tfidf
A015,"[计算机科学丛书]数据结构与算法 Python语言实现 (Michael T. Goodrich, Roberto Tamassia etc.) (Z-Library)_chunk_333",1,tfidf
A015,"[计算机科学丛书]数据结构与算法 Python语言实现 (Michael T. Goodrich, Roberto Tamassia etc.) (Z-Library)_chunk_384",0,bm25/dense_bm25
A015,"[计算机科学丛书]数据结构与算法 Python语言实现 (Michael T. Goodrich, Roberto Tamassia etc.) (Z-Library)_chunk_431",0,dense
A015,"[计算机科学丛书]数据结构与算法 Python语言实现 (Michael T. Goodrich, Roberto Tamassia etc.) (Z-Library)_chunk_582",2,dense/dense_bm25
A015,"[计算机科学丛书]数据结构与算法 Python语言实现 (Michael T. Goodrich, Roberto Tamassia etc.) (Z-Library)_chunk_634",2,bm25
A015,数据结构 (邓俊辉) (Z-Library)_chunk_13,0,dense
A015,数据结构 (邓俊辉) (Z-Library)_chunk_159,1,dense/dense_bm25
A015,数据结构 (邓俊辉) (Z-Library)_chunk_179,1,tfidf
A015,数据结构 (邓俊辉) (Z-Library)_chunk_18,0,dense
A015,数据结构 (邓俊辉) (Z-Library)_chunk_180,1,tfidf
A015,数据结构 (邓俊辉) (Z-Library)_chunk_187,1,tfidf
A015,数据结构 (邓俊辉) (Z-Library)_chunk_225,3,tfidf
A015,数据结构 (邓俊辉) (Z-Library)_chunk_240,1,dense
A015,数据结构 (邓俊辉) (Z-Library)_chunk_35,0,dense
A015,数据结构 (邓俊辉) (Z-Library)_chunk_4,1,dense/dense_bm25
A015,数据结构 (邓俊辉) (Z-Library)_chunk_44,0,dense
A015,数据结构 (邓俊辉) (Z-Library)_chunk_453,0,dense
A015,数据结构 (邓俊辉) (Z-Library)_chunk_497,0,dense
A015,数据结构 (邓俊辉) (Z-Library)_chunk_9,0,dense
A015,数据结构 (邓俊辉) (Z-Library)_chunk_99,0,dense
A015,数据结构（C语言版 第2版） (严蔚敏) (Z-Library)_chunk_1,1,tfidf
A015,数据结构（C语言版 第2版） (严蔚敏) (Z-Library)_chunk_143,0,bm25/dense/dense_bm25
A015,数据结构（C语言版 第2版） (严蔚敏) (Z-Library)_chunk_147,0,dense
A015,数据结构（C语言版 第2版） (严蔚敏) (Z-Library)_chunk_163,1,bm25/tfidf
A015,数据结构（C语言版 第2版） (严蔚敏) (Z-Library)_chunk_164,1,bm25/dense_bm25/tfidf
A015,数据结构（C语言版 第2版） (严蔚敏) (Z-Library)_chunk_165,1,bm25/dense/dense_bm25
A015,数据结构（C语言版 第2版） (严蔚敏) (Z-Library)_chunk_166,1,bm25/dense_bm25/tfidf
A015,数据结构（C语言版 第2版） (严蔚敏) (Z-Library)_chunk_169,1,dense/dense_bm25
A015,数据结构（C语言版 第2版） (严蔚敏) (Z-Library)_chunk_174,1,bm25
A015,数据结构（C语言版 第2版） (严蔚敏) (Z-Library)_chunk_175,1,bm25/dense_bm25
A015,数据结构（C语言版 第2版） (严蔚敏) (Z-Library)_chunk_181,1,tfidf
A015,数据结构（C语言版 第2版） (严蔚敏) (Z-Library)_chunk_182,1,tfidf
A015,数据结构（C语言版 第2版） (严蔚敏) (Z-Library)_chunk_195,1,bm25/dense_bm25
A015,数据结构（C语言版 第2版） (严蔚敏) (Z-Library)_chunk_199,1,bm25/dense/dense_bm25
A015,数据结构（C语言版 第2版） (严蔚敏) (Z-Library)_chunk_21,1,dense_bm25
A015,数据结构（C语言版 第2版） (严蔚敏) (Z-Library)_chunk_219,2,dense_bm25
A015,数据结构（C语言版 第2版） (严蔚敏) (Z-Library)_chunk_223,2,dense/dense_bm25
A015,数据结构（C语言版 第2版） (严蔚敏) (Z-Library)_chunk_226,2,bm25/dense_bm25/tfidf
A015,数据结构（C语言版 第2版） (严蔚敏) (Z-Library)_chunk_241,1,dense/dense_bm25
A015,数据结构（C语言版 第2版） (严蔚敏) (Z-Library)_chunk_253,3,bm25/dense_bm25/tfidf
A015,数据结构（C语言版 第2版） (严蔚敏) (Z-Library)_chunk_257,1,dense/dense_bm25
A015,数据结构（C语言版 第2版） (严蔚敏) (Z-Library)_chunk_267,0,dense/dense_bm25
A015,数据结构（C语言版 第2版） (严蔚敏) (Z-Library)_chunk_304,0,dense_bm25
A015,数据结构（C语言版 第2版） (严蔚敏) (Z-Library)_chunk_336,0,dense
A015,数据结构（C语言版 第2版） (严蔚敏) (Z-Library)_chunk_358,0,dense/dense_bm25
A015,数据结构（C语言版 第2版） (严蔚敏) (Z-Library)_chunk_372,0,dense
A015,数据结构（C语言版 第2版） (严蔚敏) (Z-Library)_chunk_61,0,dense/dense_bm25
A015,数据结构（C语言版 第2版） (严蔚敏) (Z-Library)_chunk_83,0,bm25/dense_bm25
A015,计算机网络（第8版） (谢希仁) (Z-Library)(OCR)_chunk_50,0,tfidf
A016,2024年王道计算机网络复习指导 (王道计算机) (Z-Library)_chunk_170,0,dense
A016,2024年王道计算机网络复习指导 (王道计算机) (Z-Library)_chunk_171,0,dense
A016,2024年王道计算机网络复习指导 (王道计算机) (Z-Library)_chunk_272,1,dense/tfidf
A016,2024年王道计算机网络复习指导 (王道计算机) (Z-Library)_chunk_273,0,dense
A016,2024年王道计算机网络复习指导 (王道计算机) (Z-Library)_chunk_425,1,dense
A016,2024年王道计算机网络复习指导 (王道计算机) (Z-Library)_chunk_427,1,dense/dense_bm25
A016,2024年王道计算机网络复习指导 (王道计算机) (Z-Library)_chunk_440,1,dense_bm25/tfidf
A016,2024年王道计算机网络复习指导 (王道计算机) (Z-Library)_chunk_449,1,dense/dense_bm25
A016,2024年王道计算机网络复习指导 (王道计算机) (Z-Library)_chunk_450,3,bm25/dense/dense_bm25/tfidf
A016,2024年王道计算机网络复习指导 (王道计算机) (Z-Library)_chunk_452,2,dense_bm25
A016,"现代操作系统 (Andrew S. Tanenbaum, Herbert Bos) (Z-Library)_chunk_908",0,tfidf
A016,"计算机网络 (吴功宜,吴英) (Z-Library)(OCR)_chunk_141",0,dense
A016,"计算机网络 (吴功宜,吴英) (Z-Library)(OCR)_chunk_269",0,dense_bm25
A016,"计算机网络 (吴功宜,吴英) (Z-Library)(OCR)_chunk_307",0,bm25
A016,"计算机网络 (吴功宜,吴英) (Z-Library)(OCR)_chunk_322",1,dense_bm25
A016,"计算机网络 (吴功宜,吴英) (Z-Library)(OCR)_chunk_323",1,dense
A016,"计算机网络 (吴功宜,吴英) (Z-Library)(OCR)_chunk_329",1,dense/dense_bm25
A016,"计算机网络 (吴功宜,吴英) (Z-Library)(OCR)_chunk_336",1,dense
A016,"计算机网络 (吴功宜,吴英) (Z-Library)(OCR)_chunk_343",1,dense
A016,"计算机网络 (吴功宜,吴英) (Z-Library)(OCR)_chunk_347",3,tfidf
A016,"计算机网络 (吴功宜,吴英) (Z-Library)(OCR)_chunk_348",2,bm25/tfidf
A016,"计算机网络 (吴功宜,吴英) (Z-Library)(OCR)_chunk_350",2,bm25
A016,"计算机网络 (吴功宜,吴英) (Z-Library)(OCR)_chunk_55",1,bm25/dense_bm25
A016,计算机网络（原书第7版） 自顶向下方法 (James F. Kurose Keith W. Ross) (Z-Library)_chunk_108,1,dense/dense_bm25
A016,计算机网络（原书第7版） 自顶向下方法 (James F. Kurose Keith W. Ross) (Z-Library)_chunk_114,1,bm25/dense/dense_bm25
A016,计算机网络（原书第7版） 自顶向下方法 (James F. Kurose Keith W. Ross) (Z-Library)_chunk_115,1,dense/dense_bm25/tfidf
A016,计算机网络（原书第7版） 自顶向下方法 (James F. Kurose Keith W. Ross) (Z-Library)_chunk_137,1,dense
A016,计算机网络（原书第7版） 自顶向下方法 (James F. Kurose Keith W. Ross) (Z-Library)_chunk_138,1,dense
A016,计算机网络（原书第7版） 自顶向下方法 (James F. Kurose Keith W. Ross) (Z-Library)_chunk_155,1,dense/dense_bm25/tfidf
A016,计算机网络（原书第7版） 自顶向下方法 (James F. Kurose Keith W. Ross) (Z-Library)_chunk_160,1,bm25/dense/dense_bm25/tfidf
A016,计算机网络（原书第7版） 自顶向下方法 (James F. Kurose Keith W. Ross) (Z-Library)_chunk_161,1,dense/dense_bm25
A016,计算机网络（原书第7版） 自顶向下方法 (James F. Kurose Keith W. Ross) (Z-Library)_chunk_162,1,bm25/tfidf
A016,计算机网络（原书第7版） 自顶向下方法 (James F. Kurose Keith W. Ross) (Z-Library)_chunk_165,3,bm25/dense_bm25/tfidf
A016,计算机网络（原书第7版） 自顶向下方法 (James F. Kurose Keith W. Ross) (Z-Library)_chunk_166,1,bm25/dense_bm25/tfidf
A016,计算机网络（原书第7版） 自顶向下方法 (James F. Kurose Keith W. Ross) (Z-Library)_chunk_167,1,bm25/dense_bm25/tfidf
A016,计算机网络（原书第7版） 自顶向下方法 (James F. Kurose Keith W. Ross) (Z-Library)_chunk_169,1,bm25/dense/dense_bm25/tfidf
A016,计算机网络（原书第7版） 自顶向下方法 (James F. Kurose Keith W. Ross) (Z-Library)_chunk_170,1,bm25
A016,计算机网络（原书第7版） 自顶向下方法 (James F. Kurose Keith W. Ross) (Z-Library)_chunk_171,1,bm25/dense_bm25/tfidf
A016,计算机网络（原书第7版） 自顶向下方法 (James F. Kurose Keith W. Ross) (Z-Library)_chunk_185,0,dense_bm25
A016,计算机网络（原书第7版） 自顶向下方法 (James F. Kurose Keith W. Ross) (Z-Library)_chunk_396,1,bm25/tfidf
A016,计算机网络（原书第7版） 自顶向下方法 (James F. Kurose Keith W. Ross) (Z-Library)_chunk_397,0,dense
A016,计算机网络（原书第7版） 自顶向下方法 (James F. Kurose Keith W. Ross) (Z-Library)_chunk_591,1,dense_bm25
A016,计算机网络（第8版） (谢希仁) (Z-Library)(OCR)_chunk_199,0,bm25
A016,计算机网络（第8版） (谢希仁) (Z-Library)(OCR)_chunk_234,0,dense
A016,计算机网络（第8版） (谢希仁) (Z-Library)(OCR)_chunk_264,1,dense_bm25/tfidf
A016,计算机网络（第8版） (谢希仁) (Z-Library)(OCR)_chunk_273,1,dense
A016,计算机网络（第8版） (谢希仁) (Z-Library)(OCR)_chunk_299,1,bm25/dense/dense_bm25
A016,计算机网络（第8版） (谢希仁) (Z-Library)(OCR)_chunk_302,3,dense/dense_bm25/tfidf
A016,计算机网络（第8版） (谢希仁) (Z-Library)(OCR)_chunk_303,2,tfidf
A016,计算机网络（第8版） (谢希仁) (Z-Library)(OCR)_chunk_307,1,dense_bm25
A016,计算机网络（第8版） (谢希仁) (Z-Library)(OCR)_chunk_309,1,dense
A016,计算机网络（第8版） (谢希仁) (Z-Library)(OCR)_chunk_314,1,dense_bm25
A016,计算机网络（第8版） (谢希仁) (Z-Library)(OCR)_chunk_315,2,bm25
A016,计算机网络（第8版） (谢希仁) (Z-Library)(OCR)_chunk_318,1,bm25/dense_bm25
A016,计算机网络（第8版） (谢希仁) (Z-Library)(OCR)_chunk_45,1,dense_bm25
A016,计算机网络（第8版） (谢希仁) (Z-Library)(OCR)_chunk_488,1,bm25/tfidf
A016,计算机网络（第8版） (谢希仁) (Z-Library)(OCR)_chunk_489,0,dense
A016,计算机网络（第8版） (谢希仁) (Z-Library)(OCR)_chunk_547,1,dense/dense_bm25
A017,2024年王道计算机网络复习指导 (王道计算机) (Z-Library)_chunk_262,0,dense
A017,Operating Systems Three Easy Pieces (Remzi H. Arpaci-Dusseau etc.) (Z-Library)_chunk_1317,0,dense
A017,Python数据结构与算法分析 第3版 (米勒 拉努姆 罗曼) (Z-Library)_chunk_4,0,dense
A017,"[计算机科学丛书]数据结构与算法 Python语言实现 (Michael T. Goodrich, Roberto Tamassia etc.) (Z-Library)_chunk_40",1,tfidf
A017,操作系统导论-OSTEP (王海鹏 译) (Z-Library)_chunk_395,1,dense/dense_bm25
A017,操作系统导论-OSTEP (王海鹏 译) (Z-Library)_chunk_397,1,tfidf
A017,操作系统导论-OSTEP (王海鹏 译) (Z-Library)_chunk_415,1,dense/dense_bm25
A017,操作系统导论-OSTEP (王海鹏 译) (Z-Library)_chunk_428,1,dense
A017,操作系统导论-OSTEP (王海鹏 译) (Z-Library)_chunk_539,0,dense/dense_bm25
A017,操作系统导论-OSTEP (王海鹏 译) (Z-Library)_chunk_575,0,dense
A017,数据结构 (邓俊辉) (Z-Library)_chunk_394,0,dense
A017,数据结构 (邓俊辉) (Z-Library)_chunk_525,0,dense
A017,数据结构（C语言版 第2版） (严蔚敏) (Z-Library)_chunk_301,0,dense/dense_bm25
A017,"现代操作系统 (Andrew S. Tanenbaum, Herbert Bos) (Z-Library)_chunk_1094",1,dense/tfidf
A017,"现代操作系统 (Andrew S. Tanenbaum, Herbert Bos) (Z-Library)_chunk_1120",2,bm25
A017,"现代操作系统 (Andrew S. Tanenbaum, Herbert Bos) (Z-Library)_chunk_265",0,dense/dense_bm25
A017,"现代操作系统 (Andrew S. Tanenbaum, Herbert Bos) (Z-Library)_chunk_268",1,tfidf
A017,"现代操作系统 (Andrew S. Tanenbaum, Herbert Bos) (Z-Library)_chunk_269",1,dense/dense_bm25
A017,"现代操作系统 (Andrew S. Tanenbaum, Herbert Bos) (Z-Library)_chunk_271",1,dense/dense_bm25/tfidf
A017,"现代操作系统 (Andrew S. Tanenbaum, Herbert Bos) (Z-Library)_chunk_272",3,dense/dense_bm25/tfidf
A017,"现代操作系统 (Andrew S. Tanenbaum, Herbert Bos) (Z-Library)_chunk_273",1,dense/dense_bm25
A017,"现代操作系统 (Andrew S. Tanenbaum, Herbert Bos) (Z-Library)_chunk_274",1,tfidf
A017,"现代操作系统 (Andrew S. Tanenbaum, Herbert Bos) (Z-Library)_chunk_275",3,dense/dense_bm25/tfidf
A017,"现代操作系统 (Andrew S. Tanenbaum, Herbert Bos) (Z-Library)_chunk_276",1,tfidf
A017,"现代操作系统 (Andrew S. Tanenbaum, Herbert Bos) (Z-Library)_chunk_283",1,bm25
A017,"现代操作系统 (Andrew S. Tanenbaum, Herbert Bos) (Z-Library)_chunk_284",1,dense_bm25
A017,"现代操作系统 (Andrew S. Tanenbaum, Herbert Bos) (Z-Library)_chunk_285",1,tfidf
A017,"现代操作系统 (Andrew S. Tanenbaum, Herbert Bos) (Z-Library)_chunk_288",1,bm25/dense_bm25
A017,"现代操作系统 (Andrew S. Tanenbaum, Herbert Bos) (Z-Library)_chunk_292",1,dense_bm25/tfidf
A017,"现代操作系统 (Andrew S. Tanenbaum, Herbert Bos) (Z-Library)_chunk_315",1,bm25
A017,"现代操作系统 (Andrew S. Tanenbaum, Herbert Bos) (Z-Library)_chunk_329",0,dense/dense_bm25
A017,"现代操作系统 (Andrew S. Tanenbaum, Herbert Bos) (Z-Library)_chunk_330",0,bm25/dense_bm25
A017,"现代操作系统 (Andrew S. Tanenbaum, Herbert Bos) (Z-Library)_chunk_335",1,bm25/dense/dense_bm25/tfidf
A017,"现代操作系统 (Andrew S. Tanenbaum, Herbert Bos) (Z-Library)_chunk_336",1,tfidf
A017,"现代操作系统 (Andrew S. Tanenbaum, Herbert Bos) (Z-Library)_chunk_339",1,bm25/dense_bm25
A017,"现代操作系统 (Andrew S. Tanenbaum, Herbert Bos) (Z-Library)_chunk_343",0,bm25/dense/dense_bm25/tfidf
A017,"现代操作系统 (Andrew S. Tanenbaum, Herbert Bos) (Z-Library)_chunk_53",3,bm25/tfidf
A017,"现代操作系统 (Andrew S. Tanenbaum, Herbert Bos) (Z-Library)_chunk_587",1,bm25/dense_bm25
A017,"现代操作系统 (Andrew S. Tanenbaum, Herbert Bos) (Z-Library)_chunk_675",0,dense
A017,"现代操作系统 (Andrew S. Tanenbaum, Herbert Bos) (Z-Library)_chunk_69",1,tfidf
A017,"现代操作系统 (Andrew S. Tanenbaum, Herbert Bos) (Z-Library)_chunk_699",1,bm25/dense_bm25
A017,"现代操作系统 (Andrew S. Tanenbaum, Herbert Bos) (Z-Library)_chunk_733",3,bm25/dense_bm25/tfidf
A017,"现代操作系统 (Andrew S. Tanenbaum, Herbert Bos) (Z-Library)_chunk_738",1,bm25/dense_bm25
A017,"现代操作系统 (Andrew S. Tanenbaum, Herbert Bos) (Z-Library)_chunk_745",1,tfidf
A017,"现代操作系统 (Andrew S. Tanenbaum, Herbert Bos) (Z-Library)_chunk_746",1,tfidf
A017,"现代操作系统 (Andrew S. Tanenbaum, Herbert Bos) (Z-Library)_chunk_747",1,dense/dense_bm25
A017,"现代操作系统 (Andrew S. Tanenbaum, Herbert Bos) (Z-Library)_chunk_752",1,bm25
A017,"现代操作系统 (Andrew S. Tanenbaum, Herbert Bos) (Z-Library)_chunk_753",1,dense/dense_bm25/tfidf
A017,"现代操作系统 (Andrew S. Tanenbaum, Herbert Bos) (Z-Library)_chunk_760",0,bm25/dense_bm25
A017,"现代操作系统 (Andrew S. Tanenbaum, Herbert Bos) (Z-Library)_chunk_791",0,bm25
A017,"现代操作系统 (Andrew S. Tanenbaum, Herbert Bos) (Z-Library)_chunk_843",0,bm25/dense_bm25
A017,"现代操作系统 (Andrew S. Tanenbaum, Herbert Bos) (Z-Library)_chunk_893",0,bm25/dense_bm25
A017,"现代操作系统 (Andrew S. Tanenbaum, Herbert Bos) (Z-Library)_chunk_896",0,bm25
A017,"现代操作系统 (Andrew S. Tanenbaum, Herbert Bos) (Z-Library)_chunk_898",0,bm25/dense_bm25
A017,"计算机网络 (吴功宜,吴英) (Z-Library)(OCR)_chunk_43",0,dense
A017,"计算机网络 (吴功宜,吴英) (Z-Library)(OCR)_chunk_57",0,dense/dense_bm25
A017,计算机网络（原书第7版） 自顶向下方法 (James F. Kurose Keith W. Ross) (Z-Library)_chunk_412,0,dense
A017,计算机网络（第8版） (谢希仁) (Z-Library)(OCR)_chunk_335,0,dense
A017,计算机网络（第8版） (谢希仁) (Z-Library)(OCR)_chunk_383,0,dense
A017,计算机网络（第8版） (谢希仁) (Z-Library)(OCR)_chunk_390,0,dense/dense_bm25
A018,Python数据结构与算法分析 第3版 (米勒 拉努姆 罗曼) (Z-Library)_chunk_164,0,dense/dense_bm25
A018,Python数据结构与算法分析 第3版 (米勒 拉努姆 罗曼) (Z-Library)_chunk_187,3,bm25/dense/dense_bm25/tfidf
A018,Python数据结构与算法分析 第3版 (米勒 拉努姆 罗曼) (Z-Library)_chunk_190,2,dense_bm25
A018,Python数据结构与算法分析 第3版 (米勒 拉努姆 罗曼) (Z-Library)_chunk_191,2,dense
A018,Python数据结构与算法分析 第3版 (米勒 拉努姆 罗曼) (Z-Library)_chunk_97,0,dense
A018,Python数据结构与算法分析 第3版 (米勒 拉努姆 罗曼) (Z-Library)_chunk_99,0,dense
A018,"[计算机科学丛书]数据结构与算法 Python语言实现 (Michael T. Goodrich, Roberto Tamassia etc.) (Z-Library)_chunk_236",1,tfidf
A018,"[计算机科学丛书]数据结构与算法 Python语言实现 (Michael T. Goodrich, Roberto Tamassia etc.) (Z-Library)_chunk_241",0,bm25/tfidf
A018,"[计算机科学丛书]数据结构与算法 Python语言实现 (Michael T. Goodrich, Roberto Tamassia etc.) (Z-Library)_chunk_354",1,bm25/tfidf
A018,"[计算机科学丛书]数据结构与算法 Python语言实现 (Michael T. Goodrich, Roberto Tamassia etc.) (Z-Library)_chunk_355",1,bm25/dense_bm25/tfidf
A018,"[计算机科学丛书]数据结构与算法 Python语言实现 (Michael T. Goodrich, Roberto Tamassia etc.) (Z-Library)_chunk_356",1,dense/dense_bm25
A018,"[计算机科学丛书]数据结构与算法 Python语言实现 (Michael T. Goodrich, Roberto Tamassia etc.) (Z-Library)_chunk_357",3,bm25/tfidf
A018,"[计算机科学丛书]数据结构与算法 Python语言实现 (Michael T. Goodrich, Roberto Tamassia etc.) (Z-Library)_chunk_358",3,bm25/dense/dense_bm25/tfidf
A018,"[计算机科学丛书]数据结构与算法 Python语言实现 (Michael T. Goodrich, Roberto Tamassia etc.) (Z-Library)_chunk_362",2,bm25/dense/dense_bm25
A018,"[计算机科学丛书]数据结构与算法 Python语言实现 (Michael T. Goodrich, Roberto Tamassia etc.) (Z-Library)_chunk_367",2,bm25/dense/dense_bm25
A018,"[计算机科学丛书]数据结构与算法 Python语言实现 (Michael T. Goodrich, Roberto Tamassia etc.) (Z-Library)_chunk_369",1,bm25/dense_bm25/tfidf
A018,"[计算机科学丛书]数据结构与算法 Python语言实现 (Michael T. Goodrich, Roberto Tamassia etc.) (Z-Library)_chunk_374",1,bm25/dense_bm25
A018,"[计算机科学丛书]数据结构与算法 Python语言实现 (Michael T. Goodrich, Roberto Tamassia etc.) (Z-Library)_chunk_377",1,dense_bm25
A018,"[计算机科学丛书]数据结构与算法 Python语言实现 (Michael T. Goodrich, Roberto Tamassia etc.) (Z-Library)_chunk_378",1,bm25/dense_bm25/tfidf
A018,"[计算机科学丛书]数据结构与算法 Python语言实现 (Michael T. Goodrich, Roberto Tamassia etc.) (Z-Library)_chunk_379",0,bm25/tfidf
A018,"[计算机科学丛书]数据结构与算法 Python语言实现 (Michael T. Goodrich, Roberto Tamassia etc.) (Z-Library)_chunk_380",0,dense/dense_bm25
A018,"[计算机科学丛书]数据结构与算法 Python语言实现 (Michael T. Goodrich, Roberto Tamassia etc.) (Z-Library)_chunk_384",1,dense
A018,"[计算机科学丛书]数据结构与算法 Python语言实现 (Michael T. Goodrich, Roberto Tamassia etc.) (Z-Library)_chunk_582",0,dense/dense_bm25
A018,"[计算机科学丛书]数据结构与算法 Python语言实现 (Michael T. Goodrich, Roberto Tamassia etc.) (Z-Library)_chunk_583",0,dense
A018,"[计算机科学丛书]数据结构与算法 Python语言实现 (Michael T. Goodrich, Roberto Tamassia etc.) (Z-Library)_chunk_712",0,bm25
A018,"[计算机科学丛书]数据结构与算法 Python语言实现 (Michael T. Goodrich, Roberto Tamassia etc.) (Z-Library)_chunk_737",0,dense
A018,操作系统导论-OSTEP (王海鹏 译) (Z-Library)_chunk_76,1,tfidf
A018,操作系统导论-OSTEP (王海鹏 译) (Z-Library)_chunk_81,1,tfidf
A018,操作系统导论-OSTEP (王海鹏 译) (Z-Library)_chunk_97,0,bm25/dense_bm25
A018,数据结构 (邓俊辉) (Z-Library)_chunk_191,0,dense_bm25
A018,数据结构 (邓俊辉) (Z-Library)_chunk_240,0,dense
A018,数据结构 (邓俊辉) (Z-Library)_chunk_35,0,dense
A018,数据结构 (邓俊辉) (Z-Library)_chunk_351,0,dense
A018,数据结构 (邓俊辉) (Z-Library)_chunk_352,0,dense/dense_bm25
A018,数据结构 (邓俊辉) (Z-Library)_chunk_361,0,dense
A018,数据结构 (邓俊辉) (Z-Library)_chunk_392,1,bm25/dense_bm25
A018,数据结构 (邓俊辉) (Z-Library)_chunk_395,1,bm25/dense_bm25/tfidf
A018,数据结构 (邓俊辉) (Z-Library)_chunk_396,1,bm25/tfidf
A018,数据结构 (邓俊辉) (Z-Library)_chunk_399,1,bm25/dense_bm25/tfidf
A018,数据结构 (邓俊辉) (Z-Library)_chunk_414,0,bm25/dense/dense_bm25
A018,数据结构（C语言版 第2版） (严蔚敏) (Z-Library)_chunk_102,0,dense/dense_bm25
A018,数据结构（C语言版 第2版） (严蔚敏) (Z-Library)_chunk_111,0,dense_bm25
A018,数据结构（C语言版 第2版） (严蔚敏) (Z-Library)_chunk_139,0,dense_bm25
A018,数据结构（C语言版 第2版） (严蔚敏) (Z-Library)_chunk_140,0,dense/dense_bm25
A018,数据结构（C语言版 第2版） (严蔚敏) (Z-Library)_chunk_143,0,dense_bm25
A018,数据结构（C语言版 第2版） (严蔚敏) (Z-Library)_chunk_216,0,dense/dense_bm25
A018,数据结构（C语言版 第2版） (严蔚敏) (Z-Library)_chunk_218,0,dense
A018,数据结构（C语言版 第2版） (严蔚敏) (Z-Library)_chunk_241,0,dense/dense_bm25
A018,数据结构（C语言版 第2版） (严蔚敏) (Z-Library)_chunk_253,0,bm25/dense_bm25
A018,数据结构（C语言版 第2版） (严蔚敏) (Z-Library)_chunk_257,0,dense
A018,数据结构（C语言版 第2版） (严蔚敏) (Z-Library)_chunk_267,0,dense
A018,数据结构（C语言版 第2版） (严蔚敏) (Z-Library)_chunk_358,0,dense
A018,数据结构（C语言版 第2版） (严蔚敏) (Z-Library)_chunk_370,0,dense
A018,数据结构（C语言版 第2版） (严蔚敏) (Z-Library)_chunk_57,0,dense
A018,数据结构（C语言版 第2版） (严蔚敏) (Z-Library)_chunk_70,0,tfidf
A018,数据结构（C语言版 第2版） (严蔚敏) (Z-Library)_chunk_93,0,dense_bm25/tfidf
A018,"现代操作系统 (Andrew S. Tanenbaum, Herbert Bos) (Z-Library)_chunk_166",1,tfidf
A018,"现代操作系统 (Andrew S. Tanenbaum, Herbert Bos) (Z-Library)_chunk_864",0,tfidf
A018,"现代操作系统 (Andrew S. Tanenbaum, Herbert Bos) (Z-Library)_chunk_866",0,tfidf
A019,2024年王道计算机网络复习指导 (王道计算机) (Z-Library)_chunk_126,0,bm25/dense_bm25
A019,2024年王道计算机网络复习指导 (王道计算机) (Z-Library)_chunk_366,0,bm25/dense_bm25
A019,2024年王道计算机网络复习指导 (王道计算机) (Z-Library)_chunk_420,0,tfidf
A019,2024年王道计算机网络复习指导 (王道计算机) (Z-Library)_chunk_520,0,tfidf
A019,2024年王道计算机网络复习指导 (王道计算机) (Z-Library)_chunk_525,0,bm25
A019,Operating Systems Three Easy Pieces (Remzi H. Arpaci-Dusseau etc.) (Z-Library)_chunk_862,0,dense/dense_bm25
A019,Operating Systems Three Easy Pieces (Remzi H. Arpaci-Dusseau etc.) (Z-Library)_chunk_869,0,dense
A019,Python数据结构与算法分析 第3版 (米勒 拉努姆 罗曼) (Z-Library)_chunk_117,0,dense_bm25
A019,Python数据结构与算法分析 第3版 (米勒 拉努姆 罗曼) (Z-Library)_chunk_256,0,bm25/dense_bm25
A019,Python数据结构与算法分析 第3版 (米勒 拉努姆 罗曼) (Z-Library)_chunk_294,0,dense/dense_bm25
A019,"[计算机科学丛书]数据结构与算法 Python语言实现 (Michael T. Goodrich, Roberto Tamassia etc.) (Z-Library)_chunk_128",0,dense
A019,"[计算机科学丛书]数据结构与算法 Python语言实现 (Michael T. Goodrich, Roberto Tamassia etc.) (Z-Library)_chunk_132",0,dense
A019,"[计算机科学丛书]数据结构与算法 Python语言实现 (Michael T. Goodrich, Roberto Tamassia etc.) (Z-Library)_chunk_134",0,dense/dense_bm25
A019,"[计算机科学丛书]数据结构与算法 Python语言实现 (Michael T. Goodrich, Roberto Tamassia etc.) (Z-Library)_chunk_150",0,dense
A019,"[计算机科学丛书]数据结构与算法 Python语言实现 (Michael T. Goodrich, Roberto Tamassia etc.) (Z-Library)_chunk_157",0,dense/dense_bm25
A019,"[计算机科学丛书]数据结构与算法 Python语言实现 (Michael T. Goodrich, Roberto Tamassia etc.) (Z-Library)_chunk_172",0,dense/dense_bm25
A019,"[计算机科学丛书]数据结构与算法 Python语言实现 (Michael T. Goodrich, Roberto Tamassia etc.) (Z-Library)_chunk_173",0,dense/dense_bm25
A019,"[计算机科学丛书]数据结构与算法 Python语言实现 (Michael T. Goodrich, Roberto Tamassia etc.) (Z-Library)_chunk_27",0,dense/dense_bm25/tfidf
A019,"[计算机科学丛书]数据结构与算法 Python语言实现 (Michael T. Goodrich, Roberto Tamassia etc.) (Z-Library)_chunk_28",0,tfidf
A019,"[计算机科学丛书]数据结构与算法 Python语言实现 (Michael T. Goodrich, Roberto Tamassia etc.) (Z-Library)_chunk_44",0,bm25/dense_bm25
A019,"[计算机科学丛书]数据结构与算法 Python语言实现 (Michael T. Goodrich, Roberto Tamassia etc.) (Z-Library)_chunk_51",0,tfidf
A019,操作系统导论-OSTEP (王海鹏 译) (Z-Library)_chunk_255,0,dense
A019,操作系统导论-OSTEP (王海鹏 译) (Z-Library)_chunk_300,0,dense/dense_bm25
A019,操作系统导论-OSTEP (王海鹏 译) (Z-Library)_chunk_310,0,dense/dense_bm25/tfidf
A019,操作系统导论-OSTEP (王海鹏 译) (Z-Library)_chunk_311,0,dense
A019,操作系统导论-OSTEP (王海鹏 译) (Z-Library)_chunk_316,0,dense/dense_bm25
A019,操作系统导论-OSTEP (王海鹏 译) (Z-Library)_chunk_338,0,bm25/dense_bm25
A019,操作系统导论-OSTEP (王海鹏 译) (Z-Library)_chunk_563,0,bm25/dense/dense_bm25
A019,数据结构 (邓俊辉) (Z-Library)_chunk_277,0,dense
A019,数据结构 (邓俊辉) (Z-Library)_chunk_32,0,dense
A019,数据结构 (邓俊辉) (Z-Library)_chunk_34,0,dense/dense_bm25
A019,数据结构（C语言版 第2版） (严蔚敏) (Z-Library)_chunk_361,0,dense
A019,数据结构（C语言版 第2版） (严蔚敏) (Z-Library)_chunk_83,0,bm25/dense_bm25
A019,"现代操作系统 (Andrew S. Tanenbaum, Herbert Bos) (Z-Library)_chunk_1000",0,dense
A019,"现代操作系统 (Andrew S. Tanenbaum, Herbert Bos) (Z-Library)_chunk_1003",0,dense
A019,"现代操作系统 (Andrew S. Tanenbaum, Herbert Bos) (Z-Library)_chunk_145",0,bm25
A019,"现代操作系统 (Andrew S. Tanenbaum, Herbert Bos) (Z-Library)_chunk_146",0,tfidf
A019,"现代操作系统 (Andrew S. Tanenbaum, Herbert Bos) (Z-Library)_chunk_179",0,bm25
A019,"现代操作系统 (Andrew S. Tanenbaum, Herbert Bos) (Z-Library)_chunk_180",0,dense
A019,"现代操作系统 (Andrew S. Tanenbaum, Herbert Bos) (Z-Library)_chunk_264",0,bm25/dense_bm25/tfidf
A019,"现代操作系统 (Andrew S. Tanenbaum, Herbert Bos) (Z-Library)_chunk_445",3,bm25/dense/dense_bm25/tfidf
A019,"现代操作系统 (Andrew S. Tanenbaum, Herbert Bos) (Z-Library)_chunk_461",1,bm25/dense_bm25/tfidf
A019,"现代操作系统 (Andrew S. Tanenbaum, Herbert Bos) (Z-Library)_chunk_462",1,bm25/dense_bm25/tfidf
A019,"现代操作系统 (Andrew S. Tanenbaum, Herbert Bos) (Z-Library)_chunk_802",0,bm25/dense_bm25
A019,"现代操作系统 (Andrew S. Tanenbaum, Herbert Bos) (Z-Library)_chunk_938",0,bm25/dense_bm25/tfidf
A019,"计算机网络 (吴功宜,吴英) (Z-Library)(OCR)_chunk_245",0,tfidf
A019,"计算机网络 (吴功宜,吴英) (Z-Library)(OCR)_chunk_82",0,bm25/dense_bm25
A019,计算机网络（原书第7版） 自顶向下方法 (James F. Kurose Keith W. Ross) (Z-Library)_chunk_124,0,dense
A019,计算机网络（原书第7版） 自顶向下方法 (James F. Kurose Keith W. Ross) (Z-Library)_chunk_14,0,tfidf
A019,计算机网络（原书第7版） 自顶向下方法 (James F. Kurose Keith W. Ross) (Z-Library)_chunk_177,0,dense
A019,计算机网络（原书第7版） 自顶向下方法 (James F. Kurose Keith W. Ross) (Z-Library)_chunk_277,0,tfidf
A019,计算机网络（原书第7版） 自顶向下方法 (James F. Kurose Keith W. Ross) (Z-Library)_chunk_391,0,dense/dense_bm25
A019,计算机网络（原书第7版） 自顶向下方法 (James F. Kurose Keith W. Ross) (Z-Library)_chunk_398,0,tfidf
A019,计算机网络（原书第7版） 自顶向下方法 (James F. Kurose Keith W. Ross) (Z-Library)_chunk_399,0,tfidf
A019,计算机网络（原书第7版） 自顶向下方法 (James F. Kurose Keith W. Ross) (Z-Library)_chunk_560,0,dense
A019,计算机网络（第8版） (谢希仁) (Z-Library)(OCR)_chunk_145,0,bm25/dense_bm25/tfidf
A019,计算机网络（第8版） (谢希仁) (Z-Library)(OCR)_chunk_344,0,bm25
A019,计算机网络（第8版） (谢希仁) (Z-Library)(OCR)_chunk_382,0,tfidf
A019,计算机网络（第8版） (谢希仁) (Z-Library)(OCR)_chunk_435,0,dense/dense_bm25
A019,计算机网络（第8版） (谢希仁) (Z-Library)(OCR)_chunk_46,0,bm25/dense_bm25
A019,计算机网络（第8版） (谢希仁) (Z-Library)(OCR)_chunk_552,0,tfidf
A020,2024年王道计算机网络复习指导 (王道计算机) (Z-Library)_chunk_254,0,dense
A020,2024年王道计算机网络复习指导 (王道计算机) (Z-Library)_chunk_272,0,dense
A020,2024年王道计算机网络复习指导 (王道计算机) (Z-Library)_chunk_396,0,dense
A020,2024年王道计算机网络复习指导 (王道计算机) (Z-Library)_chunk_457,0,bm25/dense_bm25/tfidf
A020,Operating Systems Three Easy Pieces (Remzi H. Arpaci-Dusseau etc.) (Z-Library)_chunk_1107,0,tfidf
A020,Operating Systems Three Easy Pieces (Remzi H. Arpaci-Dusseau etc.) (Z-Library)_chunk_185,0,tfidf
A020,Operating Systems Three Easy Pieces (Remzi H. Arpaci-Dusseau etc.) (Z-Library)_chunk_269,0,tfidf
A020,Operating Systems Three Easy Pieces (Remzi H. Arpaci-Dusseau etc.) (Z-Library)_chunk_467,0,tfidf
A020,Operating Systems Three Easy Pieces (Remzi H. Arpaci-Dusseau etc.) (Z-Library)_chunk_474,0,tfidf
A020,Operating Systems Three Easy Pieces (Remzi H. Arpaci-Dusseau etc.) (Z-Library)_chunk_51,0,tfidf
A020,Operating Systems Three Easy Pieces (Remzi H. Arpaci-Dusseau etc.) (Z-Library)_chunk_515,0,tfidf
A020,Operating Systems Three Easy Pieces (Remzi H. Arpaci-Dusseau etc.) (Z-Library)_chunk_539,0,tfidf
A020,Operating Systems Three Easy Pieces (Remzi H. Arpaci-Dusseau etc.) (Z-Library)_chunk_540,0,tfidf
A020,Operating Systems Three Easy Pieces (Remzi H. Arpaci-Dusseau etc.) (Z-Library)_chunk_685,0,tfidf
A020,Operating Systems Three Easy Pieces (Remzi H. Arpaci-Dusseau etc.) (Z-Library)_chunk_706,0,tfidf
A020,Operating Systems Three Easy Pieces (Remzi H. Arpaci-Dusseau etc.) (Z-Library)_chunk_707,0,tfidf
A020,Operating Systems Three Easy Pieces (Remzi H. Arpaci-Dusseau etc.) (Z-Library)_chunk_977,0,dense
A020,"现代操作系统 (Andrew S. Tanenbaum, Herbert Bos) (Z-Library)_chunk_1003",0,dense
A020,"现代操作系统 (Andrew S. Tanenbaum, Herbert Bos) (Z-Library)_chunk_1122",0,dense
A020,"现代操作系统 (Andrew S. Tanenbaum, Herbert Bos) (Z-Library)_chunk_581",0,bm25
A020,"现代操作系统 (Andrew S. Tanenbaum, Herbert Bos) (Z-Library)_chunk_584",0,dense_bm25
A020,"现代操作系统 (Andrew S. Tanenbaum, Herbert Bos) (Z-Library)_chunk_607",0,dense_bm25
A020,"现代操作系统 (Andrew S. Tanenbaum, Herbert Bos) (Z-Library)_chunk_609",0,tfidf
A020,"现代操作系统 (Andrew S. Tanenbaum, Herbert Bos) (Z-Library)_chunk_613",0,dense_bm25
A020,"现代操作系统 (Andrew S. Tanenbaum, Herbert Bos) (Z-Library)_chunk_614",0,dense/dense_bm25
A020,"现代操作系统 (Andrew S. Tanenbaum, Herbert Bos) (Z-Library)_chunk_621",0,bm25
A020,"现代操作系统 (Andrew S. Tanenbaum, Herbert Bos) (Z-Library)_chunk_622",0,dense
A020,"现代操作系统 (Andrew S. Tanenbaum, Herbert Bos) (Z-Library)_chunk_656",0,dense/dense_bm25
A020,"现代操作系统 (Andrew S. Tanenbaum, Herbert Bos) (Z-Library)_chunk_665",0,dense/dense_bm25
A020,"现代操作系统 (Andrew S. Tanenbaum, Herbert Bos) (Z-Library)_chunk_674",1,bm25/dense/dense_bm25
A020,"现代操作系统 (Andrew S. Tanenbaum, Herbert Bos) (Z-Library)_chunk_678",0,dense
A020,"现代操作系统 (Andrew S. Tanenbaum, Herbert Bos) (Z-Library)_chunk_978",0,bm25/dense_bm25/tfidf
A020,"计算机网络 (吴功宜,吴英) (Z-Library)(OCR)_chunk_330",0,dense
A020,"计算机网络 (吴功宜,吴英) (Z-Library)(OCR)_chunk_394",0,bm25
A020,"计算机网络 (吴功宜,吴英) (Z-Library)(OCR)_chunk_400",1,dense/dense_bm25
A020,"计算机网络 (吴功宜,吴英) (Z-Library)(OCR)_chunk_413",0,bm25/dense/dense_bm25/tfidf
A020,"计算机网络 (吴功宜,吴英) (Z-Library)(OCR)_chunk_414",0,dense/dense_bm25
A020,"计算机网络 (吴功宜,吴英) (Z-Library)(OCR)_chunk_415",1,dense/dense_bm25/tfidf
A020,"计算机网络 (吴功宜,吴英) (Z-Library)(OCR)_chunk_416",0,dense
A020,"计算机网络 (吴功宜,吴英) (Z-Library)(OCR)_chunk_417",0,dense_bm25
A020,"计算机网络 (吴功宜,吴英) (Z-Library)(OCR)_chunk_418",0,dense/dense_bm25
A020,"计算机网络 (吴功宜,吴英) (Z-Library)(OCR)_chunk_421",0,dense
A020,"计算机网络 (吴功宜,吴英) (Z-Library)(OCR)_chunk_426",0,dense
A020,"计算机网络 (吴功宜,吴英) (Z-Library)(OCR)_chunk_430",0,dense/dense_bm25
A020,"计算机网络 (吴功宜,吴英) (Z-Library)(OCR)_chunk_481",0,dense_bm25
A020,"计算机网络 (吴功宜,吴英) (Z-Library)(OCR)_chunk_486",0,dense_bm25
A020,计算机网络（原书第7版） 自顶向下方法 (James F. Kurose Keith W. Ross) (Z-Library)_chunk_154,1,bm25/dense_bm25/tfidf
A020,计算机网络（原书第7版） 自顶向下方法 (James F. Kurose Keith W. Ross) (Z-Library)_chunk_155,0,bm25/dense/dense_bm25
A020,计算机网络（原书第7版） 自顶向下方法 (James F. Kurose Keith W. Ross) (Z-Library)_chunk_436,0,dense
A020,计算机网络（原书第7版） 自顶向下方法 (James F. Kurose Keith W. Ross) (Z-Library)_chunk_440,0,dense/dense_bm25
A020,计算机网络（原书第7版） 自顶向下方法 (James F. Kurose Keith W. Ross) (Z-Library)_chunk_444,0,bm25/dense_bm25
A020,计算机网络（原书第7版） 自顶向下方法 (James F. Kurose Keith W. Ross) (Z-Library)_chunk_446,0,bm25
A020,计算机网络（原书第7版） 自顶向下方法 (James F. Kurose Keith W. Ross) (Z-Library)_chunk_48,2,bm25/dense_bm25
A020,计算机网络（原书第7版） 自顶向下方法 (James F. Kurose Keith W. Ross) (Z-Library)_chunk_546,0,dense
A020,计算机网络（原书第7版） 自顶向下方法 (James F. Kurose Keith W. Ross) (Z-Library)_chunk_573,0,dense/dense_bm25
A020,计算机网络（原书第7版） 自顶向下方法 (James F. Kurose Keith W. Ross) (Z-Library)_chunk_592,3,bm25/dense_bm25/tfidf
A020,计算机网络（第8版） (谢希仁) (Z-Library)(OCR)_chunk_15,0,tfidf
A020,计算机网络（第8版） (谢希仁) (Z-Library)(OCR)_chunk_285,1,bm25
A020,计算机网络（第8版） (谢希仁) (Z-Library)(OCR)_chunk_314,0,bm25
A020,计算机网络（第8版） (谢希仁) (Z-Library)(OCR)_chunk_320,0,bm25
A020,计算机网络（第8版） (谢希仁) (Z-Library)(OCR)_chunk_322,0,bm25/dense_bm25
A020,计算机网络（第8版） (谢希仁) (Z-Library)(OCR)_chunk_384,0,dense/dense_bm25
A020,计算机网络（第8版） (谢希仁) (Z-Library)(OCR)_chunk_407,0,dense_bm25
A020,计算机网络（第8版） (谢希仁) (Z-Library)(OCR)_chunk_410,0,dense
A020,计算机网络（第8版） (谢希仁) (Z-Library)(OCR)_chunk_411,0,dense/dense_bm25
A020,计算机网络（第8版） (谢希仁) (Z-Library)(OCR)_chunk_415,0,bm25/dense_bm25
A020,计算机网络（第8版） (谢希仁) (Z-Library)(OCR)_chunk_506,0,bm25
A020,计算机网络（第8版） (谢希仁) (Z-Library)(OCR)_chunk_552,0,bm25
A021,2024年王道计算机网络复习指导 (王道计算机) (Z-Library)_chunk_302,0,dense
A021,2024年王道计算机网络复习指导 (王道计算机) (Z-Library)_chunk_316,0,dense
A021,2024年王道计算机网络复习指导 (王道计算机) (Z-Library)_chunk_317,0,dense/dense_bm25
A021,2024年王道计算机网络复习指导 (王道计算机) (Z-Library)_chunk_329,0,bm25
A021,2024年王道计算机网络复习指导 (王道计算机) (Z-Library)_chunk_435,0,dense
A021,2024年王道计算机网络复习指导 (王道计算机) (Z-Library)_chunk_436,0,dense_bm25
A021,2024年王道计算机网络复习指导 (王道计算机) (Z-Library)_chunk_509,0,bm25/dense_bm25
A021,2024年王道计算机网络复习指导 (王道计算机) (Z-Library)_chunk_520,0,bm25/dense_bm25/tfidf
A021,Operating Systems Three Easy Pieces (Remzi H. Arpaci-Dusseau etc.) (Z-Library)_chunk_1107,0,tfidf
A021,Operating Systems Three Easy Pieces (Remzi H. Arpaci-Dusseau etc.) (Z-Library)_chunk_131,0,tfidf
A021,Operating Systems Three Easy Pieces (Remzi H. Arpaci-Dusseau etc.) (Z-Library)_chunk_1512,0,dense
A021,Operating Systems Three Easy Pieces (Remzi H. Arpaci-Dusseau etc.) (Z-Library)_chunk_185,0,tfidf
A021,Operating Systems Three Easy Pieces (Remzi H. Arpaci-Dusseau etc.) (Z-Library)_chunk_269,0,tfidf
A021,Operating Systems Three Easy Pieces (Remzi H. Arpaci-Dusseau etc.) (Z-Library)_chunk_312,0,tfidf
A021,Operating Systems Three Easy Pieces (Remzi H. Arpaci-Dusseau etc.) (Z-Library)_chunk_46,0,tfidf
A021,Operating Systems Three Easy Pieces (Remzi H. Arpaci-Dusseau etc.) (Z-Library)_chunk_467,0,tfidf
A021,Operating Systems Three Easy Pieces (Remzi H. Arpaci-Dusseau etc.) (Z-Library)_chunk_474,0,tfidf
A021,Operating Systems Three Easy Pieces (Remzi H. Arpaci-Dusseau etc.) (Z-Library)_chunk_51,0,tfidf
A021,Operating Systems Three Easy Pieces (Remzi H. Arpaci-Dusseau etc.) (Z-Library)_chunk_515,0,tfidf
A021,Operating Systems Three Easy Pieces (Remzi H. Arpaci-Dusseau etc.) (Z-Library)_chunk_53,0,tfidf
A021,Operating Systems Three Easy Pieces (Remzi H. Arpaci-Dusseau etc.) (Z-Library)_chunk_539,0,tfidf
A021,Operating Systems Three Easy Pieces (Remzi H. Arpaci-Dusseau etc.) (Z-Library)_chunk_540,0,tfidf
A021,Operating Systems Three Easy Pieces (Remzi H. Arpaci-Dusseau etc.) (Z-Library)_chunk_575,0,tfidf
A021,Operating Systems Three Easy Pieces (Remzi H. Arpaci-Dusseau etc.) (Z-Library)_chunk_685,0,tfidf
A021,Operating Systems Three Easy Pieces (Remzi H. Arpaci-Dusseau etc.) (Z-Library)_chunk_795,0,dense
A021,Operating Systems Three Easy Pieces (Remzi H. Arpaci-Dusseau etc.) (Z-Library)_chunk_838,0,tfidf
A021,Operating Systems Three Easy Pieces (Remzi H. Arpaci-Dusseau etc.) (Z-Library)_chunk_851,0,dense
A021,"[计算机科学丛书]数据结构与算法 Python语言实现 (Michael T. Goodrich, Roberto Tamassia etc.) (Z-Library)_chunk_147",0,dense
A021,"[计算机科学丛书]数据结构与算法 Python语言实现 (Michael T. Goodrich, Roberto Tamassia etc.) (Z-Library)_chunk_767",0,tfidf
A021,操作系统导论-OSTEP (王海鹏 译) (Z-Library)_chunk_152,0,bm25/dense_bm25
A021,操作系统导论-OSTEP (王海鹏 译) (Z-Library)_chunk_308,0,dense/dense_bm25
A021,操作系统导论-OSTEP (王海鹏 译) (Z-Library)_chunk_316,0,dense
A021,操作系统导论-OSTEP (王海鹏 译) (Z-Library)_chunk_507,0,dense/dense_bm25
A021,操作系统导论-OSTEP (王海鹏 译) (Z-Library)_chunk_55,0,bm25
A021,数据结构（C语言版 第2版） (严蔚敏) (Z-Library)_chunk_127,0,dense/dense_bm25
A021,数据结构（C语言版 第2版） (严蔚敏) (Z-Library)_chunk_239,0,dense
A021,"现代操作系统 (Andrew S. Tanenbaum, Herbert Bos) (Z-Library)_chunk_278",0,dense
A021,"现代操作系统 (Andrew S. Tanenbaum, Herbert Bos) (Z-Library)_chunk_507",0,bm25
A021,"现代操作系统 (Andrew S. Tanenbaum, Herbert Bos) (Z-Library)_chunk_628",0,bm25/dense_bm25
A021,"现代操作系统 (Andrew S. Tanenbaum, Herbert Bos) (Z-Library)_chunk_708",0,dense
A021,"现代操作系统 (Andrew S. Tanenbaum, Herbert Bos) (Z-Library)_chunk_809",0,bm25/dense_bm25
A021,"现代操作系统 (Andrew S. Tanenbaum, Herbert Bos) (Z-Library)_chunk_904",0,dense/dense_bm25
A021,"现代操作系统 (Andrew S. Tanenbaum, Herbert Bos) (Z-Library)_chunk_911",0,bm25
A021,"计算机网络 (吴功宜,吴英) (Z-Library)(OCR)_chunk_127",0,dense/dense_bm25
A021,"计算机网络 (吴功宜,吴英) (Z-Library)(OCR)_chunk_273",0,dense
A021,"计算机网络 (吴功宜,吴英) (Z-Library)(OCR)_chunk_289",0,dense/dense_bm25
A021,"计算机网络 (吴功宜,吴英) (Z-Library)(OCR)_chunk_320",0,dense
A021,"计算机网络 (吴功宜,吴英) (Z-Library)(OCR)_chunk_410",0,dense
A021,计算机网络（原书第7版） 自顶向下方法 (James F. Kurose Keith W. Ross) (Z-Library)_chunk_101,0,bm25/dense_bm25
A021,计算机网络（原书第7版） 自顶向下方法 (James F. Kurose Keith W. Ross) (Z-Library)_chunk_107,0,bm25/dense_bm25
A021,计算机网络（原书第7版） 自顶向下方法 (James F. Kurose Keith W. Ross) (Z-Library)_chunk_179,0,bm25
A021,计算机网络（原书第7版） 自顶向下方法 (James F. Kurose Keith W. Ross) (Z-Library)_chunk_314,0,dense/dense_bm25
A021,计算机网络（原书第7版） 自顶向下方法 (James F. Kurose Keith W. Ross) (Z-Library)_chunk_344,0,dense/dense_bm25
A021,计算机网络（原书第7版） 自顶向下方法 (James F. Kurose Keith W. Ross) (Z-Library)_chunk_391,0,dense/dense_bm25
A021,计算机网络（原书第7版） 自顶向下方法 (James F. Kurose Keith W. Ross) (Z-Library)_chunk_451,0,bm25/dense_bm25
A021,计算机网络（原书第7版） 自顶向下方法 (James F. Kurose Keith W. Ross) (Z-Library)_chunk_473,0,dense
A021,计算机网络（原书第7版） 自顶向下方法 (James F. Kurose Keith W. Ross) (Z-Library)_chunk_48,0,bm25/dense_bm25
A021,计算机网络（原书第7版） 自顶向下方法 (James F. Kurose Keith W. Ross) (Z-Library)_chunk_490,0,tfidf
A021,计算机网络（原书第7版） 自顶向下方法 (James F. Kurose Keith W. Ross) (Z-Library)_chunk_589,0,dense
A021,计算机网络（原书第7版） 自顶向下方法 (James F. Kurose Keith W. Ross) (Z-Library)_chunk_59,0,bm25/dense_bm25
A021,计算机网络（原书第7版） 自顶向下方法 (James F. Kurose Keith W. Ross) (Z-Library)_chunk_603,0,dense/dense_bm25
A021,计算机网络（第8版） (谢希仁) (Z-Library)(OCR)_chunk_145,0,bm25/dense_bm25
A021,计算机网络（第8版） (谢希仁) (Z-Library)(OCR)_chunk_15,0,tfidf
A021,计算机网络（第8版） (谢希仁) (Z-Library)(OCR)_chunk_168,0,dense/dense_bm25
A021,计算机网络（第8版） (谢希仁) (Z-Library)(OCR)_chunk_169,0,dense/dense_bm25
A021,计算机网络（第8版） (谢希仁) (Z-Library)(OCR)_chunk_256,0,dense_bm25
A021,计算机网络（第8版） (谢希仁) (Z-Library)(OCR)_chunk_322,0,bm25/dense_bm25
A021,计算机网络（第8版） (谢希仁) (Z-Library)(OCR)_chunk_382,0,bm25/dense_bm25
A021,计算机网络（第8版） (谢希仁) (Z-Library)(OCR)_chunk_488,0,bm25
A021,计算机网络（第8版） (谢希仁) (Z-Library)(OCR)_chunk_492,0,bm25/dense_bm25
A021,计算机网络（第8版） (谢希仁) (Z-Library)(OCR)_chunk_512,0,dense/dense_bm25
A022,Operating Systems Three Easy Pieces (Remzi H. Arpaci-Dusseau etc.) (Z-Library)_chunk_185,,tfidf
A022,Operating Systems Three Easy Pieces (Remzi H. Arpaci-Dusseau etc.) (Z-Library)_chunk_269,,tfidf
A022,Operating Systems Three Easy Pieces (Remzi H. Arpaci-Dusseau etc.) (Z-Library)_chunk_467,,tfidf
A022,Operating Systems Three Easy Pieces (Remzi H. Arpaci-Dusseau etc.) (Z-Library)_chunk_474,,tfidf
A022,Operating Systems Three Easy Pieces (Remzi H. Arpaci-Dusseau etc.) (Z-Library)_chunk_51,,tfidf
A022,Operating Systems Three Easy Pieces (Remzi H. Arpaci-Dusseau etc.) (Z-Library)_chunk_515,,tfidf
A022,Operating Systems Three Easy Pieces (Remzi H. Arpaci-Dusseau etc.) (Z-Library)_chunk_539,,tfidf
A022,Operating Systems Three Easy Pieces (Remzi H. Arpaci-Dusseau etc.) (Z-Library)_chunk_540,,tfidf
A022,Operating Systems Three Easy Pieces (Remzi H. Arpaci-Dusseau etc.) (Z-Library)_chunk_618,,dense
A022,Operating Systems Three Easy Pieces (Remzi H. Arpaci-Dusseau etc.) (Z-Library)_chunk_685,,tfidf
A022,Python数据结构与算法分析 第3版 (米勒 拉努姆 罗曼) (Z-Library)_chunk_1,,dense/dense_bm25
A022,Python数据结构与算法分析 第3版 (米勒 拉努姆 罗曼) (Z-Library)_chunk_108,,bm25/dense_bm25
A022,Python数据结构与算法分析 第3版 (米勒 拉努姆 罗曼) (Z-Library)_chunk_54,,dense/dense_bm25
A022,"[计算机科学丛书]数据结构与算法 Python语言实现 (Michael T. Goodrich, Roberto Tamassia etc.) (Z-Library)_chunk_137",,bm25/dense_bm25
A022,"[计算机科学丛书]数据结构与算法 Python语言实现 (Michael T. Goodrich, Roberto Tamassia etc.) (Z-Library)_chunk_153",,dense_bm25
A022,"[计算机科学丛书]数据结构与算法 Python语言实现 (Michael T. Goodrich, Roberto Tamassia etc.) (Z-Library)_chunk_167",,dense/dense_bm25
A022,"[计算机科学丛书]数据结构与算法 Python语言实现 (Michael T. Goodrich, Roberto Tamassia etc.) (Z-Library)_chunk_353",,bm25/dense_bm25
A022,"[计算机科学丛书]数据结构与算法 Python语言实现 (Michael T. Goodrich, Roberto Tamassia etc.) (Z-Library)_chunk_510",,dense
A022,"[计算机科学丛书]数据结构与算法 Python语言实现 (Michael T. Goodrich, Roberto Tamassia etc.) (Z-Library)_chunk_538",,bm25/dense_bm25
A022,"[计算机科学丛书]数据结构与算法 Python语言实现 (Michael T. Goodrich, Roberto Tamassia etc.) (Z-Library)_chunk_573",,bm25/dense_bm25
A022,"[计算机科学丛书]数据结构与算法 Python语言实现 (Michael T. Goodrich, Roberto Tamassia etc.) (Z-Library)_chunk_618",,dense/dense_bm25
A022,"[计算机科学丛书]数据结构与算法 Python语言实现 (Michael T. Goodrich, Roberto Tamassia etc.) (Z-Library)_chunk_623",,dense/dense_bm25
A022,"[计算机科学丛书]数据结构与算法 Python语言实现 (Michael T. Goodrich, Roberto Tamassia etc.) (Z-Library)_chunk_639",,bm25/dense/dense_bm25/tfidf
A022,"[计算机科学丛书]数据结构与算法 Python语言实现 (Michael T. Goodrich, Roberto Tamassia etc.) (Z-Library)_chunk_675",,dense/dense_bm25
A022,"[计算机科学丛书]数据结构与算法 Python语言实现 (Michael T. Goodrich, Roberto Tamassia etc.) (Z-Library)_chunk_677",,bm25/dense/dense_bm25/tfidf
A022,"[计算机科学丛书]数据结构与算法 Python语言实现 (Michael T. Goodrich, Roberto Tamassia etc.) (Z-Library)_chunk_683",,bm25/dense/dense_bm25/tfidf
A022,"[计算机科学丛书]数据结构与算法 Python语言实现 (Michael T. Goodrich, Roberto Tamassia etc.) (Z-Library)_chunk_684",,bm25/dense/dense_bm25/tfidf
A022,"[计算机科学丛书]数据结构与算法 Python语言实现 (Michael T. Goodrich, Roberto Tamassia etc.) (Z-Library)_chunk_8",,bm25/dense_bm25/tfidf
A022,操作系统导论-OSTEP (王海鹏 译) (Z-Library)_chunk_224,,dense
A022,数据结构 (邓俊辉) (Z-Library)_chunk_1,,dense
A022,数据结构 (邓俊辉) (Z-Library)_chunk_13,,dense/dense_bm25
A022,数据结构 (邓俊辉) (Z-Library)_chunk_293,,dense/dense_bm25
A022,数据结构 (邓俊辉) (Z-Library)_chunk_3,,dense_bm25
A022,数据结构 (邓俊辉) (Z-Library)_chunk_410,,tfidf
A022,数据结构 (邓俊辉) (Z-Library)_chunk_453,,dense/dense_bm25
A022,数据结构 (邓俊辉) (Z-Library)_chunk_458,,dense
A022,数据结构 (邓俊辉) (Z-Library)_chunk_460,,dense
A022,数据结构 (邓俊辉) (Z-Library)_chunk_491,,bm25/dense/dense_bm25/tfidf
A022,数据结构 (邓俊辉) (Z-Library)_chunk_492,,bm25/dense/dense_bm25/tfidf
A022,数据结构（C语言版 第2版） (严蔚敏) (Z-Library)_chunk_164,,dense
A022,数据结构（C语言版 第2版） (严蔚敏) (Z-Library)_chunk_165,,dense
A022,数据结构（C语言版 第2版） (严蔚敏) (Z-Library)_chunk_228,,dense/dense_bm25
A022,数据结构（C语言版 第2版） (严蔚敏) (Z-Library)_chunk_239,,dense/dense_bm25
A022,数据结构（C语言版 第2版） (严蔚敏) (Z-Library)_chunk_383,,dense
A022,数据结构（C语言版 第2版） (严蔚敏) (Z-Library)_chunk_89,,dense
A022,"现代操作系统 (Andrew S. Tanenbaum, Herbert Bos) (Z-Library)_chunk_1037",,dense/dense_bm25
A022,"现代操作系统 (Andrew S. Tanenbaum, Herbert Bos) (Z-Library)_chunk_435",,bm25/dense_bm25
A022,"现代操作系统 (Andrew S. Tanenbaum, Herbert Bos) (Z-Library)_chunk_451",,tfidf
A022,"现代操作系统 (Andrew S. Tanenbaum, Herbert Bos) (Z-Library)_chunk_832",,bm25
A022,"现代操作系统 (Andrew S. Tanenbaum, Herbert Bos) (Z-Library)_chunk_911",,bm25
A022,"计算机网络 (吴功宜,吴英) (Z-Library)(OCR)_chunk_255",,dense
A022,计算机网络（原书第7版） 自顶向下方法 (James F. Kurose Keith W. Ross) (Z-Library)_chunk_240,,dense
A022,计算机网络（原书第7版） 自顶向下方法 (James F. Kurose Keith W. Ross) (Z-Library)_chunk_276,,bm25/dense_bm25
A022,计算机网络（原书第7版） 自顶向下方法 (James F. Kurose Keith W. Ross) (Z-Library)_chunk_277,,bm25/dense_bm25
A022,计算机网络（原书第7版） 自顶向下方法 (James F. Kurose Keith W. Ross) (Z-Library)_chunk_278,,tfidf
A022,计算机网络（原书第7版） 自顶向下方法 (James F. Kurose Keith W. Ross) (Z-Library)_chunk_398,,bm25
A022,计算机网络（原书第7版） 自顶向下方法 (James F. Kurose Keith W. Ross) (Z-Library)_chunk_445,,bm25
A022,计算机网络（第8版） (谢希仁) (Z-Library)(OCR)_chunk_15,,tfidf
A022,计算机网络（第8版） (谢希仁) (Z-Library)(OCR)_chunk_492,,bm25/dense_bm25
A023,2024年王道计算机网络复习指导 (王道计算机) (Z-Library)_chunk_413,,dense
A023,Operating Systems Three Easy Pieces (Remzi H. Arpaci-Dusseau etc.) (Z-Library)_chunk_1056,,dense
A023,Operating Systems Three Easy Pieces (Remzi H. Arpaci-Dusseau etc.) (Z-Library)_chunk_1107,,tfidf
A023,Operating Systems Three Easy Pieces (Remzi H. Arpaci-Dusseau etc.) (Z-Library)_chunk_185,,tfidf
A023,Operating Systems Three Easy Pieces (Remzi H. Arpaci-Dusseau etc.) (Z-Library)_chunk_269,,tfidf
A023,Operating Systems Three Easy Pieces (Remzi H. Arpaci-Dusseau etc.) (Z-Library)_chunk_312,,tfidf
A023,Operating Systems Three Easy Pieces (Remzi H. Arpaci-Dusseau etc.) (Z-Library)_chunk_46,,tfidf
A023,Operating Systems Three Easy Pieces (Remzi H. Arpaci-Dusseau etc.) (Z-Library)_chunk_467,,tfidf
A023,Operating Systems Three Easy Pieces (Remzi H. Arpaci-Dusseau etc.) (Z-Library)_chunk_474,,tfidf
A023,Operating Systems Three Easy Pieces (Remzi H. Arpaci-Dusseau etc.) (Z-Library)_chunk_51,,tfidf
A023,Operating Systems Three Easy Pieces (Remzi H. Arpaci-Dusseau etc.) (Z-Library)_chunk_515,,tfidf
A023,Operating Systems Three Easy Pieces (Remzi H. Arpaci-Dusseau etc.) (Z-Library)_chunk_53,,tfidf
A023,Operating Systems Three Easy Pieces (Remzi H. Arpaci-Dusseau etc.) (Z-Library)_chunk_539,,tfidf
A023,Operating Systems Three Easy Pieces (Remzi H. Arpaci-Dusseau etc.) (Z-Library)_chunk_540,,tfidf
A023,Operating Systems Three Easy Pieces (Remzi H. Arpaci-Dusseau etc.) (Z-Library)_chunk_575,,tfidf
A023,Operating Systems Three Easy Pieces (Remzi H. Arpaci-Dusseau etc.) (Z-Library)_chunk_685,,tfidf
A023,Operating Systems Three Easy Pieces (Remzi H. Arpaci-Dusseau etc.) (Z-Library)_chunk_838,,tfidf
A023,Python数据结构与算法分析 第3版 (米勒 拉努姆 罗曼) (Z-Library)_chunk_108,,bm25/dense_bm25
A023,Python数据结构与算法分析 第3版 (米勒 拉努姆 罗曼) (Z-Library)_chunk_54,,dense/dense_bm25
A023,Python数据结构与算法分析 第3版 (米勒 拉努姆 罗曼) (Z-Library)_chunk_57,,dense
A023,"[计算机科学丛书]数据结构与算法 Python语言实现 (Michael T. Goodrich, Roberto Tamassia etc.) (Z-Library)_chunk_126",,dense
A023,"[计算机科学丛书]数据结构与算法 Python语言实现 (Michael T. Goodrich, Roberto Tamassia etc.) (Z-Library)_chunk_136",,dense_bm25
A023,"[计算机科学丛书]数据结构与算法 Python语言实现 (Michael T. Goodrich, Roberto Tamassia etc.) (Z-Library)_chunk_137",,bm25/dense/dense_bm25
A023,"[计算机科学丛书]数据结构与算法 Python语言实现 (Michael T. Goodrich, Roberto Tamassia etc.) (Z-Library)_chunk_162",,dense/dense_bm25
A023,"[计算机科学丛书]数据结构与算法 Python语言实现 (Michael T. Goodrich, Roberto Tamassia etc.) (Z-Library)_chunk_167",,dense/dense_bm25
A023,"[计算机科学丛书]数据结构与算法 Python语言实现 (Michael T. Goodrich, Roberto Tamassia etc.) (Z-Library)_chunk_302",,dense
A023,"[计算机科学丛书]数据结构与算法 Python语言实现 (Michael T. Goodrich, Roberto Tamassia etc.) (Z-Library)_chunk_538",,bm25/dense_bm25
A023,"[计算机科学丛书]数据结构与算法 Python语言实现 (Michael T. Goodrich, Roberto Tamassia etc.) (Z-Library)_chunk_547",,dense
A023,"[计算机科学丛书]数据结构与算法 Python语言实现 (Michael T. Goodrich, Roberto Tamassia etc.) (Z-Library)_chunk_564",,dense
A023,"[计算机科学丛书]数据结构与算法 Python语言实现 (Michael T. Goodrich, Roberto Tamassia etc.) (Z-Library)_chunk_573",,bm25/dense_bm25
A023,"[计算机科学丛书]数据结构与算法 Python语言实现 (Michael T. Goodrich, Roberto Tamassia etc.) (Z-Library)_chunk_618",,dense
A023,"[计算机科学丛书]数据结构与算法 Python语言实现 (Michael T. Goodrich, Roberto Tamassia etc.) (Z-Library)_chunk_635",,bm25
A023,操作系统导论-OSTEP (王海鹏 译) (Z-Library)_chunk_430,,bm25
A023,数据结构 (邓俊辉) (Z-Library)_chunk_13,,dense/dense_bm25
A023,数据结构 (邓俊辉) (Z-Library)_chunk_14,,dense/dense_bm25
A023,数据结构 (邓俊辉) (Z-Library)_chunk_21,,dense
A023,数据结构 (邓俊辉) (Z-Library)_chunk_265,,dense
A023,数据结构 (邓俊辉) (Z-Library)_chunk_3,,dense_bm25
A023,数据结构 (邓俊辉) (Z-Library)_chunk_33,,dense/dense_bm25
A023,数据结构 (邓俊辉) (Z-Library)_chunk_410,,tfidf
A023,数据结构 (邓俊辉) (Z-Library)_chunk_412,,dense
A023,数据结构 (邓俊辉) (Z-Library)_chunk_452,,dense/tfidf
A023,数据结构 (邓俊辉) (Z-Library)_chunk_477,,dense
A023,数据结构 (邓俊辉) (Z-Library)_chunk_478,,dense/dense_bm25
A023,数据结构（C语言版 第2版） (严蔚敏) (Z-Library)_chunk_108,,dense
A023,数据结构（C语言版 第2版） (严蔚敏) (Z-Library)_chunk_11,,dense/dense_bm25
A023,数据结构（C语言版 第2版） (严蔚敏) (Z-Library)_chunk_165,,dense/dense_bm25
A023,数据结构（C语言版 第2版） (严蔚敏) (Z-Library)_chunk_223,,dense/dense_bm25
A023,数据结构（C语言版 第2版） (严蔚敏) (Z-Library)_chunk_239,,dense/dense_bm25
A023,数据结构（C语言版 第2版） (严蔚敏) (Z-Library)_chunk_300,,dense/dense_bm25
A023,数据结构（C语言版 第2版） (严蔚敏) (Z-Library)_chunk_89,,dense/dense_bm25
A023,"现代操作系统 (Andrew S. Tanenbaum, Herbert Bos) (Z-Library)_chunk_435",,bm25/dense_bm25
A023,"现代操作系统 (Andrew S. Tanenbaum, Herbert Bos) (Z-Library)_chunk_451",,tfidf
A023,"现代操作系统 (Andrew S. Tanenbaum, Herbert Bos) (Z-Library)_chunk_832",,bm25/dense_bm25
A023,"现代操作系统 (Andrew S. Tanenbaum, Herbert Bos) (Z-Library)_chunk_911",,bm25/dense_bm25
A023,"计算机网络 (吴功宜,吴英) (Z-Library)(OCR)_chunk_255",,dense
A023,"计算机网络 (吴功宜,吴英) (Z-Library)(OCR)_chunk_345",,bm25/dense_bm25
A023,"计算机网络 (吴功宜,吴英) (Z-Library)(OCR)_chunk_346",,bm25/dense_bm25
A023,计算机网络（原书第7版） 自顶向下方法 (James F. Kurose Keith W. Ross) (Z-Library)_chunk_240,,dense/dense_bm25
A023,计算机网络（原书第7版） 自顶向下方法 (James F. Kurose Keith W. Ross) (Z-Library)_chunk_276,,bm25/dense_bm25
A023,计算机网络（原书第7版） 自顶向下方法 (James F. Kurose Keith W. Ross) (Z-Library)_chunk_277,,bm25/dense_bm25
A023,计算机网络（原书第7版） 自顶向下方法 (James F. Kurose Keith W. Ross) (Z-Library)_chunk_278,,tfidf
A023,计算机网络（原书第7版） 自顶向下方法 (James F. Kurose Keith W. Ross) (Z-Library)_chunk_398,,bm25
A023,计算机网络（原书第7版） 自顶向下方法 (James F. Kurose Keith W. Ross) (Z-Library)_chunk_444,,bm25
A023,计算机网络（原书第7版） 自顶向下方法 (James F. Kurose Keith W. Ross) (Z-Library)_chunk_445,,bm25/dense_bm25
A023,计算机网络（第8版） (谢希仁) (Z-Library)(OCR)_chunk_144,,bm25
A023,计算机网络（第8版） (谢希仁) (Z-Library)(OCR)_chunk_146,,bm25
A023,计算机网络（第8版） (谢希仁) (Z-Library)(OCR)_chunk_15,,tfidf
A023,计算机网络（第8版） (谢希仁) (Z-Library)(OCR)_chunk_297,,bm25/dense_bm25
A023,计算机网络（第8版） (谢希仁) (Z-Library)(OCR)_chunk_492,,bm25/dense_bm25
A024,2024年王道计算机网络复习指导 (王道计算机) (Z-Library)_chunk_128,,bm25
A024,2024年王道计算机网络复习指导 (王道计算机) (Z-Library)_chunk_147,,dense_bm25
A024,2024年王道计算机网络复习指导 (王道计算机) (Z-Library)_chunk_148,,bm25/dense/dense_bm25/tfidf
A024,2024年王道计算机网络复习指导 (王道计算机) (Z-Library)_chunk_149,,bm25/dense/dense_bm25/tfidf
A024,2024年王道计算机网络复习指导 (王道计算机) (Z-Library)_chunk_150,,bm25/dense_bm25/tfidf
A024,2024年王道计算机网络复习指导 (王道计算机) (Z-Library)_chunk_152,,dense_bm25
A024,2024年王道计算机网络复习指导 (王道计算机) (Z-Library)_chunk_153,,bm25/dense/dense_bm25/tfidf
A024,2024年王道计算机网络复习指导 (王道计算机) (Z-Library)_chunk_154,,bm25/dense_bm25
A024,2024年王道计算机网络复习指导 (王道计算机) (Z-Library)_chunk_155,,bm25
A024,2024年王道计算机网络复习指导 (王道计算机) (Z-Library)_chunk_157,,bm25/dense/dense_bm25/tfidf
A024,2024年王道计算机网络复习指导 (王道计算机) (Z-Library)_chunk_158,,bm25
A024,2024年王道计算机网络复习指导 (王道计算机) (Z-Library)_chunk_164,,bm25/dense_bm25/tfidf
A024,2024年王道计算机网络复习指导 (王道计算机) (Z-Library)_chunk_260,,tfidf
A024,2024年王道计算机网络复习指导 (王道计算机) (Z-Library)_chunk_449,,bm25/dense/dense_bm25/tfidf
A024,2024年王道计算机网络复习指导 (王道计算机) (Z-Library)_chunk_455,,bm25/dense/dense_bm25/tfidf
A024,2024年王道计算机网络复习指导 (王道计算机) (Z-Library)_chunk_456,,bm25/dense_bm25/tfidf
A024,2024年王道计算机网络复习指导 (王道计算机) (Z-Library)_chunk_457,,dense/dense_bm25
A024,2024年王道计算机网络复习指导 (王道计算机) (Z-Library)_chunk_472,,bm25/dense_bm25/tfidf
A024,2024年王道计算机网络复习指导 (王道计算机) (Z-Library)_chunk_473,,dense/dense_bm25
A024,2024年王道计算机网络复习指导 (王道计算机) (Z-Library)_chunk_479,,dense_bm25
A024,数据结构（C语言版 第2版） (严蔚敏) (Z-Library)_chunk_243,,dense
A024,"现代操作系统 (Andrew S. Tanenbaum, Herbert Bos) (Z-Library)_chunk_127",,dense
A024,"现代操作系统 (Andrew S. Tanenbaum, Herbert Bos) (Z-Library)_chunk_414",,dense
A024,"现代操作系统 (Andrew S. Tanenbaum, Herbert Bos) (Z-Library)_chunk_416",,tfidf
A024,"现代操作系统 (Andrew S. Tanenbaum, Herbert Bos) (Z-Library)_chunk_645",,dense
A024,"现代操作系统 (Andrew S. Tanenbaum, Herbert Bos) (Z-Library)_chunk_735",,dense
A024,"现代操作系统 (Andrew S. Tanenbaum, Herbert Bos) (Z-Library)_chunk_834",,dense
A024,"现代操作系统 (Andrew S. Tanenbaum, Herbert Bos) (Z-Library)_chunk_852",,dense
A024,"现代操作系统 (Andrew S. Tanenbaum, Herbert Bos) (Z-Library)_chunk_889",,dense
A024,"现代操作系统 (Andrew S. Tanenbaum, Herbert Bos) (Z-Library)_chunk_930",,dense
A024,"计算机网络 (吴功宜,吴英) (Z-Library)(OCR)_chunk_337",,dense_bm25
A024,"计算机网络 (吴功宜,吴英) (Z-Library)(OCR)_chunk_338",,bm25/dense/dense_bm25/tfidf
A024,"计算机网络 (吴功宜,吴英) (Z-Library)(OCR)_chunk_340",,bm25/dense/dense_bm25
A024,"计算机网络 (吴功宜,吴英) (Z-Library)(OCR)_chunk_343",,bm25/dense/dense_bm25/tfidf
A024,"计算机网络 (吴功宜,吴英) (Z-Library)(OCR)_chunk_347",,dense_bm25
A024,"计算机网络 (吴功宜,吴英) (Z-Library)(OCR)_chunk_351",,dense/dense_bm25
A024,计算机网络（原书第7版） 自顶向下方法 (James F. Kurose Keith W. Ross) (Z-Library)_chunk_110,,dense
A024,计算机网络（原书第7版） 自顶向下方法 (James F. Kurose Keith W. Ross) (Z-Library)_chunk_133,,dense_bm25
A024,计算机网络（原书第7版） 自顶向下方法 (James F. Kurose Keith W. Ross) (Z-Library)_chunk_14,,tfidf
A024,计算机网络（原书第7版） 自顶向下方法 (James F. Kurose Keith W. Ross) (Z-Library)_chunk_275,,dense
A024,计算机网络（第8版） (谢希仁) (Z-Library)(OCR)_chunk_225,,dense
A024,计算机网络（第8版） (谢希仁) (Z-Library)(OCR)_chunk_264,,bm25/dense_bm25/tfidf
A024,计算机网络（第8版） (谢希仁) (Z-Library)(OCR)_chunk_282,,bm25/dense/dense_bm25/tfidf
A024,计算机网络（第8版） (谢希仁) (Z-Library)(OCR)_chunk_288,,dense/dense_bm25/tfidf
A024,计算机网络（第8版） (谢希仁) (Z-Library)(OCR)_chunk_289,,dense/dense_bm25
A024,计算机网络（第8版） (谢希仁) (Z-Library)(OCR)_chunk_295,,dense_bm25/tfidf
A024,计算机网络（第8版） (谢希仁) (Z-Library)(OCR)_chunk_296,,tfidf
A024,计算机网络（第8版） (谢希仁) (Z-Library)(OCR)_chunk_303,,dense/dense_bm25
A024,计算机网络（第8版） (谢希仁) (Z-Library)(OCR)_chunk_315,,bm25
A024,计算机网络（第8版） (谢希仁) (Z-Library)(OCR)_chunk_372,,dense
A024,计算机网络（第8版） (谢希仁) (Z-Library)(OCR)_chunk_547,,dense/dense_bm25
A025,Operating Systems Three Easy Pieces (Remzi H. Arpaci-Dusseau etc.) (Z-Library)_chunk_159,,dense
A025,Operating Systems Three Easy Pieces (Remzi H. Arpaci-Dusseau etc.) (Z-Library)_chunk_182,,dense/dense_bm25
A025,Operating Systems Three Easy Pieces (Remzi H. Arpaci-Dusseau etc.) (Z-Library)_chunk_197,,dense
A025,Operating Systems Three Easy Pieces (Remzi H. Arpaci-Dusseau etc.) (Z-Library)_chunk_214,,dense/dense_bm25
A025,Operating Systems Three Easy Pieces (Remzi H. Arpaci-Dusseau etc.) (Z-Library)_chunk_222,,dense
A025,Operating Systems Three Easy Pieces (Remzi H. Arpaci-Dusseau etc.) (Z-Library)_chunk_232,,dense/dense_bm25
A025,Operating Systems Three Easy Pieces (Remzi H. Arpaci-Dusseau etc.) (Z-Library)_chunk_299,,dense
A025,Operating Systems Three Easy Pieces (Remzi H. Arpaci-Dusseau etc.) (Z-Library)_chunk_607,,dense
A025,Python数据结构与算法分析 第3版 (米勒 拉努姆 罗曼) (Z-Library)_chunk_101,,dense
A025,Python数据结构与算法分析 第3版 (米勒 拉努姆 罗曼) (Z-Library)_chunk_105,,bm25
A025,Python数据结构与算法分析 第3版 (米勒 拉努姆 罗曼) (Z-Library)_chunk_119,,bm25/dense_bm25/tfidf
A025,Python数据结构与算法分析 第3版 (米勒 拉努姆 罗曼) (Z-Library)_chunk_160,,dense
A025,Python数据结构与算法分析 第3版 (米勒 拉努姆 罗曼) (Z-Library)_chunk_187,,bm25/dense/dense_bm25/tfidf
A025,Python数据结构与算法分析 第3版 (米勒 拉努姆 罗曼) (Z-Library)_chunk_246,,dense_bm25
A025,Python数据结构与算法分析 第3版 (米勒 拉努姆 罗曼) (Z-Library)_chunk_70,,bm25/dense_bm25/tfidf
A025,"[计算机科学丛书]数据结构与算法 Python语言实现 (Michael T. Goodrich, Roberto Tamassia etc.) (Z-Library)_chunk_354",,bm25/dense_bm25/tfidf
A025,"[计算机科学丛书]数据结构与算法 Python语言实现 (Michael T. Goodrich, Roberto Tamassia etc.) (Z-Library)_chunk_355",,bm25/dense/dense_bm25/tfidf
A025,"[计算机科学丛书]数据结构与算法 Python语言实现 (Michael T. Goodrich, Roberto Tamassia etc.) (Z-Library)_chunk_356",,dense_bm25
A025,"[计算机科学丛书]数据结构与算法 Python语言实现 (Michael T. Goodrich, Roberto Tamassia etc.) (Z-Library)_chunk_358",,bm25
A025,"[计算机科学丛书]数据结构与算法 Python语言实现 (Michael T. Goodrich, Roberto Tamassia etc.) (Z-Library)_chunk_362",,dense_bm25
A025,"[计算机科学丛书]数据结构与算法 Python语言实现 (Michael T. Goodrich, Roberto Tamassia etc.) (Z-Library)_chunk_377",,dense
A025,"[计算机科学丛书]数据结构与算法 Python语言实现 (Michael T. Goodrich, Roberto Tamassia etc.) (Z-Library)_chunk_379",,dense
A025,"[计算机科学丛书]数据结构与算法 Python语言实现 (Michael T. Goodrich, Roberto Tamassia etc.) (Z-Library)_chunk_496",,bm25/dense_bm25
A025,操作系统导论-OSTEP (王海鹏 译) (Z-Library)_chunk_102,,dense
A025,操作系统导论-OSTEP (王海鹏 译) (Z-Library)_chunk_208,,dense/dense_bm25
A025,操作系统导论-OSTEP (王海鹏 译) (Z-Library)_chunk_547,,dense
A025,操作系统导论-OSTEP (王海鹏 译) (Z-Library)_chunk_68,,dense
A025,操作系统导论-OSTEP (王海鹏 译) (Z-Library)_chunk_76,,bm25/dense_bm25/tfidf
A025,操作系统导论-OSTEP (王海鹏 译) (Z-Library)_chunk_77,,bm25/dense/dense_bm25/tfidf
A025,操作系统导论-OSTEP (王海鹏 译) (Z-Library)_chunk_79,,bm25/dense/dense_bm25/tfidf
A025,操作系统导论-OSTEP (王海鹏 译) (Z-Library)_chunk_81,,tfidf
A025,操作系统导论-OSTEP (王海鹏 译) (Z-Library)_chunk_82,,dense/dense_bm25
A025,数据结构 (邓俊辉) (Z-Library)_chunk_143,,dense
A025,数据结构 (邓俊辉) (Z-Library)_chunk_145,,dense/dense_bm25
A025,数据结构 (邓俊辉) (Z-Library)_chunk_247,,dense_bm25/tfidf
A025,数据结构 (邓俊辉) (Z-Library)_chunk_276,,dense
A025,数据结构 (邓俊辉) (Z-Library)_chunk_393,,dense/dense_bm25
A025,数据结构 (邓俊辉) (Z-Library)_chunk_395,,dense_bm25/tfidf
A025,数据结构 (邓俊辉) (Z-Library)_chunk_396,,tfidf
A025,数据结构（C语言版 第2版） (严蔚敏) (Z-Library)_chunk_323,,dense
A025,"现代操作系统 (Andrew S. Tanenbaum, Herbert Bos) (Z-Library)_chunk_1119",,tfidf
A025,"现代操作系统 (Andrew S. Tanenbaum, Herbert Bos) (Z-Library)_chunk_140",,bm25/dense_bm25
A025,"现代操作系统 (Andrew S. Tanenbaum, Herbert Bos) (Z-Library)_chunk_166",,bm25/dense/dense_bm25/tfidf
A025,"现代操作系统 (Andrew S. Tanenbaum, Herbert Bos) (Z-Library)_chunk_179",,bm25/dense_bm25
A025,"现代操作系统 (Andrew S. Tanenbaum, Herbert Bos) (Z-Library)_chunk_719",,bm25/dense/dense_bm25/tfidf
A025,"现代操作系统 (Andrew S. Tanenbaum, Herbert Bos) (Z-Library)_chunk_802",,bm25/dense_bm25/tfidf
A025,"现代操作系统 (Andrew S. Tanenbaum, Herbert Bos) (Z-Library)_chunk_831",,dense/dense_bm25/tfidf
A025,"现代操作系统 (Andrew S. Tanenbaum, Herbert Bos) (Z-Library)_chunk_864",,bm25/tfidf
A025,"现代操作系统 (Andrew S. Tanenbaum, Herbert Bos) (Z-Library)_chunk_865",,tfidf
A025,"现代操作系统 (Andrew S. Tanenbaum, Herbert Bos) (Z-Library)_chunk_866",,tfidf
A025,"现代操作系统 (Andrew S. Tanenbaum, Herbert Bos) (Z-Library)_chunk_912",,bm25/dense_bm25
A025,计算机网络（原书第7版） 自顶向下方法 (James F. Kurose Keith W. Ross) (Z-Library)_chunk_174,,bm25
A025,计算机网络（原书第7版） 自顶向下方法 (James F. Kurose Keith W. Ross) (Z-Library)_chunk_446,,bm25/dense_bm25
A025,计算机网络（第8版） (谢希仁) (Z-Library)(OCR)_chunk_435,,dense/dense_bm25
A026,2024年王道计算机网络复习指导 (王道计算机) (Z-Library)_chunk_123,,tfidf
A026,2024年王道计算机网络复习指导 (王道计算机) (Z-Library)_chunk_136,,dense/dense_bm25/tfidf
A026,2024年王道计算机网络复习指导 (王道计算机) (Z-Library)_chunk_65,,dense/dense_bm25
A026,Operating Systems Three Easy Pieces (Remzi H. Arpaci-Dusseau etc.) (Z-Library)_chunk_1100,,dense
A026,Operating Systems Three Easy Pieces (Remzi H. Arpaci-Dusseau etc.) (Z-Library)_chunk_1582,,dense
A026,Operating Systems Three Easy Pieces (Remzi H. Arpaci-Dusseau etc.) (Z-Library)_chunk_361,,dense
A026,Operating Systems Three Easy Pieces (Remzi H. Arpaci-Dusseau etc.) (Z-Library)_chunk_422,,dense/dense_bm25
A026,Operating Systems Three Easy Pieces (Remzi H. Arpaci-Dusseau etc.) (Z-Library)_chunk_447,,dense/dense_bm25
A026,Operating Systems Three Easy Pieces (Remzi H. Arpaci-Dusseau etc.) (Z-Library)_chunk_476,,dense
A026,Operating Systems Three Easy Pieces (Remzi H. Arpaci-Dusseau etc.) (Z-Library)_chunk_855,,dense
A026,Operating Systems Three Easy Pieces (Remzi H. Arpaci-Dusseau etc.) (Z-Library)_chunk_895,,dense
A026,"[计算机科学丛书]数据结构与算法 Python语言实现 (Michael T. Goodrich, Roberto Tamassia etc.) (Z-Library)_chunk_111",,bm25/dense_bm25/tfidf
A026,"[计算机科学丛书]数据结构与算法 Python语言实现 (Michael T. Goodrich, Roberto Tamassia etc.) (Z-Library)_chunk_193",,bm25/dense_bm25/tfidf
A026,"[计算机科学丛书]数据结构与算法 Python语言实现 (Michael T. Goodrich, Roberto Tamassia etc.) (Z-Library)_chunk_44",,dense/dense_bm25
A026,"[计算机科学丛书]数据结构与算法 Python语言实现 (Michael T. Goodrich, Roberto Tamassia etc.) (Z-Library)_chunk_780",,bm25/dense_bm25/tfidf
A026,操作系统导论-OSTEP (王海鹏 译) (Z-Library)_chunk_117,,bm25/dense_bm25/tfidf
A026,操作系统导论-OSTEP (王海鹏 译) (Z-Library)_chunk_136,,bm25
A026,操作系统导论-OSTEP (王海鹏 译) (Z-Library)_chunk_143,,dense
A026,操作系统导论-OSTEP (王海鹏 译) (Z-Library)_chunk_355,,bm25/dense_bm25/tfidf
A026,操作系统导论-OSTEP (王海鹏 译) (Z-Library)_chunk_451,,dense/dense_bm25
A026,操作系统导论-OSTEP (王海鹏 译) (Z-Library)_chunk_520,,bm25/dense_bm25/tfidf
A026,操作系统导论-OSTEP (王海鹏 译) (Z-Library)_chunk_534,,bm25
A026,操作系统导论-OSTEP (王海鹏 译) (Z-Library)_chunk_560,,dense/dense_bm25
A026,操作系统导论-OSTEP (王海鹏 译) (Z-Library)_chunk_561,,dense/dense_bm25
A026,数据结构 (邓俊辉) (Z-Library)_chunk_32,,dense
A026,数据结构（C语言版 第2版） (严蔚敏) (Z-Library)_chunk_117,,dense_bm25
A026,数据结构（C语言版 第2版） (严蔚敏) (Z-Library)_chunk_26,,dense
A026,"现代操作系统 (Andrew S. Tanenbaum, Herbert Bos) (Z-Library)_chunk_1080",,bm25/tfidf
A026,"现代操作系统 (Andrew S. Tanenbaum, Herbert Bos) (Z-Library)_chunk_251",,dense/dense_bm25
A026,"现代操作系统 (Andrew S. Tanenbaum, Herbert Bos) (Z-Library)_chunk_309",,dense
A026,"现代操作系统 (Andrew S. Tanenbaum, Herbert Bos) (Z-Library)_chunk_310",,dense/dense_bm25
A026,"现代操作系统 (Andrew S. Tanenbaum, Herbert Bos) (Z-Library)_chunk_315",,dense
A026,"现代操作系统 (Andrew S. Tanenbaum, Herbert Bos) (Z-Library)_chunk_393",,bm25
A026,"现代操作系统 (Andrew S. Tanenbaum, Herbert Bos) (Z-Library)_chunk_412",,bm25/dense_bm25/tfidf
A026,"现代操作系统 (Andrew S. Tanenbaum, Herbert Bos) (Z-Library)_chunk_804",,dense
A026,"现代操作系统 (Andrew S. Tanenbaum, Herbert Bos) (Z-Library)_chunk_814",,bm25/dense_bm25/tfidf
A026,"现代操作系统 (Andrew S. Tanenbaum, Herbert Bos) (Z-Library)_chunk_856",,bm25/tfidf
A026,"现代操作系统 (Andrew S. Tanenbaum, Herbert Bos) (Z-Library)_chunk_949",,dense
A026,"计算机网络 (吴功宜,吴英) (Z-Library)(OCR)_chunk_222",,dense
A026,"计算机网络 (吴功宜,吴英) (Z-Library)(OCR)_chunk_303",,dense/dense_bm25
A026,"计算机网络 (吴功宜,吴英) (Z-Library)(OCR)_chunk_344",,dense_bm25/tfidf
A026,"计算机网络 (吴功宜,吴英) (Z-Library)(OCR)_chunk_345",,dense_bm25
A026,"计算机网络 (吴功宜,吴英) (Z-Library)(OCR)_chunk_93",,dense
A026,计算机网络（原书第7版） 自顶向下方法 (James F. Kurose Keith W. Ross) (Z-Library)_chunk_14,,tfidf
A026,计算机网络（原书第7版） 自顶向下方法 (James F. Kurose Keith W. Ross) (Z-Library)_chunk_230,,bm25
A026,计算机网络（原书第7版） 自顶向下方法 (James F. Kurose Keith W. Ross) (Z-Library)_chunk_398,,tfidf
A026,计算机网络（原书第7版） 自顶向下方法 (James F. Kurose Keith W. Ross) (Z-Library)_chunk_65,,bm25/dense_bm25/tfidf
A026,计算机网络（第8版） (谢希仁) (Z-Library)(OCR)_chunk_102,,dense_bm25/tfidf
A026,计算机网络（第8版） (谢希仁) (Z-Library)(OCR)_chunk_145,,bm25/dense_bm25/tfidf
A026,计算机网络（第8版） (谢希仁) (Z-Library)(OCR)_chunk_180,,dense/dense_bm25
A026,计算机网络（第8版） (谢希仁) (Z-Library)(OCR)_chunk_190,,dense/dense_bm25
A026,计算机网络（第8版） (谢希仁) (Z-Library)(OCR)_chunk_192,,bm25
A026,计算机网络（第8版） (谢希仁) (Z-Library)(OCR)_chunk_193,,dense/dense_bm25
A026,计算机网络（第8版） (谢希仁) (Z-Library)(OCR)_chunk_261,,bm25/dense_bm25
A026,计算机网络（第8版） (谢希仁) (Z-Library)(OCR)_chunk_296,,bm25/tfidf
A026,计算机网络（第8版） (谢希仁) (Z-Library)(OCR)_chunk_323,,bm25/dense_bm25
A026,计算机网络（第8版） (谢希仁) (Z-Library)(OCR)_chunk_382,,tfidf
A026,计算机网络（第8版） (谢希仁) (Z-Library)(OCR)_chunk_94,,dense
A027,2024年王道计算机网络复习指导 (王道计算机) (Z-Library)_chunk_244,,dense
A027,2024年王道计算机网络复习指导 (王道计算机) (Z-Library)_chunk_254,,dense
A027,2024年王道计算机网络复习指导 (王道计算机) (Z-Library)_chunk_520,,bm25/dense_bm25/tfidf
A027,2024年王道计算机网络复习指导 (王道计算机) (Z-Library)_chunk_69,,dense/dense_bm25
A027,2024年王道计算机网络复习指导 (王道计算机) (Z-Library)_chunk_82,,tfidf
A027,2024年王道计算机网络复习指导 (王道计算机) (Z-Library)_chunk_83,,tfidf
A027,2024年王道计算机网络复习指导 (王道计算机) (Z-Library)_chunk_84,,tfidf
A027,2024年王道计算机网络复习指导 (王道计算机) (Z-Library)_chunk_99,,dense
A027,Operating Systems Three Easy Pieces (Remzi H. Arpaci-Dusseau etc.) (Z-Library)_chunk_1210,,dense/dense_bm25
A027,Operating Systems Three Easy Pieces (Remzi H. Arpaci-Dusseau etc.) (Z-Library)_chunk_311,,dense
A027,Operating Systems Three Easy Pieces (Remzi H. Arpaci-Dusseau etc.) (Z-Library)_chunk_355,,dense/dense_bm25
A027,Operating Systems Three Easy Pieces (Remzi H. Arpaci-Dusseau etc.) (Z-Library)_chunk_359,,dense
A027,Operating Systems Three Easy Pieces (Remzi H. Arpaci-Dusseau etc.) (Z-Library)_chunk_381,,dense/dense_bm25
A027,Operating Systems Three Easy Pieces (Remzi H. Arpaci-Dusseau etc.) (Z-Library)_chunk_401,,dense
A027,Operating Systems Three Easy Pieces (Remzi H. Arpaci-Dusseau etc.) (Z-Library)_chunk_414,,dense
A027,Operating Systems Three Easy Pieces (Remzi H. Arpaci-Dusseau etc.) (Z-Library)_chunk_415,,dense/dense_bm25
A027,Operating Systems Three Easy Pieces (Remzi H. Arpaci-Dusseau etc.) (Z-Library)_chunk_456,,tfidf
A027,Operating Systems Three Easy Pieces (Remzi H. Arpaci-Dusseau etc.) (Z-Library)_chunk_537,,tfidf
A027,Operating Systems Three Easy Pieces (Remzi H. Arpaci-Dusseau etc.) (Z-Library)_chunk_574,,dense/dense_bm25
A027,Operating Systems Three Easy Pieces (Remzi H. Arpaci-Dusseau etc.) (Z-Library)_chunk_577,,bm25/dense_bm25/tfidf
A027,Operating Systems Three Easy Pieces (Remzi H. Arpaci-Dusseau etc.) (Z-Library)_chunk_578,,tfidf
A027,Operating Systems Three Easy Pieces (Remzi H. Arpaci-Dusseau etc.) (Z-Library)_chunk_579,,bm25/dense/dense_bm25/tfidf
A027,Operating Systems Three Easy Pieces (Remzi H. Arpaci-Dusseau etc.) (Z-Library)_chunk_580,,tfidf
A027,Operating Systems Three Easy Pieces (Remzi H. Arpaci-Dusseau etc.) (Z-Library)_chunk_657,,dense/tfidf
A027,Operating Systems Three Easy Pieces (Remzi H. Arpaci-Dusseau etc.) (Z-Library)_chunk_775,,tfidf
A027,"[计算机科学丛书]数据结构与算法 Python语言实现 (Michael T. Goodrich, Roberto Tamassia etc.) (Z-Library)_chunk_737",,tfidf
A027,操作系统导论-OSTEP (王海鹏 译) (Z-Library)_chunk_136,,dense/dense_bm25
A027,操作系统导论-OSTEP (王海鹏 译) (Z-Library)_chunk_158,,bm25/dense_bm25
A027,操作系统导论-OSTEP (王海鹏 译) (Z-Library)_chunk_196,,bm25/dense/dense_bm25/tfidf
A027,操作系统导论-OSTEP (王海鹏 译) (Z-Library)_chunk_226,,dense/dense_bm25
A027,操作系统导论-OSTEP (王海鹏 译) (Z-Library)_chunk_232,,bm25/dense_bm25
A027,操作系统导论-OSTEP (王海鹏 译) (Z-Library)_chunk_422,,dense
A027,操作系统导论-OSTEP (王海鹏 译) (Z-Library)_chunk_554,,dense
A027,操作系统导论-OSTEP (王海鹏 译) (Z-Library)_chunk_555,,dense/dense_bm25
A027,操作系统导论-OSTEP (王海鹏 译) (Z-Library)_chunk_556,,dense/dense_bm25
A027,数据结构 (邓俊辉) (Z-Library)_chunk_38,,bm25
A027,数据结构 (邓俊辉) (Z-Library)_chunk_55,,dense/dense_bm25
A027,数据结构（C语言版 第2版） (严蔚敏) (Z-Library)_chunk_20,,bm25/dense_bm25
A027,"现代操作系统 (Andrew S. Tanenbaum, Herbert Bos) (Z-Library)_chunk_191",,dense/tfidf
A027,"现代操作系统 (Andrew S. Tanenbaum, Herbert Bos) (Z-Library)_chunk_194",,bm25/dense/dense_bm25
A027,"现代操作系统 (Andrew S. Tanenbaum, Herbert Bos) (Z-Library)_chunk_199",,dense_bm25
A027,"现代操作系统 (Andrew S. Tanenbaum, Herbert Bos) (Z-Library)_chunk_230",,dense/dense_bm25/tfidf
A027,"现代操作系统 (Andrew S. Tanenbaum, Herbert Bos) (Z-Library)_chunk_241",,bm25/dense_bm25/tfidf
A027,"现代操作系统 (Andrew S. Tanenbaum, Herbert Bos) (Z-Library)_chunk_242",,dense_bm25
A027,"现代操作系统 (Andrew S. Tanenbaum, Herbert Bos) (Z-Library)_chunk_254",,bm25
A027,"现代操作系统 (Andrew S. Tanenbaum, Herbert Bos) (Z-Library)_chunk_572",,bm25
A027,"现代操作系统 (Andrew S. Tanenbaum, Herbert Bos) (Z-Library)_chunk_674",,bm25
A027,"现代操作系统 (Andrew S. Tanenbaum, Herbert Bos) (Z-Library)_chunk_959",,bm25
A027,"计算机网络 (吴功宜,吴英) (Z-Library)(OCR)_chunk_156",,dense/dense_bm25
A027,"计算机网络 (吴功宜,吴英) (Z-Library)(OCR)_chunk_157",,tfidf
A027,"计算机网络 (吴功宜,吴英) (Z-Library)(OCR)_chunk_42",,dense
A027,计算机网络（原书第7版） 自顶向下方法 (James F. Kurose Keith W. Ross) (Z-Library)_chunk_198,,dense
A027,计算机网络（原书第7版） 自顶向下方法 (James F. Kurose Keith W. Ross) (Z-Library)_chunk_199,,tfidf
A027,计算机网络（原书第7版） 自顶向下方法 (James F. Kurose Keith W. Ross) (Z-Library)_chunk_228,,bm25/dense_bm25
A027,计算机网络（原书第7版） 自顶向下方法 (James F. Kurose Keith W. Ross) (Z-Library)_chunk_229,,bm25/dense_bm25
A027,计算机网络（原书第7版） 自顶向下方法 (James F. Kurose Keith W. Ross) (Z-Library)_chunk_329,,dense_bm25
A027,计算机网络（原书第7版） 自顶向下方法 (James F. Kurose Keith W. Ross) (Z-Library)_chunk_57,,bm25
A027,计算机网络（第8版） (谢希仁) (Z-Library)(OCR)_chunk_19,,tfidf
A027,计算机网络（第8版） (谢希仁) (Z-Library)(OCR)_chunk_202,,bm25/dense_bm25
A027,计算机网络（第8版） (谢希仁) (Z-Library)(OCR)_chunk_228,,dense
A027,计算机网络（第8版） (谢希仁) (Z-Library)(OCR)_chunk_229,,dense_bm25
A027,计算机网络（第8版） (谢希仁) (Z-Library)(OCR)_chunk_46,,bm25
A027,计算机网络（第8版） (谢希仁) (Z-Library)(OCR)_chunk_492,,bm25/dense_bm25
A028,2024年王道计算机网络复习指导 (王道计算机) (Z-Library)_chunk_123,,bm25
A028,Operating Systems Three Easy Pieces (Remzi H. Arpaci-Dusseau etc.) (Z-Library)_chunk_25,,tfidf
A028,Operating Systems Three Easy Pieces (Remzi H. Arpaci-Dusseau etc.) (Z-Library)_chunk_430,,tfidf
A028,Operating Systems Three Easy Pieces (Remzi H. Arpaci-Dusseau etc.) (Z-Library)_chunk_441,,tfidf
A028,Operating Systems Three Easy Pieces (Remzi H. Arpaci-Dusseau etc.) (Z-Library)_chunk_663,,tfidf
A028,Operating Systems Three Easy Pieces (Remzi H. Arpaci-Dusseau etc.) (Z-Library)_chunk_823,,tfidf
A028,Operating Systems Three Easy Pieces (Remzi H. Arpaci-Dusseau etc.) (Z-Library)_chunk_825,,tfidf
A028,Python数据结构与算法分析 第3版 (米勒 拉努姆 罗曼) (Z-Library)_chunk_116,,tfidf
A028,Python数据结构与算法分析 第3版 (米勒 拉努姆 罗曼) (Z-Library)_chunk_15,,tfidf
A028,Python数据结构与算法分析 第3版 (米勒 拉努姆 罗曼) (Z-Library)_chunk_16,,tfidf
A028,Python数据结构与算法分析 第3版 (米勒 拉努姆 罗曼) (Z-Library)_chunk_166,,dense/dense_bm25
A028,Python数据结构与算法分析 第3版 (米勒 拉努姆 罗曼) (Z-Library)_chunk_177,,dense
A028,Python数据结构与算法分析 第3版 (米勒 拉努姆 罗曼) (Z-Library)_chunk_187,,dense/dense_bm25
A028,Python数据结构与算法分析 第3版 (米勒 拉努姆 罗曼) (Z-Library)_chunk_263,,bm25/dense_bm25
A028,Python数据结构与算法分析 第3版 (米勒 拉努姆 罗曼) (Z-Library)_chunk_264,,bm25/dense_bm25/tfidf
A028,Python数据结构与算法分析 第3版 (米勒 拉努姆 罗曼) (Z-Library)_chunk_266,,bm25/dense_bm25/tfidf
A028,Python数据结构与算法分析 第3版 (米勒 拉努姆 罗曼) (Z-Library)_chunk_267,,bm25/dense_bm25
A028,Python数据结构与算法分析 第3版 (米勒 拉努姆 罗曼) (Z-Library)_chunk_268,,bm25/dense_bm25
A028,Python数据结构与算法分析 第3版 (米勒 拉努姆 罗曼) (Z-Library)_chunk_284,,bm25/dense_bm25/tfidf
A028,Python数据结构与算法分析 第3版 (米勒 拉努姆 罗曼) (Z-Library)_chunk_287,,bm25/dense_bm25/tfidf
A028,Python数据结构与算法分析 第3版 (米勒 拉努姆 罗曼) (Z-Library)_chunk_29,,dense/dense_bm25
A028,Python数据结构与算法分析 第3版 (米勒 拉努姆 罗曼) (Z-Library)_chunk_321,,tfidf
A028,Python数据结构与算法分析 第3版 (米勒 拉努姆 罗曼) (Z-Library)_chunk_323,,tfidf
A028,Python数据结构与算法分析 第3版 (米勒 拉努姆 罗曼) (Z-Library)_chunk_324,,bm25/dense_bm25
A028,Python数据结构与算法分析 第3版 (米勒 拉努姆 罗曼) (Z-Library)_chunk_350,,bm25/dense_bm25/tfidf
A028,"[计算机科学丛书]数据结构与算法 Python语言实现 (Michael T. Goodrich, Roberto Tamassia etc.) (Z-Library)_chunk_236",,dense/dense_bm25
A028,"[计算机科学丛书]数据结构与算法 Python语言实现 (Michael T. Goodrich, Roberto Tamassia etc.) (Z-Library)_chunk_284",,dense_bm25
A028,"[计算机科学丛书]数据结构与算法 Python语言实现 (Michael T. Goodrich, Roberto Tamassia etc.) (Z-Library)_chunk_287",,dense
A028,"[计算机科学丛书]数据结构与算法 Python语言实现 (Michael T. Goodrich, Roberto Tamassia etc.) (Z-Library)_chunk_356",,dense
A028,"[计算机科学丛书]数据结构与算法 Python语言实现 (Michael T. Goodrich, Roberto Tamassia etc.) (Z-Library)_chunk_357",,dense
A028,"[计算机科学丛书]数据结构与算法 Python语言实现 (Michael T. Goodrich, Roberto Tamassia etc.) (Z-Library)_chunk_358",,dense/dense_bm25
A028,"[计算机科学丛书]数据结构与算法 Python语言实现 (Michael T. Goodrich, Roberto Tamassia etc.) (Z-Library)_chunk_369",,dense
A028,"[计算机科学丛书]数据结构与算法 Python语言实现 (Michael T. Goodrich, Roberto Tamassia etc.) (Z-Library)_chunk_379",,dense
A028,"[计算机科学丛书]数据结构与算法 Python语言实现 (Michael T. Goodrich, Roberto Tamassia etc.) (Z-Library)_chunk_380",,dense/dense_bm25
A028,"[计算机科学丛书]数据结构与算法 Python语言实现 (Michael T. Goodrich, Roberto Tamassia etc.) (Z-Library)_chunk_413",,dense
A028,"[计算机科学丛书]数据结构与算法 Python语言实现 (Michael T. Goodrich, Roberto Tamassia etc.) (Z-Library)_chunk_423",,dense/dense_bm25
A028,"[计算机科学丛书]数据结构与算法 Python语言实现 (Michael T. Goodrich, Roberto Tamassia etc.) (Z-Library)_chunk_425",,dense/dense_bm25
A028,"[计算机科学丛书]数据结构与算法 Python语言实现 (Michael T. Goodrich, Roberto Tamassia etc.) (Z-Library)_chunk_427",,tfidf
A028,"[计算机科学丛书]数据结构与算法 Python语言实现 (Michael T. Goodrich, Roberto Tamassia etc.) (Z-Library)_chunk_428",,dense
A028,"[计算机科学丛书]数据结构与算法 Python语言实现 (Michael T. Goodrich, Roberto Tamassia etc.) (Z-Library)_chunk_583",,dense
A028,"[计算机科学丛书]数据结构与算法 Python语言实现 (Michael T. Goodrich, Roberto Tamassia etc.) (Z-Library)_chunk_682",,dense_bm25/tfidf
A028,"[计算机科学丛书]数据结构与算法 Python语言实现 (Michael T. Goodrich, Roberto Tamassia etc.) (Z-Library)_chunk_709",,dense/dense_bm25
A028,"[计算机科学丛书]数据结构与算法 Python语言实现 (Michael T. Goodrich, Roberto Tamassia etc.) (Z-Library)_chunk_737",,dense
A028,操作系统导论-OSTEP (王海鹏 译) (Z-Library)_chunk_289,,bm25
A028,操作系统导论-OSTEP (王海鹏 译) (Z-Library)_chunk_293,,bm25
A028,数据结构 (邓俊辉) (Z-Library)_chunk_102,,dense
A028,数据结构 (邓俊辉) (Z-Library)_chunk_104,,bm25/dense_bm25
A028,数据结构 (邓俊辉) (Z-Library)_chunk_105,,bm25/dense_bm25
A028,数据结构 (邓俊辉) (Z-Library)_chunk_108,,bm25/dense_bm25
A028,数据结构 (邓俊辉) (Z-Library)_chunk_116,,bm25/dense_bm25/tfidf
A028,数据结构 (邓俊辉) (Z-Library)_chunk_129,,bm25/dense_bm25
A028,数据结构 (邓俊辉) (Z-Library)_chunk_156,,dense
A028,数据结构 (邓俊辉) (Z-Library)_chunk_351,,dense/dense_bm25
A028,数据结构 (邓俊辉) (Z-Library)_chunk_352,,dense
A028,数据结构 (邓俊辉) (Z-Library)_chunk_355,,dense/dense_bm25
A028,数据结构 (邓俊辉) (Z-Library)_chunk_366,,dense
A028,数据结构（C语言版 第2版） (严蔚敏) (Z-Library)_chunk_165,,dense
A028,数据结构（C语言版 第2版） (严蔚敏) (Z-Library)_chunk_211,,dense/dense_bm25
A028,数据结构（C语言版 第2版） (严蔚敏) (Z-Library)_chunk_333,,dense/dense_bm25
A028,数据结构（C语言版 第2版） (严蔚敏) (Z-Library)_chunk_70,,dense/dense_bm25
A028,数据结构（C语言版 第2版） (严蔚敏) (Z-Library)_chunk_93,,dense
A028,"现代操作系统 (Andrew S. Tanenbaum, Herbert Bos) (Z-Library)_chunk_903",,bm25
A028,计算机网络（原书第7版） 自顶向下方法 (James F. Kurose Keith W. Ross) (Z-Library)_chunk_14,,bm25
A028,计算机网络（原书第7版） 自顶向下方法 (James F. Kurose Keith W. Ross) (Z-Library)_chunk_398,,bm25/tfidf
A029,2024年王道计算机网络复习指导 (王道计算机) (Z-Library)_chunk_290,,dense
A029,2024年王道计算机网络复习指导 (王道计算机) (Z-Library)_chunk_291,,dense/dense_bm25
A029,2024年王道计算机网络复习指导 (王道计算机) (Z-Library)_chunk_292,,bm25/dense/dense_bm25/tfidf
A029,2024年王道计算机网络复习指导 (王道计算机) (Z-Library)_chunk_293,,dense/dense_bm25/tfidf
A029,2024年王道计算机网络复习指导 (王道计算机) (Z-Library)_chunk_294,,dense/dense_bm25
A029,2024年王道计算机网络复习指导 (王道计算机) (Z-Library)_chunk_309,,dense
A029,2024年王道计算机网络复习指导 (王道计算机) (Z-Library)_chunk_310,,dense/dense_bm25
A029,2024年王道计算机网络复习指导 (王道计算机) (Z-Library)_chunk_311,,bm25/tfidf
A029,2024年王道计算机网络复习指导 (王道计算机) (Z-Library)_chunk_314,,dense/dense_bm25
A029,2024年王道计算机网络复习指导 (王道计算机) (Z-Library)_chunk_315,,dense/dense_bm25
A029,2024年王道计算机网络复习指导 (王道计算机) (Z-Library)_chunk_320,,dense_bm25
A029,2024年王道计算机网络复习指导 (王道计算机) (Z-Library)_chunk_322,,dense/dense_bm25
A029,2024年王道计算机网络复习指导 (王道计算机) (Z-Library)_chunk_330,,bm25/tfidf
A029,2024年王道计算机网络复习指导 (王道计算机) (Z-Library)_chunk_335,,dense/dense_bm25
A029,2024年王道计算机网络复习指导 (王道计算机) (Z-Library)_chunk_348,,dense_bm25
A029,2024年王道计算机网络复习指导 (王道计算机) (Z-Library)_chunk_422,,dense
A029,2024年王道计算机网络复习指导 (王道计算机) (Z-Library)_chunk_497,,dense/dense_bm25
A029,2024年王道计算机网络复习指导 (王道计算机) (Z-Library)_chunk_523,,bm25/dense/dense_bm25/tfidf
A029,2024年王道计算机网络复习指导 (王道计算机) (Z-Library)_chunk_528,,bm25
A029,操作系统导论-OSTEP (王海鹏 译) (Z-Library)_chunk_122,,tfidf
A029,"计算机网络 (吴功宜,吴英) (Z-Library)(OCR)_chunk_226",,bm25/dense/dense_bm25/tfidf
A029,"计算机网络 (吴功宜,吴英) (Z-Library)(OCR)_chunk_231",,bm25/dense/dense_bm25
A029,"计算机网络 (吴功宜,吴英) (Z-Library)(OCR)_chunk_232",,dense_bm25
A029,"计算机网络 (吴功宜,吴英) (Z-Library)(OCR)_chunk_240",,bm25/dense/dense_bm25/tfidf
A029,"计算机网络 (吴功宜,吴英) (Z-Library)(OCR)_chunk_241",,bm25/dense/dense_bm25/tfidf
A029,"计算机网络 (吴功宜,吴英) (Z-Library)(OCR)_chunk_242",,bm25/dense/dense_bm25/tfidf
A029,"计算机网络 (吴功宜,吴英) (Z-Library)(OCR)_chunk_309",,bm25
A029,"计算机网络 (吴功宜,吴英) (Z-Library)(OCR)_chunk_310",,bm25/dense_bm25/tfidf
A029,计算机网络（原书第7版） 自顶向下方法 (James F. Kurose Keith W. Ross) (Z-Library)_chunk_212,,dense
A029,计算机网络（原书第7版） 自顶向下方法 (James F. Kurose Keith W. Ross) (Z-Library)_chunk_216,,bm25/dense/dense_bm25/tfidf
A029,计算机网络（原书第7版） 自顶向下方法 (James F. Kurose Keith W. Ross) (Z-Library)_chunk_217,,bm25/dense_bm25/tfidf
A029,计算机网络（原书第7版） 自顶向下方法 (James F. Kurose Keith W. Ross) (Z-Library)_chunk_233,,bm25/dense_bm25/tfidf
A029,计算机网络（原书第7版） 自顶向下方法 (James F. Kurose Keith W. Ross) (Z-Library)_chunk_312,,dense
A029,计算机网络（原书第7版） 自顶向下方法 (James F. Kurose Keith W. Ross) (Z-Library)_chunk_468,,tfidf
A029,计算机网络（第8版） (谢希仁) (Z-Library)(OCR)_chunk_155,,dense
A029,计算机网络（第8版） (谢希仁) (Z-Library)(OCR)_chunk_156,,dense
A029,计算机网络（第8版） (谢希仁) (Z-Library)(OCR)_chunk_158,,dense_bm25
A029,计算机网络（第8版） (谢希仁) (Z-Library)(OCR)_chunk_160,,bm25/tfidf
A029,计算机网络（第8版） (谢希仁) (Z-Library)(OCR)_chunk_162,,dense_bm25/tfidf
A029,计算机网络（第8版） (谢希仁) (Z-Library)(OCR)_chunk_231,,dense
A029,计算机网络（第8版） (谢希仁) (Z-Library)(OCR)_chunk_237,,dense/dense_bm25
A029,计算机网络（第8版） (谢希仁) (Z-Library)(OCR)_chunk_240,,bm25/dense/dense_bm25/tfidf
A029,计算机网络（第8版） (谢希仁) (Z-Library)(OCR)_chunk_241,,bm25/dense/dense_bm25/tfidf
A029,计算机网络（第8版） (谢希仁) (Z-Library)(OCR)_chunk_242,,bm25/dense/dense_bm25/tfidf
A029,计算机网络（第8版） (谢希仁) (Z-Library)(OCR)_chunk_260,,bm25/dense/dense_bm25
A030,2024年王道计算机网络复习指导 (王道计算机) (Z-Library)_chunk_237,,dense/dense_bm25
A030,Operating Systems Three Easy Pieces (Remzi H. Arpaci-Dusseau etc.) (Z-Library)_chunk_1152,,dense/dense_bm25
A030,Operating Systems Three Easy Pieces (Remzi H. Arpaci-Dusseau etc.) (Z-Library)_chunk_1303,,dense
A030,Operating Systems Three Easy Pieces (Remzi H. Arpaci-Dusseau etc.) (Z-Library)_chunk_1308,,dense
A030,Operating Systems Three Easy Pieces (Remzi H. Arpaci-Dusseau etc.) (Z-Library)_chunk_1317,,dense
A030,Operating Systems Three Easy Pieces (Remzi H. Arpaci-Dusseau etc.) (Z-Library)_chunk_1364,,dense
A030,Operating Systems Three Easy Pieces (Remzi H. Arpaci-Dusseau etc.) (Z-Library)_chunk_1367,,dense
A030,操作系统导论-OSTEP (王海鹏 译) (Z-Library)_chunk_401,,dense
A030,操作系统导论-OSTEP (王海鹏 译) (Z-Library)_chunk_412,,dense
A030,操作系统导论-OSTEP (王海鹏 译) (Z-Library)_chunk_417,,bm25
A030,操作系统导论-OSTEP (王海鹏 译) (Z-Library)_chunk_422,,tfidf
A030,操作系统导论-OSTEP (王海鹏 译) (Z-Library)_chunk_423,,bm25
A030,操作系统导论-OSTEP (王海鹏 译) (Z-Library)_chunk_424,,bm25/dense_bm25
A030,操作系统导论-OSTEP (王海鹏 译) (Z-Library)_chunk_430,,bm25/dense/dense_bm25
A030,操作系统导论-OSTEP (王海鹏 译) (Z-Library)_chunk_432,,bm25/dense_bm25
A030,操作系统导论-OSTEP (王海鹏 译) (Z-Library)_chunk_433,,dense/dense_bm25
A030,操作系统导论-OSTEP (王海鹏 译) (Z-Library)_chunk_434,,dense_bm25
A030,操作系统导论-OSTEP (王海鹏 译) (Z-Library)_chunk_435,,dense/dense_bm25
A030,操作系统导论-OSTEP (王海鹏 译) (Z-Library)_chunk_437,,tfidf
A030,操作系统导论-OSTEP (王海鹏 译) (Z-Library)_chunk_440,,dense
A030,操作系统导论-OSTEP (王海鹏 译) (Z-Library)_chunk_444,,dense
A030,操作系统导论-OSTEP (王海鹏 译) (Z-Library)_chunk_450,,dense_bm25
A030,操作系统导论-OSTEP (王海鹏 译) (Z-Library)_chunk_452,,dense/dense_bm25
A030,操作系统导论-OSTEP (王海鹏 译) (Z-Library)_chunk_465,,bm25
A030,操作系统导论-OSTEP (王海鹏 译) (Z-Library)_chunk_515,,dense
A030,操作系统导论-OSTEP (王海鹏 译) (Z-Library)_chunk_575,,dense/dense_bm25
A030,"现代操作系统 (Andrew S. Tanenbaum, Herbert Bos) (Z-Library)_chunk_1001",,dense
A030,"现代操作系统 (Andrew S. Tanenbaum, Herbert Bos) (Z-Library)_chunk_1094",,tfidf
A030,"现代操作系统 (Andrew S. Tanenbaum, Herbert Bos) (Z-Library)_chunk_1121",,dense
A030,"现代操作系统 (Andrew S. Tanenbaum, Herbert Bos) (Z-Library)_chunk_272",,tfidf
A030,"现代操作系统 (Andrew S. Tanenbaum, Herbert Bos) (Z-Library)_chunk_285",,bm25/tfidf
A030,"现代操作系统 (Andrew S. Tanenbaum, Herbert Bos) (Z-Library)_chunk_287",,tfidf
A030,"现代操作系统 (Andrew S. Tanenbaum, Herbert Bos) (Z-Library)_chunk_288",,tfidf
A030,"现代操作系统 (Andrew S. Tanenbaum, Herbert Bos) (Z-Library)_chunk_289",,tfidf
A030,"现代操作系统 (Andrew S. Tanenbaum, Herbert Bos) (Z-Library)_chunk_291",,dense
A030,"现代操作系统 (Andrew S. Tanenbaum, Herbert Bos) (Z-Library)_chunk_303",,bm25/dense_bm25/tfidf
A030,"现代操作系统 (Andrew S. Tanenbaum, Herbert Bos) (Z-Library)_chunk_304",,tfidf
A030,"现代操作系统 (Andrew S. Tanenbaum, Herbert Bos) (Z-Library)_chunk_305",,tfidf
A030,"现代操作系统 (Andrew S. Tanenbaum, Herbert Bos) (Z-Library)_chunk_306",,bm25/dense_bm25/tfidf
A030,"现代操作系统 (Andrew S. Tanenbaum, Herbert Bos) (Z-Library)_chunk_307",,bm25/dense_bm25
A030,"现代操作系统 (Andrew S. Tanenbaum, Herbert Bos) (Z-Library)_chunk_319",,dense_bm25/tfidf
A030,"现代操作系统 (Andrew S. Tanenbaum, Herbert Bos) (Z-Library)_chunk_325",,bm25/dense_bm25
A030,"现代操作系统 (Andrew S. Tanenbaum, Herbert Bos) (Z-Library)_chunk_337",,bm25/dense_bm25
A030,"现代操作系统 (Andrew S. Tanenbaum, Herbert Bos) (Z-Library)_chunk_339",,bm25/dense_bm25
A030,"现代操作系统 (Andrew S. Tanenbaum, Herbert Bos) (Z-Library)_chunk_341",,bm25/dense_bm25/tfidf
A030,"现代操作系统 (Andrew S. Tanenbaum, Herbert Bos) (Z-Library)_chunk_385",,dense
A030,"现代操作系统 (Andrew S. Tanenbaum, Herbert Bos) (Z-Library)_chunk_53",,tfidf
A030,"现代操作系统 (Andrew S. Tanenbaum, Herbert Bos) (Z-Library)_chunk_676",,dense
A030,"现代操作系统 (Andrew S. Tanenbaum, Herbert Bos) (Z-Library)_chunk_69",,tfidf
A030,"现代操作系统 (Andrew S. Tanenbaum, Herbert Bos) (Z-Library)_chunk_723",,dense
A030,"现代操作系统 (Andrew S. Tanenbaum, Herbert Bos) (Z-Library)_chunk_734",,bm25
A030,"现代操作系统 (Andrew S. Tanenbaum, Herbert Bos) (Z-Library)_chunk_738",,bm25
A030,"现代操作系统 (Andrew S. Tanenbaum, Herbert Bos) (Z-Library)_chunk_746",,dense
A030,"现代操作系统 (Andrew S. Tanenbaum, Herbert Bos) (Z-Library)_chunk_750",,dense_bm25
A030,"现代操作系统 (Andrew S. Tanenbaum, Herbert Bos) (Z-Library)_chunk_751",,bm25/dense_bm25/tfidf
A030,"现代操作系统 (Andrew S. Tanenbaum, Herbert Bos) (Z-Library)_chunk_753",,dense/dense_bm25
A030,"现代操作系统 (Andrew S. Tanenbaum, Herbert Bos) (Z-Library)_chunk_754",,bm25/dense_bm25/tfidf
A030,"现代操作系统 (Andrew S. Tanenbaum, Herbert Bos) (Z-Library)_chunk_836",,dense_bm25
A030,"现代操作系统 (Andrew S. Tanenbaum, Herbert Bos) (Z-Library)_chunk_881",,dense/dense_bm25
A030,"现代操作系统 (Andrew S. Tanenbaum, Herbert Bos) (Z-Library)_chunk_894",,bm25/tfidf
A030,"现代操作系统 (Andrew S. Tanenbaum, Herbert Bos) (Z-Library)_chunk_900",,dense
A030,"现代操作系统 (Andrew S. Tanenbaum, Herbert Bos) (Z-Library)_chunk_916",,dense/dense_bm25
A030,"现代操作系统 (Andrew S. Tanenbaum, Herbert Bos) (Z-Library)_chunk_97",,bm25/dense_bm25
A030,"现代操作系统 (Andrew S. Tanenbaum, Herbert Bos) (Z-Library)_chunk_972",,dense
A030,计算机网络（原书第7版） 自顶向下方法 (James F. Kurose Keith W. Ross) (Z-Library)_chunk_178,,dense/dense_bm25
A030,计算机网络（第8版） (谢希仁) (Z-Library)(OCR)_chunk_376,,dense_bm25/tfidf
A030,计算机网络（第8版） (谢希仁) (Z-Library)(OCR)_chunk_377,,dense_bm25
A031,Python数据结构与算法分析 第3版 (米勒 拉努姆 罗曼) (Z-Library)_chunk_153,,dense/dense_bm25/tfidf
A031,Python数据结构与算法分析 第3版 (米勒 拉努姆 罗曼) (Z-Library)_chunk_156,,dense_bm25
A031,Python数据结构与算法分析 第3版 (米勒 拉努姆 罗曼) (Z-Library)_chunk_165,,dense_bm25
A031,Python数据结构与算法分析 第3版 (米勒 拉努姆 罗曼) (Z-Library)_chunk_238,,bm25/dense_bm25/tfidf
A031,Python数据结构与算法分析 第3版 (米勒 拉努姆 罗曼) (Z-Library)_chunk_247,,bm25
A031,Python数据结构与算法分析 第3版 (米勒 拉努姆 罗曼) (Z-Library)_chunk_248,,bm25
A031,Python数据结构与算法分析 第3版 (米勒 拉努姆 罗曼) (Z-Library)_chunk_249,,bm25
A031,"[计算机科学丛书]数据结构与算法 Python语言实现 (Michael T. Goodrich, Roberto Tamassia etc.) (Z-Library)_chunk_414",,dense
A031,"[计算机科学丛书]数据结构与算法 Python语言实现 (Michael T. Goodrich, Roberto Tamassia etc.) (Z-Library)_chunk_504",,dense_bm25/tfidf
A031,"[计算机科学丛书]数据结构与算法 Python语言实现 (Michael T. Goodrich, Roberto Tamassia etc.) (Z-Library)_chunk_514",,dense_bm25
A031,"[计算机科学丛书]数据结构与算法 Python语言实现 (Michael T. Goodrich, Roberto Tamassia etc.) (Z-Library)_chunk_524",,dense_bm25
A031,"[计算机科学丛书]数据结构与算法 Python语言实现 (Michael T. Goodrich, Roberto Tamassia etc.) (Z-Library)_chunk_526",,dense_bm25
A031,"[计算机科学丛书]数据结构与算法 Python语言实现 (Michael T. Goodrich, Roberto Tamassia etc.) (Z-Library)_chunk_528",,dense
A031,"[计算机科学丛书]数据结构与算法 Python语言实现 (Michael T. Goodrich, Roberto Tamassia etc.) (Z-Library)_chunk_530",,dense_bm25/tfidf
A031,"[计算机科学丛书]数据结构与算法 Python语言实现 (Michael T. Goodrich, Roberto Tamassia etc.) (Z-Library)_chunk_531",,tfidf
A031,"[计算机科学丛书]数据结构与算法 Python语言实现 (Michael T. Goodrich, Roberto Tamassia etc.) (Z-Library)_chunk_538",,bm25
A031,"[计算机科学丛书]数据结构与算法 Python语言实现 (Michael T. Goodrich, Roberto Tamassia etc.) (Z-Library)_chunk_610",,bm25/dense_bm25/tfidf
A031,"[计算机科学丛书]数据结构与算法 Python语言实现 (Michael T. Goodrich, Roberto Tamassia etc.) (Z-Library)_chunk_611",,tfidf
A031,"[计算机科学丛书]数据结构与算法 Python语言实现 (Michael T. Goodrich, Roberto Tamassia etc.) (Z-Library)_chunk_612",,bm25/dense_bm25/tfidf
A031,"[计算机科学丛书]数据结构与算法 Python语言实现 (Michael T. Goodrich, Roberto Tamassia etc.) (Z-Library)_chunk_762",,tfidf
A031,数据结构 (邓俊辉) (Z-Library)_chunk_124,,dense
A031,数据结构 (邓俊辉) (Z-Library)_chunk_126,,dense
A031,数据结构 (邓俊辉) (Z-Library)_chunk_236,,bm25/dense/dense_bm25/tfidf
A031,数据结构 (邓俊辉) (Z-Library)_chunk_237,,bm25
A031,数据结构 (邓俊辉) (Z-Library)_chunk_240,,bm25
A031,数据结构 (邓俊辉) (Z-Library)_chunk_261,,dense
A031,数据结构 (邓俊辉) (Z-Library)_chunk_4,,dense
A031,数据结构 (邓俊辉) (Z-Library)_chunk_457,,dense
A031,数据结构 (邓俊辉) (Z-Library)_chunk_73,,dense
A031,数据结构 (邓俊辉) (Z-Library)_chunk_90,,dense
A031,数据结构 (邓俊辉) (Z-Library)_chunk_94,,dense_bm25
A031,数据结构（C语言版 第2版） (严蔚敏) (Z-Library)_chunk_239,,bm25
A031,数据结构（C语言版 第2版） (严蔚敏) (Z-Library)_chunk_241,,bm25
A031,数据结构（C语言版 第2版） (严蔚敏) (Z-Library)_chunk_242,,bm25
A031,数据结构（C语言版 第2版） (严蔚敏) (Z-Library)_chunk_254,,bm25/dense_bm25/tfidf
A031,数据结构（C语言版 第2版） (严蔚敏) (Z-Library)_chunk_268,,dense/dense_bm25
A031,数据结构（C语言版 第2版） (严蔚敏) (Z-Library)_chunk_269,,dense
A031,数据结构（C语言版 第2版） (严蔚敏) (Z-Library)_chunk_310,,bm25/dense/dense_bm25
A031,数据结构（C语言版 第2版） (严蔚敏) (Z-Library)_chunk_311,,dense/dense_bm25/tfidf
A031,数据结构（C语言版 第2版） (严蔚敏) (Z-Library)_chunk_312,,dense/dense_bm25/tfidf
A031,数据结构（C语言版 第2版） (严蔚敏) (Z-Library)_chunk_314,,tfidf
A031,数据结构（C语言版 第2版） (严蔚敏) (Z-Library)_chunk_316,,dense
A031,数据结构（C语言版 第2版） (严蔚敏) (Z-Library)_chunk_318,,dense
A031,数据结构（C语言版 第2版） (严蔚敏) (Z-Library)_chunk_320,,dense/dense_bm25
A031,数据结构（C语言版 第2版） (严蔚敏) (Z-Library)_chunk_323,,dense/dense_bm25
A031,数据结构（C语言版 第2版） (严蔚敏) (Z-Library)_chunk_329,,dense
A031,数据结构（C语言版 第2版） (严蔚敏) (Z-Library)_chunk_330,,dense
A031,数据结构（C语言版 第2版） (严蔚敏) (Z-Library)_chunk_331,,dense/dense_bm25
A031,数据结构（C语言版 第2版） (严蔚敏) (Z-Library)_chunk_332,,dense/dense_bm25
A031,数据结构（C语言版 第2版） (严蔚敏) (Z-Library)_chunk_333,,dense/dense_bm25
A031,数据结构（C语言版 第2版） (严蔚敏) (Z-Library)_chunk_338,,dense/dense_bm25
A031,数据结构（C语言版 第2版） (严蔚敏) (Z-Library)_chunk_341,,bm25/dense/dense_bm25
A031,数据结构（C语言版 第2版） (严蔚敏) (Z-Library)_chunk_342,,dense/dense_bm25
A031,数据结构（C语言版 第2版） (严蔚敏) (Z-Library)_chunk_349,,bm25/dense/dense_bm25
A031,数据结构（C语言版 第2版） (严蔚敏) (Z-Library)_chunk_353,,dense_bm25/tfidf
A031,数据结构（C语言版 第2版） (严蔚敏) (Z-Library)_chunk_354,,dense/dense_bm25
A031,数据结构（C语言版 第2版） (严蔚敏) (Z-Library)_chunk_355,,dense_bm25/tfidf
A031,数据结构（C语言版 第2版） (严蔚敏) (Z-Library)_chunk_356,,tfidf
A031,数据结构（C语言版 第2版） (严蔚敏) (Z-Library)_chunk_383,,bm25
A031,"计算机网络 (吴功宜,吴英) (Z-Library)(OCR)_chunk_16",,bm25
A031,"计算机网络 (吴功宜,吴英) (Z-Library)(OCR)_chunk_32",,tfidf
A031,"计算机网络 (吴功宜,吴英) (Z-Library)(OCR)_chunk_33",,tfidf
A031,"计算机网络 (吴功宜,吴英) (Z-Library)(OCR)_chunk_34",,tfidf
A031,计算机网络（第8版） (谢希仁) (Z-Library)(OCR)_chunk_145,,bm25
A032,Operating Systems Three Easy Pieces (Remzi H. Arpaci-Dusseau etc.) (Z-Library)_chunk_1559,,tfidf
A032,Operating Systems Three Easy Pieces (Remzi H. Arpaci-Dusseau etc.) (Z-Library)_chunk_456,,tfidf
A032,Operating Systems Three Easy Pieces (Remzi H. Arpaci-Dusseau etc.) (Z-Library)_chunk_464,,tfidf
A032,Operating Systems Three Easy Pieces (Remzi H. Arpaci-Dusseau etc.) (Z-Library)_chunk_465,,dense
A032,Operating Systems Three Easy Pieces (Remzi H. Arpaci-Dusseau etc.) (Z-Library)_chunk_544,,tfidf
A032,Operating Systems Three Easy Pieces (Remzi H. Arpaci-Dusseau etc.) (Z-Library)_chunk_545,,tfidf
A032,Operating Systems Three Easy Pieces (Remzi H. Arpaci-Dusseau etc.) (Z-Library)_chunk_546,,dense/dense_bm25/tfidf
A032,Operating Systems Three Easy Pieces (Remzi H. Arpaci-Dusseau etc.) (Z-Library)_chunk_555,,tfidf
A032,Operating Systems Three Easy Pieces (Remzi H. Arpaci-Dusseau etc.) (Z-Library)_chunk_561,,tfidf
A032,Operating Systems Three Easy Pieces (Remzi H. Arpaci-Dusseau etc.) (Z-Library)_chunk_585,,dense
A032,Operating Systems Three Easy Pieces (Remzi H. Arpaci-Dusseau etc.) (Z-Library)_chunk_592,,dense
A032,Python数据结构与算法分析 第3版 (米勒 拉努姆 罗曼) (Z-Library)_chunk_111,,dense
A032,Python数据结构与算法分析 第3版 (米勒 拉努姆 罗曼) (Z-Library)_chunk_239,,dense
A032,操作系统导论-OSTEP (王海鹏 译) (Z-Library)_chunk_154,,tfidf
A032,操作系统导论-OSTEP (王海鹏 译) (Z-Library)_chunk_155,,dense/dense_bm25
A032,操作系统导论-OSTEP (王海鹏 译) (Z-Library)_chunk_158,,dense/dense_bm25
A032,操作系统导论-OSTEP (王海鹏 译) (Z-Library)_chunk_175,,tfidf
A032,操作系统导论-OSTEP (王海鹏 译) (Z-Library)_chunk_186,,bm25
A032,操作系统导论-OSTEP (王海鹏 译) (Z-Library)_chunk_187,,tfidf
A032,操作系统导论-OSTEP (王海鹏 译) (Z-Library)_chunk_188,,bm25/dense_bm25
A032,操作系统导论-OSTEP (王海鹏 译) (Z-Library)_chunk_192,,dense/dense_bm25
A032,操作系统导论-OSTEP (王海鹏 译) (Z-Library)_chunk_194,,dense/dense_bm25
A032,操作系统导论-OSTEP (王海鹏 译) (Z-Library)_chunk_198,,tfidf
A032,操作系统导论-OSTEP (王海鹏 译) (Z-Library)_chunk_205,,tfidf
A032,操作系统导论-OSTEP (王海鹏 译) (Z-Library)_chunk_210,,tfidf
A032,操作系统导论-OSTEP (王海鹏 译) (Z-Library)_chunk_216,,tfidf
A032,操作系统导论-OSTEP (王海鹏 译) (Z-Library)_chunk_217,,tfidf
A032,操作系统导论-OSTEP (王海鹏 译) (Z-Library)_chunk_558,,dense_bm25
A032,操作系统导论-OSTEP (王海鹏 译) (Z-Library)_chunk_559,,bm25/dense_bm25
A032,"现代操作系统 (Andrew S. Tanenbaum, Herbert Bos) (Z-Library)_chunk_1091",,dense
A032,"现代操作系统 (Andrew S. Tanenbaum, Herbert Bos) (Z-Library)_chunk_113",,dense_bm25
A032,"现代操作系统 (Andrew S. Tanenbaum, Herbert Bos) (Z-Library)_chunk_200",,bm25/tfidf
A032,"现代操作系统 (Andrew S. Tanenbaum, Herbert Bos) (Z-Library)_chunk_201",,bm25/dense_bm25
A032,"现代操作系统 (Andrew S. Tanenbaum, Herbert Bos) (Z-Library)_chunk_202",,bm25/dense/dense_bm25
A032,"现代操作系统 (Andrew S. Tanenbaum, Herbert Bos) (Z-Library)_chunk_203",,bm25
A032,"现代操作系统 (Andrew S. Tanenbaum, Herbert Bos) (Z-Library)_chunk_204",,dense_bm25
A032,"现代操作系统 (Andrew S. Tanenbaum, Herbert Bos) (Z-Library)_chunk_209",,bm25/dense/dense_bm25/tfidf
A032,"现代操作系统 (Andrew S. Tanenbaum, Herbert Bos) (Z-Library)_chunk_212",,dense
A032,"现代操作系统 (Andrew S. Tanenbaum, Herbert Bos) (Z-Library)_chunk_215",,dense
A032,"现代操作系统 (Andrew S. Tanenbaum, Herbert Bos) (Z-Library)_chunk_216",,dense
A032,"现代操作系统 (Andrew S. Tanenbaum, Herbert Bos) (Z-Library)_chunk_225",,bm25
A032,"现代操作系统 (Andrew S. Tanenbaum, Herbert Bos) (Z-Library)_chunk_227",,bm25
A032,"现代操作系统 (Andrew S. Tanenbaum, Herbert Bos) (Z-Library)_chunk_228",,dense_bm25
A032,"现代操作系统 (Andrew S. Tanenbaum, Herbert Bos) (Z-Library)_chunk_235",,bm25/dense_bm25/tfidf
A032,"现代操作系统 (Andrew S. Tanenbaum, Herbert Bos) (Z-Library)_chunk_238",,bm25
A032,"现代操作系统 (Andrew S. Tanenbaum, Herbert Bos) (Z-Library)_chunk_244",,dense
A032,"现代操作系统 (Andrew S. Tanenbaum, Herbert Bos) (Z-Library)_chunk_247",,dense
A032,"现代操作系统 (Andrew S. Tanenbaum, Herbert Bos) (Z-Library)_chunk_251",,bm25
A032,"现代操作系统 (Andrew S. Tanenbaum, Herbert Bos) (Z-Library)_chunk_252",,bm25/dense/dense_bm25
A032,"现代操作系统 (Andrew S. Tanenbaum, Herbert Bos) (Z-Library)_chunk_258",,bm25/dense_bm25
A032,"现代操作系统 (Andrew S. Tanenbaum, Herbert Bos) (Z-Library)_chunk_260",,bm25/dense/dense_bm25
A032,"现代操作系统 (Andrew S. Tanenbaum, Herbert Bos) (Z-Library)_chunk_263",,bm25/dense_bm25
A032,"现代操作系统 (Andrew S. Tanenbaum, Herbert Bos) (Z-Library)_chunk_265",,bm25/dense_bm25
A032,"现代操作系统 (Andrew S. Tanenbaum, Herbert Bos) (Z-Library)_chunk_407",,dense
A032,"现代操作系统 (Andrew S. Tanenbaum, Herbert Bos) (Z-Library)_chunk_726",,bm25/dense_bm25/tfidf
A032,"现代操作系统 (Andrew S. Tanenbaum, Herbert Bos) (Z-Library)_chunk_727",,bm25
A032,"现代操作系统 (Andrew S. Tanenbaum, Herbert Bos) (Z-Library)_chunk_731",,dense_bm25
A032,"现代操作系统 (Andrew S. Tanenbaum, Herbert Bos) (Z-Library)_chunk_732",,dense_bm25
A032,"现代操作系统 (Andrew S. Tanenbaum, Herbert Bos) (Z-Library)_chunk_870",,dense/dense_bm25
A032,"现代操作系统 (Andrew S. Tanenbaum, Herbert Bos) (Z-Library)_chunk_875",,dense/dense_bm25
A032,"现代操作系统 (Andrew S. Tanenbaum, Herbert Bos) (Z-Library)_chunk_877",,dense_bm25
A032,"现代操作系统 (Andrew S. Tanenbaum, Herbert Bos) (Z-Library)_chunk_879",,dense/dense_bm25
A032,"现代操作系统 (Andrew S. Tanenbaum, Herbert Bos) (Z-Library)_chunk_880",,dense_bm25
A032,"计算机网络 (吴功宜,吴英) (Z-Library)(OCR)_chunk_103",,dense
A032,"计算机网络 (吴功宜,吴英) (Z-Library)(OCR)_chunk_371",,dense/dense_bm25
A032,计算机网络（原书第7版） 自顶向下方法 (James F. Kurose Keith W. Ross) (Z-Library)_chunk_285,,dense
A032,计算机网络（第8版） (谢希仁) (Z-Library)(OCR)_chunk_100,,dense
A032,计算机网络（第8版） (谢希仁) (Z-Library)(OCR)_chunk_341,,dense/dense_bm25
A032,计算机网络（第8版） (谢希仁) (Z-Library)(OCR)_chunk_342,,dense
A033,2024年王道计算机网络复习指导 (王道计算机) (Z-Library)_chunk_520,,bm25/dense_bm25
A033,Python数据结构与算法分析 第3版 (米勒 拉努姆 罗曼) (Z-Library)_chunk_140,,dense/dense_bm25
A033,Python数据结构与算法分析 第3版 (米勒 拉努姆 罗曼) (Z-Library)_chunk_141,,dense
A033,Python数据结构与算法分析 第3版 (米勒 拉努姆 罗曼) (Z-Library)_chunk_145,,dense/dense_bm25
A033,Python数据结构与算法分析 第3版 (米勒 拉努姆 罗曼) (Z-Library)_chunk_193,,dense
A033,Python数据结构与算法分析 第3版 (米勒 拉努姆 罗曼) (Z-Library)_chunk_199,,tfidf
A033,Python数据结构与算法分析 第3版 (米勒 拉努姆 罗曼) (Z-Library)_chunk_235,,dense
A033,"[计算机科学丛书]数据结构与算法 Python语言实现 (Michael T. Goodrich, Roberto Tamassia etc.) (Z-Library)_chunk_235",,tfidf
A033,"[计算机科学丛书]数据结构与算法 Python语言实现 (Michael T. Goodrich, Roberto Tamassia etc.) (Z-Library)_chunk_404",,dense/dense_bm25
A033,"[计算机科学丛书]数据结构与算法 Python语言实现 (Michael T. Goodrich, Roberto Tamassia etc.) (Z-Library)_chunk_411",,dense
A033,"[计算机科学丛书]数据结构与算法 Python语言实现 (Michael T. Goodrich, Roberto Tamassia etc.) (Z-Library)_chunk_412",,tfidf
A033,"[计算机科学丛书]数据结构与算法 Python语言实现 (Michael T. Goodrich, Roberto Tamassia etc.) (Z-Library)_chunk_414",,dense
A033,"[计算机科学丛书]数据结构与算法 Python语言实现 (Michael T. Goodrich, Roberto Tamassia etc.) (Z-Library)_chunk_416",,dense/dense_bm25/tfidf
A033,"[计算机科学丛书]数据结构与算法 Python语言实现 (Michael T. Goodrich, Roberto Tamassia etc.) (Z-Library)_chunk_417",,tfidf
A033,"[计算机科学丛书]数据结构与算法 Python语言实现 (Michael T. Goodrich, Roberto Tamassia etc.) (Z-Library)_chunk_418",,tfidf
A033,"[计算机科学丛书]数据结构与算法 Python语言实现 (Michael T. Goodrich, Roberto Tamassia etc.) (Z-Library)_chunk_435",,tfidf
A033,"[计算机科学丛书]数据结构与算法 Python语言实现 (Michael T. Goodrich, Roberto Tamassia etc.) (Z-Library)_chunk_458",,tfidf
A033,"[计算机科学丛书]数据结构与算法 Python语言实现 (Michael T. Goodrich, Roberto Tamassia etc.) (Z-Library)_chunk_484",,dense
A033,"[计算机科学丛书]数据结构与算法 Python语言实现 (Michael T. Goodrich, Roberto Tamassia etc.) (Z-Library)_chunk_538",,bm25/dense_bm25
A033,"[计算机科学丛书]数据结构与算法 Python语言实现 (Michael T. Goodrich, Roberto Tamassia etc.) (Z-Library)_chunk_594",,dense
A033,"[计算机科学丛书]数据结构与算法 Python语言实现 (Michael T. Goodrich, Roberto Tamassia etc.) (Z-Library)_chunk_629",,dense/tfidf
A033,"[计算机科学丛书]数据结构与算法 Python语言实现 (Michael T. Goodrich, Roberto Tamassia etc.) (Z-Library)_chunk_630",,tfidf
A033,"[计算机科学丛书]数据结构与算法 Python语言实现 (Michael T. Goodrich, Roberto Tamassia etc.) (Z-Library)_chunk_631",,bm25/dense/dense_bm25/tfidf
A033,"[计算机科学丛书]数据结构与算法 Python语言实现 (Michael T. Goodrich, Roberto Tamassia etc.) (Z-Library)_chunk_746",,tfidf
A033,"[计算机科学丛书]数据结构与算法 Python语言实现 (Michael T. Goodrich, Roberto Tamassia etc.) (Z-Library)_chunk_747",,tfidf
A033,"[计算机科学丛书]数据结构与算法 Python语言实现 (Michael T. Goodrich, Roberto Tamassia etc.) (Z-Library)_chunk_751",,dense/dense_bm25/tfidf
A033,"[计算机科学丛书]数据结构与算法 Python语言实现 (Michael T. Goodrich, Roberto Tamassia etc.) (Z-Library)_chunk_777",,bm25/dense_bm25
A033,操作系统导论-OSTEP (王海鹏 译) (Z-Library)_chunk_246,,bm25/dense_bm25
A033,操作系统导论-OSTEP (王海鹏 译) (Z-Library)_chunk_247,,bm25
A033,数据结构 (邓俊辉) (Z-Library)_chunk_106,,dense/dense_bm25
A033,数据结构 (邓俊辉) (Z-Library)_chunk_111,,tfidf
A033,数据结构 (邓俊辉) (Z-Library)_chunk_231,,dense
A033,数据结构 (邓俊辉) (Z-Library)_chunk_259,,dense/dense_bm25
A033,数据结构 (邓俊辉) (Z-Library)_chunk_265,,dense
A033,数据结构 (邓俊辉) (Z-Library)_chunk_494,,dense/dense_bm25
A033,数据结构（C语言版 第2版） (严蔚敏) (Z-Library)_chunk_220,,dense
A033,数据结构（C语言版 第2版） (严蔚敏) (Z-Library)_chunk_259,,dense
A033,数据结构（C语言版 第2版） (严蔚敏) (Z-Library)_chunk_261,,dense/dense_bm25
A033,数据结构（C语言版 第2版） (严蔚敏) (Z-Library)_chunk_265,,dense/dense_bm25
A033,数据结构（C语言版 第2版） (严蔚敏) (Z-Library)_chunk_269,,dense
A033,数据结构（C语言版 第2版） (严蔚敏) (Z-Library)_chunk_281,,dense/dense_bm25
A033,数据结构（C语言版 第2版） (严蔚敏) (Z-Library)_chunk_284,,dense/dense_bm25
A033,数据结构（C语言版 第2版） (严蔚敏) (Z-Library)_chunk_304,,dense/dense_bm25
A033,数据结构（C语言版 第2版） (严蔚敏) (Z-Library)_chunk_34,,dense
A033,数据结构（C语言版 第2版） (严蔚敏) (Z-Library)_chunk_392,,dense/dense_bm25
A033,"现代操作系统 (Andrew S. Tanenbaum, Herbert Bos) (Z-Library)_chunk_395",,bm25
A033,"现代操作系统 (Andrew S. Tanenbaum, Herbert Bos) (Z-Library)_chunk_628",,bm25/dense_bm25
A033,计算机网络（原书第7版） 自顶向下方法 (James F. Kurose Keith W. Ross) (Z-Library)_chunk_101,,bm25
A033,计算机网络（原书第7版） 自顶向下方法 (James F. Kurose Keith W. Ross) (Z-Library)_chunk_14,,tfidf
A033,计算机网络（原书第7版） 自顶向下方法 (James F. Kurose Keith W. Ross) (Z-Library)_chunk_244,,dense
A033,计算机网络（原书第7版） 自顶向下方法 (James F. Kurose Keith W. Ross) (Z-Library)_chunk_398,,bm25/dense_bm25/tfidf
A033,计算机网络（原书第7版） 自顶向下方法 (James F. Kurose Keith W. Ross) (Z-Library)_chunk_525,,bm25/dense_bm25/tfidf
A033,计算机网络（第8版） (谢希仁) (Z-Library)(OCR)_chunk_145,,bm25/dense_bm25/tfidf
A033,计算机网络（第8版） (谢希仁) (Z-Library)(OCR)_chunk_322,,bm25/dense_bm25
A033,计算机网络（第8版） (谢希仁) (Z-Library)(OCR)_chunk_346,,dense_bm25
A033,计算机网络（第8版） (谢希仁) (Z-Library)(OCR)_chunk_381,,bm25/dense_bm25
A033,计算机网络（第8版） (谢希仁) (Z-Library)(OCR)_chunk_382,,bm25/dense_bm25/tfidf
A033,计算机网络（第8版） (谢希仁) (Z-Library)(OCR)_chunk_415,,bm25/dense_bm25
A033,计算机网络（第8版） (谢希仁) (Z-Library)(OCR)_chunk_47,,bm25
A033,计算机网络（第8版） (谢希仁) (Z-Library)(OCR)_chunk_492,,bm25/dense_bm25
A033,计算机网络（第8版） (谢希仁) (Z-Library)(OCR)_chunk_545,,bm25
A033,计算机网络（第8版） (谢希仁) (Z-Library)(OCR)_chunk_552,,bm25/dense_bm25
A034,2024年王道计算机网络复习指导 (王道计算机) (Z-Library)_chunk_133,,bm25
A034,2024年王道计算机网络复习指导 (王道计算机) (Z-Library)_chunk_216,,dense
A034,2024年王道计算机网络复习指导 (王道计算机) (Z-Library)_chunk_237,,dense_bm25
A034,2024年王道计算机网络复习指导 (王道计算机) (Z-Library)_chunk_239,,tfidf
A034,2024年王道计算机网络复习指导 (王道计算机) (Z-Library)_chunk_277,,bm25/dense_bm25
A034,2024年王道计算机网络复习指导 (王道计算机) (Z-Library)_chunk_300,,dense/dense_bm25
A034,2024年王道计算机网络复习指导 (王道计算机) (Z-Library)_chunk_303,,bm25/dense/dense_bm25/tfidf
A034,2024年王道计算机网络复习指导 (王道计算机) (Z-Library)_chunk_304,,bm25/dense/dense_bm25/tfidf
A034,2024年王道计算机网络复习指导 (王道计算机) (Z-Library)_chunk_316,,bm25/dense/dense_bm25/tfidf
A034,2024年王道计算机网络复习指导 (王道计算机) (Z-Library)_chunk_317,,bm25/dense/dense_bm25/tfidf
A034,2024年王道计算机网络复习指导 (王道计算机) (Z-Library)_chunk_331,,bm25
A034,2024年王道计算机网络复习指导 (王道计算机) (Z-Library)_chunk_337,,dense_bm25
A034,2024年王道计算机网络复习指导 (王道计算机) (Z-Library)_chunk_37,,dense
A034,2024年王道计算机网络复习指导 (王道计算机) (Z-Library)_chunk_373,,tfidf
A034,2024年王道计算机网络复习指导 (王道计算机) (Z-Library)_chunk_411,,dense
A034,2024年王道计算机网络复习指导 (王道计算机) (Z-Library)_chunk_50,,dense_bm25
A034,"计算机网络 (吴功宜,吴英) (Z-Library)(OCR)_chunk_133",,tfidf
A034,"计算机网络 (吴功宜,吴英) (Z-Library)(OCR)_chunk_218",,tfidf
A034,"计算机网络 (吴功宜,吴英) (Z-Library)(OCR)_chunk_253",,tfidf
A034,"计算机网络 (吴功宜,吴英) (Z-Library)(OCR)_chunk_272",,bm25/dense/dense_bm25/tfidf
A034,"计算机网络 (吴功宜,吴英) (Z-Library)(OCR)_chunk_273",,bm25/dense/dense_bm25
A034,"计算机网络 (吴功宜,吴英) (Z-Library)(OCR)_chunk_275",,bm25/dense/dense_bm25
A034,"计算机网络 (吴功宜,吴英) (Z-Library)(OCR)_chunk_316",,bm25/dense/dense_bm25
A034,"计算机网络 (吴功宜,吴英) (Z-Library)(OCR)_chunk_359",,dense
A034,"计算机网络 (吴功宜,吴英) (Z-Library)(OCR)_chunk_360",,dense/dense_bm25/tfidf
A034,"计算机网络 (吴功宜,吴英) (Z-Library)(OCR)_chunk_378",,dense
A034,"计算机网络 (吴功宜,吴英) (Z-Library)(OCR)_chunk_433",,tfidf
A034,"计算机网络 (吴功宜,吴英) (Z-Library)(OCR)_chunk_505",,dense/dense_bm25
A034,"计算机网络 (吴功宜,吴英) (Z-Library)(OCR)_chunk_506",,tfidf
A034,计算机网络（原书第7版） 自顶向下方法 (James F. Kurose Keith W. Ross) (Z-Library)_chunk_14,,bm25/tfidf
A034,计算机网络（原书第7版） 自顶向下方法 (James F. Kurose Keith W. Ross) (Z-Library)_chunk_237,,dense/dense_bm25
A034,计算机网络（原书第7版） 自顶向下方法 (James F. Kurose Keith W. Ross) (Z-Library)_chunk_272,,bm25/dense/dense_bm25/tfidf
A034,计算机网络（原书第7版） 自顶向下方法 (James F. Kurose Keith W. Ross) (Z-Library)_chunk_276,,bm25/dense_bm25
A034,计算机网络（原书第7版） 自顶向下方法 (James F. Kurose Keith W. Ross) (Z-Library)_chunk_277,,bm25/dense_bm25
A034,计算机网络（原书第7版） 自顶向下方法 (James F. Kurose Keith W. Ross) (Z-Library)_chunk_281,,bm25
A034,计算机网络（原书第7版） 自顶向下方法 (James F. Kurose Keith W. Ross) (Z-Library)_chunk_312,,dense
A034,计算机网络（原书第7版） 自顶向下方法 (James F. Kurose Keith W. Ross) (Z-Library)_chunk_442,,dense_bm25
A034,计算机网络（第8版） (谢希仁) (Z-Library)(OCR)_chunk_151,,bm25/dense/dense_bm25/tfidf
A034,计算机网络（第8版） (谢希仁) (Z-Library)(OCR)_chunk_168,,dense
A034,计算机网络（第8版） (谢希仁) (Z-Library)(OCR)_chunk_183,,bm25/dense/dense_bm25/tfidf
A034,计算机网络（第8版） (谢希仁) (Z-Library)(OCR)_chunk_184,,dense/dense_bm25/tfidf
A034,计算机网络（第8版） (谢希仁) (Z-Library)(OCR)_chunk_185,,dense/dense_bm25
A034,计算机网络（第8版） (谢希仁) (Z-Library)(OCR)_chunk_198,,dense/dense_bm25
A034,计算机网络（第8版） (谢希仁) (Z-Library)(OCR)_chunk_233,,dense_bm25
A034,计算机网络（第8版） (谢希仁) (Z-Library)(OCR)_chunk_256,,dense/dense_bm25
A034,计算机网络（第8版） (谢希仁) (Z-Library)(OCR)_chunk_382,,bm25/dense_bm25/tfidf
A034,计算机网络（第8版） (谢希仁) (Z-Library)(OCR)_chunk_512,,dense
A034,计算机网络（第8版） (谢希仁) (Z-Library)(OCR)_chunk_518,,dense
A034,计算机网络（第8版） (谢希仁) (Z-Library)(OCR)_chunk_519,,dense
A034,计算机网络（第8版） (谢希仁) (Z-Library)(OCR)_chunk_541,,dense/dense_bm25
A034,计算机网络（第8版） (谢希仁) (Z-Library)(OCR)_chunk_545,,bm25/dense_bm25
A034,计算机网络（第8版） (谢希仁) (Z-Library)(OCR)_chunk_97,,tfidf
A035,2024年王道计算机网络复习指导 (王道计算机) (Z-Library)_chunk_11,,dense
A035,2024年王道计算机网络复习指导 (王道计算机) (Z-Library)_chunk_273,,dense
A035,2024年王道计算机网络复习指导 (王道计算机) (Z-Library)_chunk_287,,dense/dense_bm25
A035,2024年王道计算机网络复习指导 (王道计算机) (Z-Library)_chunk_396,,dense/dense_bm25
A035,Operating Systems Three Easy Pieces (Remzi H. Arpaci-Dusseau etc.) (Z-Library)_chunk_382,,dense/dense_bm25
A035,Operating Systems Three Easy Pieces (Remzi H. Arpaci-Dusseau etc.) (Z-Library)_chunk_733,,tfidf
A035,Operating Systems Three Easy Pieces (Remzi H. Arpaci-Dusseau etc.) (Z-Library)_chunk_757,,tfidf
A035,Operating Systems Three Easy Pieces (Remzi H. Arpaci-Dusseau etc.) (Z-Library)_chunk_763,,tfidf
A035,Operating Systems Three Easy Pieces (Remzi H. Arpaci-Dusseau etc.) (Z-Library)_chunk_784,,tfidf
A035,Operating Systems Three Easy Pieces (Remzi H. Arpaci-Dusseau etc.) (Z-Library)_chunk_790,,tfidf
A035,Operating Systems Three Easy Pieces (Remzi H. Arpaci-Dusseau etc.) (Z-Library)_chunk_884,,tfidf
A035,Python数据结构与算法分析 第3版 (米勒 拉努姆 罗曼) (Z-Library)_chunk_175,,dense/dense_bm25
A035,"[计算机科学丛书]数据结构与算法 Python语言实现 (Michael T. Goodrich, Roberto Tamassia etc.) (Z-Library)_chunk_346",,dense
A035,"[计算机科学丛书]数据结构与算法 Python语言实现 (Michael T. Goodrich, Roberto Tamassia etc.) (Z-Library)_chunk_576",,dense
A035,"[计算机科学丛书]数据结构与算法 Python语言实现 (Michael T. Goodrich, Roberto Tamassia etc.) (Z-Library)_chunk_581",,dense/dense_bm25
A035,操作系统导论-OSTEP (王海鹏 译) (Z-Library)_chunk_242,,bm25/dense/dense_bm25/tfidf
A035,操作系统导论-OSTEP (王海鹏 译) (Z-Library)_chunk_253,,bm25
A035,操作系统导论-OSTEP (王海鹏 译) (Z-Library)_chunk_259,,bm25/dense_bm25
A035,操作系统导论-OSTEP (王海鹏 译) (Z-Library)_chunk_261,,bm25
A035,操作系统导论-OSTEP (王海鹏 译) (Z-Library)_chunk_262,,bm25/dense_bm25/tfidf
A035,操作系统导论-OSTEP (王海鹏 译) (Z-Library)_chunk_265,,bm25
A035,操作系统导论-OSTEP (王海鹏 译) (Z-Library)_chunk_268,,bm25/dense_bm25
A035,操作系统导论-OSTEP (王海鹏 译) (Z-Library)_chunk_563,,bm25/dense/dense_bm25/tfidf
A035,数据结构 (邓俊辉) (Z-Library)_chunk_108,,dense
A035,数据结构 (邓俊辉) (Z-Library)_chunk_153,,dense
A035,数据结构 (邓俊辉) (Z-Library)_chunk_211,,dense
A035,数据结构 (邓俊辉) (Z-Library)_chunk_236,,dense
A035,数据结构 (邓俊辉) (Z-Library)_chunk_301,,dense
A035,数据结构 (邓俊辉) (Z-Library)_chunk_322,,dense
A035,数据结构 (邓俊辉) (Z-Library)_chunk_354,,dense/dense_bm25
A035,数据结构（C语言版 第2版） (严蔚敏) (Z-Library)_chunk_211,,dense
A035,数据结构（C语言版 第2版） (严蔚敏) (Z-Library)_chunk_216,,dense
A035,数据结构（C语言版 第2版） (严蔚敏) (Z-Library)_chunk_253,,dense/dense_bm25
A035,"现代操作系统 (Andrew S. Tanenbaum, Herbert Bos) (Z-Library)_chunk_1081",,bm25/dense_bm25
A035,"现代操作系统 (Andrew S. Tanenbaum, Herbert Bos) (Z-Library)_chunk_1088",,bm25
A035,"现代操作系统 (Andrew S. Tanenbaum, Herbert Bos) (Z-Library)_chunk_134",,bm25/dense_bm25/tfidf
A035,"现代操作系统 (Andrew S. Tanenbaum, Herbert Bos) (Z-Library)_chunk_135",,bm25/dense_bm25/tfidf
A035,"现代操作系统 (Andrew S. Tanenbaum, Herbert Bos) (Z-Library)_chunk_136",,bm25/dense_bm25/tfidf
A035,"现代操作系统 (Andrew S. Tanenbaum, Herbert Bos) (Z-Library)_chunk_137",,bm25/dense_bm25/tfidf
A035,"现代操作系统 (Andrew S. Tanenbaum, Herbert Bos) (Z-Library)_chunk_138",,bm25/dense_bm25/tfidf
A035,"现代操作系统 (Andrew S. Tanenbaum, Herbert Bos) (Z-Library)_chunk_139",,bm25/dense_bm25/tfidf
A035,"现代操作系统 (Andrew S. Tanenbaum, Herbert Bos) (Z-Library)_chunk_198",,tfidf
A035,"现代操作系统 (Andrew S. Tanenbaum, Herbert Bos) (Z-Library)_chunk_247",,dense/dense_bm25
A035,"现代操作系统 (Andrew S. Tanenbaum, Herbert Bos) (Z-Library)_chunk_524",,bm25/dense_bm25/tfidf
A035,"现代操作系统 (Andrew S. Tanenbaum, Herbert Bos) (Z-Library)_chunk_525",,bm25/dense_bm25/tfidf
A035,"现代操作系统 (Andrew S. Tanenbaum, Herbert Bos) (Z-Library)_chunk_859",,bm25/dense_bm25/tfidf
A035,"现代操作系统 (Andrew S. Tanenbaum, Herbert Bos) (Z-Library)_chunk_950",,bm25/dense_bm25/tfidf
A035,"计算机网络 (吴功宜,吴英) (Z-Library)(OCR)_chunk_32",,dense/dense_bm25
A035,"计算机网络 (吴功宜,吴英) (Z-Library)(OCR)_chunk_33",,dense/dense_bm25
A035,"计算机网络 (吴功宜,吴英) (Z-Library)(OCR)_chunk_34",,dense/dense_bm25
A035,"计算机网络 (吴功宜,吴英) (Z-Library)(OCR)_chunk_362",,dense
A035,"计算机网络 (吴功宜,吴英) (Z-Library)(OCR)_chunk_4",,dense
A035,"计算机网络 (吴功宜,吴英) (Z-Library)(OCR)_chunk_443",,dense/dense_bm25
A035,计算机网络（原书第7版） 自顶向下方法 (James F. Kurose Keith W. Ross) (Z-Library)_chunk_595,,dense/dense_bm25
A035,计算机网络（第8版） (谢希仁) (Z-Library)(OCR)_chunk_211,,dense/dense_bm25
A036,2024年王道计算机网络复习指导 (王道计算机) (Z-Library)_chunk_179,,bm25
A036,2024年王道计算机网络复习指导 (王道计算机) (Z-Library)_chunk_180,,dense/dense_bm25
A036,2024年王道计算机网络复习指导 (王道计算机) (Z-Library)_chunk_192,,dense/dense_bm25
A036,2024年王道计算机网络复习指导 (王道计算机) (Z-Library)_chunk_254,,dense/dense_bm25
A036,2024年王道计算机网络复习指导 (王道计算机) (Z-Library)_chunk_264,,tfidf
A036,2024年王道计算机网络复习指导 (王道计算机) (Z-Library)_chunk_396,,dense/dense_bm25/tfidf
A036,2024年王道计算机网络复习指导 (王道计算机) (Z-Library)_chunk_512,,dense
A036,Operating Systems Three Easy Pieces (Remzi H. Arpaci-Dusseau etc.) (Z-Library)_chunk_1379,,dense
A036,Operating Systems Three Easy Pieces (Remzi H. Arpaci-Dusseau etc.) (Z-Library)_chunk_205,,dense
A036,Operating Systems Three Easy Pieces (Remzi H. Arpaci-Dusseau etc.) (Z-Library)_chunk_46,,dense
A036,Operating Systems Three Easy Pieces (Remzi H. Arpaci-Dusseau etc.) (Z-Library)_chunk_804,,dense
A036,Operating Systems Three Easy Pieces (Remzi H. Arpaci-Dusseau etc.) (Z-Library)_chunk_831,,dense_bm25/tfidf
A036,Operating Systems Three Easy Pieces (Remzi H. Arpaci-Dusseau etc.) (Z-Library)_chunk_832,,dense_bm25
A036,Python数据结构与算法分析 第3版 (米勒 拉努姆 罗曼) (Z-Library)_chunk_147,,dense/dense_bm25
A036,"[计算机科学丛书]数据结构与算法 Python语言实现 (Michael T. Goodrich, Roberto Tamassia etc.) (Z-Library)_chunk_395",,tfidf
A036,"[计算机科学丛书]数据结构与算法 Python语言实现 (Michael T. Goodrich, Roberto Tamassia etc.) (Z-Library)_chunk_396",,bm25/dense/dense_bm25/tfidf
A036,"[计算机科学丛书]数据结构与算法 Python语言实现 (Michael T. Goodrich, Roberto Tamassia etc.) (Z-Library)_chunk_397",,bm25/dense/dense_bm25/tfidf
A036,"[计算机科学丛书]数据结构与算法 Python语言实现 (Michael T. Goodrich, Roberto Tamassia etc.) (Z-Library)_chunk_398",,bm25/dense_bm25/tfidf
A036,"[计算机科学丛书]数据结构与算法 Python语言实现 (Michael T. Goodrich, Roberto Tamassia etc.) (Z-Library)_chunk_399",,bm25/dense_bm25/tfidf
A036,"[计算机科学丛书]数据结构与算法 Python语言实现 (Michael T. Goodrich, Roberto Tamassia etc.) (Z-Library)_chunk_400",,bm25/dense/dense_bm25/tfidf
A036,"[计算机科学丛书]数据结构与算法 Python语言实现 (Michael T. Goodrich, Roberto Tamassia etc.) (Z-Library)_chunk_401",,bm25/dense/dense_bm25/tfidf
A036,"[计算机科学丛书]数据结构与算法 Python语言实现 (Michael T. Goodrich, Roberto Tamassia etc.) (Z-Library)_chunk_402",,bm25/dense/dense_bm25/tfidf
A036,"[计算机科学丛书]数据结构与算法 Python语言实现 (Michael T. Goodrich, Roberto Tamassia etc.) (Z-Library)_chunk_403",,bm25/dense_bm25
A036,"[计算机科学丛书]数据结构与算法 Python语言实现 (Michael T. Goodrich, Roberto Tamassia etc.) (Z-Library)_chunk_404",,bm25
A036,"[计算机科学丛书]数据结构与算法 Python语言实现 (Michael T. Goodrich, Roberto Tamassia etc.) (Z-Library)_chunk_405",,bm25/dense_bm25/tfidf
A036,"[计算机科学丛书]数据结构与算法 Python语言实现 (Michael T. Goodrich, Roberto Tamassia etc.) (Z-Library)_chunk_406",,bm25
A036,"[计算机科学丛书]数据结构与算法 Python语言实现 (Michael T. Goodrich, Roberto Tamassia etc.) (Z-Library)_chunk_407",,bm25/dense/dense_bm25/tfidf
A036,"[计算机科学丛书]数据结构与算法 Python语言实现 (Michael T. Goodrich, Roberto Tamassia etc.) (Z-Library)_chunk_409",,bm25/dense_bm25
A036,"[计算机科学丛书]数据结构与算法 Python语言实现 (Michael T. Goodrich, Roberto Tamassia etc.) (Z-Library)_chunk_439",,bm25/dense_bm25/tfidf
A036,"[计算机科学丛书]数据结构与算法 Python语言实现 (Michael T. Goodrich, Roberto Tamassia etc.) (Z-Library)_chunk_440",,bm25
A036,"[计算机科学丛书]数据结构与算法 Python语言实现 (Michael T. Goodrich, Roberto Tamassia etc.) (Z-Library)_chunk_441",,bm25/dense_bm25
A036,"[计算机科学丛书]数据结构与算法 Python语言实现 (Michael T. Goodrich, Roberto Tamassia etc.) (Z-Library)_chunk_443",,bm25/dense_bm25/tfidf
A036,"[计算机科学丛书]数据结构与算法 Python语言实现 (Michael T. Goodrich, Roberto Tamassia etc.) (Z-Library)_chunk_578",,dense
A036,"[计算机科学丛书]数据结构与算法 Python语言实现 (Michael T. Goodrich, Roberto Tamassia etc.) (Z-Library)_chunk_747",,bm25/dense/dense_bm25/tfidf
A036,操作系统导论-OSTEP (王海鹏 译) (Z-Library)_chunk_293,,tfidf
A036,操作系统导论-OSTEP (王海鹏 译) (Z-Library)_chunk_330,,dense
A036,数据结构 (邓俊辉) (Z-Library)_chunk_150,,dense/dense_bm25
A036,数据结构 (邓俊辉) (Z-Library)_chunk_246,,dense
A036,数据结构 (邓俊辉) (Z-Library)_chunk_374,,dense/dense_bm25
A036,数据结构 (邓俊辉) (Z-Library)_chunk_376,,dense_bm25
A036,数据结构 (邓俊辉) (Z-Library)_chunk_383,,tfidf
A036,数据结构 (邓俊辉) (Z-Library)_chunk_448,,dense
A036,数据结构（C语言版 第2版） (严蔚敏) (Z-Library)_chunk_296,,dense/dense_bm25/tfidf
A036,数据结构（C语言版 第2版） (严蔚敏) (Z-Library)_chunk_297,,dense/dense_bm25
A036,数据结构（C语言版 第2版） (严蔚敏) (Z-Library)_chunk_302,,dense/dense_bm25
A036,数据结构（C语言版 第2版） (严蔚敏) (Z-Library)_chunk_85,,dense
A036,"计算机网络 (吴功宜,吴英) (Z-Library)(OCR)_chunk_144",,tfidf
A036,"计算机网络 (吴功宜,吴英) (Z-Library)(OCR)_chunk_145",,dense_bm25
A036,"计算机网络 (吴功宜,吴英) (Z-Library)(OCR)_chunk_430",,dense
A036,计算机网络（原书第7版） 自顶向下方法 (James F. Kurose Keith W. Ross) (Z-Library)_chunk_372,,dense
A036,计算机网络（第8版） (谢希仁) (Z-Library)(OCR)_chunk_263,,dense
A036,计算机网络（第8版） (谢希仁) (Z-Library)(OCR)_chunk_514,,bm25
A036,计算机网络（第8版） (谢希仁) (Z-Library)(OCR)_chunk_535,,dense_bm25
A037,Operating Systems Three Easy Pieces (Remzi H. Arpaci-Dusseau etc.) (Z-Library)_chunk_488,,dense
A037,Operating Systems Three Easy Pieces (Remzi H. Arpaci-Dusseau etc.) (Z-Library)_chunk_490,,tfidf
A037,Operating Systems Three Easy Pieces (Remzi H. Arpaci-Dusseau etc.) (Z-Library)_chunk_491,,dense/dense_bm25
A037,Operating Systems Three Easy Pieces (Remzi H. Arpaci-Dusseau etc.) (Z-Library)_chunk_496,,dense_bm25
A037,Operating Systems Three Easy Pieces (Remzi H. Arpaci-Dusseau etc.) (Z-Library)_chunk_501,,tfidf
A037,Operating Systems Three Easy Pieces (Remzi H. Arpaci-Dusseau etc.) (Z-Library)_chunk_502,,dense
A037,Operating Systems Three Easy Pieces (Remzi H. Arpaci-Dusseau etc.) (Z-Library)_chunk_504,,dense/dense_bm25/tfidf
A037,Operating Systems Three Easy Pieces (Remzi H. Arpaci-Dusseau etc.) (Z-Library)_chunk_506,,dense/dense_bm25/tfidf
A037,Operating Systems Three Easy Pieces (Remzi H. Arpaci-Dusseau etc.) (Z-Library)_chunk_507,,dense
A037,Operating Systems Three Easy Pieces (Remzi H. Arpaci-Dusseau etc.) (Z-Library)_chunk_508,,dense
A037,Operating Systems Three Easy Pieces (Remzi H. Arpaci-Dusseau etc.) (Z-Library)_chunk_510,,dense/dense_bm25
A037,Operating Systems Three Easy Pieces (Remzi H. Arpaci-Dusseau etc.) (Z-Library)_chunk_512,,dense
A037,Operating Systems Three Easy Pieces (Remzi H. Arpaci-Dusseau etc.) (Z-Library)_chunk_518,,dense_bm25/tfidf
A037,Operating Systems Three Easy Pieces (Remzi H. Arpaci-Dusseau etc.) (Z-Library)_chunk_519,,dense/dense_bm25/tfidf
A037,Operating Systems Three Easy Pieces (Remzi H. Arpaci-Dusseau etc.) (Z-Library)_chunk_584,,dense
A037,Operating Systems Three Easy Pieces (Remzi H. Arpaci-Dusseau etc.) (Z-Library)_chunk_586,,dense
A037,Operating Systems Three Easy Pieces (Remzi H. Arpaci-Dusseau etc.) (Z-Library)_chunk_677,,dense/dense_bm25
A037,"[计算机科学丛书]数据结构与算法 Python语言实现 (Michael T. Goodrich, Roberto Tamassia etc.) (Z-Library)_chunk_757",,dense
A037,操作系统导论-OSTEP (王海鹏 译) (Z-Library)_chunk_167,,dense_bm25/tfidf
A037,操作系统导论-OSTEP (王海鹏 译) (Z-Library)_chunk_168,,dense_bm25/tfidf
A037,操作系统导论-OSTEP (王海鹏 译) (Z-Library)_chunk_169,,bm25
A037,操作系统导论-OSTEP (王海鹏 译) (Z-Library)_chunk_170,,bm25/dense/dense_bm25/tfidf
A037,操作系统导论-OSTEP (王海鹏 译) (Z-Library)_chunk_171,,bm25/dense/dense_bm25/tfidf
A037,操作系统导论-OSTEP (王海鹏 译) (Z-Library)_chunk_172,,bm25/tfidf
A037,操作系统导论-OSTEP (王海鹏 译) (Z-Library)_chunk_173,,bm25/dense/dense_bm25/tfidf
A037,操作系统导论-OSTEP (王海鹏 译) (Z-Library)_chunk_174,,bm25/dense/dense_bm25/tfidf
A037,操作系统导论-OSTEP (王海鹏 译) (Z-Library)_chunk_175,,dense_bm25
A037,操作系统导论-OSTEP (王海鹏 译) (Z-Library)_chunk_176,,dense_bm25
A037,操作系统导论-OSTEP (王海鹏 译) (Z-Library)_chunk_177,,dense_bm25/tfidf
A037,操作系统导论-OSTEP (王海鹏 译) (Z-Library)_chunk_178,,bm25/dense/dense_bm25/tfidf
A037,操作系统导论-OSTEP (王海鹏 译) (Z-Library)_chunk_179,,dense/dense_bm25
A037,操作系统导论-OSTEP (王海鹏 译) (Z-Library)_chunk_182,,bm25/dense/dense_bm25/tfidf
A037,操作系统导论-OSTEP (王海鹏 译) (Z-Library)_chunk_197,,bm25/dense_bm25
A037,操作系统导论-OSTEP (王海鹏 译) (Z-Library)_chunk_198,,bm25/dense/dense_bm25
A037,操作系统导论-OSTEP (王海鹏 译) (Z-Library)_chunk_201,,bm25/dense_bm25
A037,操作系统导论-OSTEP (王海鹏 译) (Z-Library)_chunk_231,,bm25
A037,操作系统导论-OSTEP (王海鹏 译) (Z-Library)_chunk_232,,bm25/dense/dense_bm25
A037,操作系统导论-OSTEP (王海鹏 译) (Z-Library)_chunk_518,,bm25/tfidf
A037,操作系统导论-OSTEP (王海鹏 译) (Z-Library)_chunk_519,,bm25/dense_bm25
A037,操作系统导论-OSTEP (王海鹏 译) (Z-Library)_chunk_581,,dense/dense_bm25/tfidf
A037,"现代操作系统 (Andrew S. Tanenbaum, Herbert Bos) (Z-Library)_chunk_206",,bm25/tfidf
A037,"现代操作系统 (Andrew S. Tanenbaum, Herbert Bos) (Z-Library)_chunk_207",,bm25/dense/dense_bm25/tfidf
A037,"现代操作系统 (Andrew S. Tanenbaum, Herbert Bos) (Z-Library)_chunk_250",,dense_bm25
A037,"现代操作系统 (Andrew S. Tanenbaum, Herbert Bos) (Z-Library)_chunk_256",,bm25
A037,"现代操作系统 (Andrew S. Tanenbaum, Herbert Bos) (Z-Library)_chunk_257",,bm25
A037,"现代操作系统 (Andrew S. Tanenbaum, Herbert Bos) (Z-Library)_chunk_265",,dense_bm25
A037,"现代操作系统 (Andrew S. Tanenbaum, Herbert Bos) (Z-Library)_chunk_600",,dense
A037,"现代操作系统 (Andrew S. Tanenbaum, Herbert Bos) (Z-Library)_chunk_911",,bm25/dense_bm25
A037,计算机网络（原书第7版） 自顶向下方法 (James F. Kurose Keith W. Ross) (Z-Library)_chunk_145,,dense
A037,计算机网络（原书第7版） 自顶向下方法 (James F. Kurose Keith W. Ross) (Z-Library)_chunk_171,,dense
A037,计算机网络（第8版） (谢希仁) (Z-Library)(OCR)_chunk_332,,dense
A037,计算机网络（第8版） (谢希仁) (Z-Library)(OCR)_chunk_528,,dense
A038,2024年王道计算机网络复习指导 (王道计算机) (Z-Library)_chunk_201,,dense_bm25
A038,2024年王道计算机网络复习指导 (王道计算机) (Z-Library)_chunk_204,,dense
A038,2024年王道计算机网络复习指导 (王道计算机) (Z-Library)_chunk_24,,bm25/dense_bm25/tfidf
A038,2024年王道计算机网络复习指导 (王道计算机) (Z-Library)_chunk_28,,tfidf
A038,2024年王道计算机网络复习指导 (王道计算机) (Z-Library)_chunk_462,,dense_bm25
A038,2024年王道计算机网络复习指导 (王道计算机) (Z-Library)_chunk_463,,dense_bm25
A038,2024年王道计算机网络复习指导 (王道计算机) (Z-Library)_chunk_466,,bm25/dense/dense_bm25/tfidf
A038,2024年王道计算机网络复习指导 (王道计算机) (Z-Library)_chunk_468,,bm25
A038,2024年王道计算机网络复习指导 (王道计算机) (Z-Library)_chunk_474,,bm25/dense/dense_bm25/tfidf
A038,2024年王道计算机网络复习指导 (王道计算机) (Z-Library)_chunk_476,,dense_bm25
A038,2024年王道计算机网络复习指导 (王道计算机) (Z-Library)_chunk_477,,tfidf
A038,2024年王道计算机网络复习指导 (王道计算机) (Z-Library)_chunk_478,,bm25
A038,2024年王道计算机网络复习指导 (王道计算机) (Z-Library)_chunk_485,,dense_bm25
A038,2024年王道计算机网络复习指导 (王道计算机) (Z-Library)_chunk_487,,bm25/dense/dense_bm25/tfidf
A038,2024年王道计算机网络复习指导 (王道计算机) (Z-Library)_chunk_519,,bm25/dense_bm25/tfidf
A038,2024年王道计算机网络复习指导 (王道计算机) (Z-Library)_chunk_92,,bm25
A038,操作系统导论-OSTEP (王海鹏 译) (Z-Library)_chunk_178,,dense
A038,"计算机网络 (吴功宜,吴英) (Z-Library)(OCR)_chunk_113",,dense
A038,"计算机网络 (吴功宜,吴英) (Z-Library)(OCR)_chunk_114",,dense
A038,"计算机网络 (吴功宜,吴英) (Z-Library)(OCR)_chunk_220",,dense
A038,"计算机网络 (吴功宜,吴英) (Z-Library)(OCR)_chunk_341",,dense
A038,"计算机网络 (吴功宜,吴英) (Z-Library)(OCR)_chunk_342",,dense_bm25/tfidf
A038,"计算机网络 (吴功宜,吴英) (Z-Library)(OCR)_chunk_355",,dense_bm25/tfidf
A038,"计算机网络 (吴功宜,吴英) (Z-Library)(OCR)_chunk_367",,dense
A038,计算机网络（原书第7版） 自顶向下方法 (James F. Kurose Keith W. Ross) (Z-Library)_chunk_129,,dense/dense_bm25
A038,计算机网络（原书第7版） 自顶向下方法 (James F. Kurose Keith W. Ross) (Z-Library)_chunk_143,,dense/dense_bm25
A038,计算机网络（原书第7版） 自顶向下方法 (James F. Kurose Keith W. Ross) (Z-Library)_chunk_144,,bm25/dense/dense_bm25/tfidf
A038,计算机网络（原书第7版） 自顶向下方法 (James F. Kurose Keith W. Ross) (Z-Library)_chunk_145,,bm25/dense/dense_bm25/tfidf
A038,计算机网络（原书第7版） 自顶向下方法 (James F. Kurose Keith W. Ross) (Z-Library)_chunk_163,,dense_bm25
A038,计算机网络（原书第7版） 自顶向下方法 (James F. Kurose Keith W. Ross) (Z-Library)_chunk_171,,dense
A038,计算机网络（原书第7版） 自顶向下方法 (James F. Kurose Keith W. Ross) (Z-Library)_chunk_180,,tfidf
A038,计算机网络（原书第7版） 自顶向下方法 (James F. Kurose Keith W. Ross) (Z-Library)_chunk_183,,dense_bm25
A038,计算机网络（原书第7版） 自顶向下方法 (James F. Kurose Keith W. Ross) (Z-Library)_chunk_185,,bm25
A038,计算机网络（原书第7版） 自顶向下方法 (James F. Kurose Keith W. Ross) (Z-Library)_chunk_471,,dense
A038,计算机网络（原书第7版） 自顶向下方法 (James F. Kurose Keith W. Ross) (Z-Library)_chunk_591,,dense
A038,计算机网络（第8版） (谢希仁) (Z-Library)(OCR)_chunk_174,,dense
A038,计算机网络（第8版） (谢希仁) (Z-Library)(OCR)_chunk_281,,bm25/tfidf
A038,计算机网络（第8版） (谢希仁) (Z-Library)(OCR)_chunk_293,,dense_bm25
A038,计算机网络（第8版） (谢希仁) (Z-Library)(OCR)_chunk_305,,dense/dense_bm25
A038,计算机网络（第8版） (谢希仁) (Z-Library)(OCR)_chunk_318,,bm25/dense_bm25/tfidf
A038,计算机网络（第8版） (谢希仁) (Z-Library)(OCR)_chunk_319,,bm25/dense_bm25/tfidf
A038,计算机网络（第8版） (谢希仁) (Z-Library)(OCR)_chunk_32,,bm25/dense/dense_bm25/tfidf
A038,计算机网络（第8版） (谢希仁) (Z-Library)(OCR)_chunk_320,,bm25/dense_bm25/tfidf
A038,计算机网络（第8版） (谢希仁) (Z-Library)(OCR)_chunk_322,,bm25
A038,计算机网络（第8版） (谢希仁) (Z-Library)(OCR)_chunk_422,,dense
A038,计算机网络（第8版） (谢希仁) (Z-Library)(OCR)_chunk_428,,dense/dense_bm25
A038,计算机网络（第8版） (谢希仁) (Z-Library)(OCR)_chunk_430,,dense
A038,计算机网络（第8版） (谢希仁) (Z-Library)(OCR)_chunk_441,,dense
A038,计算机网络（第8版） (谢希仁) (Z-Library)(OCR)_chunk_476,,dense
A038,计算机网络（第8版） (谢希仁) (Z-Library)(OCR)_chunk_48,,bm25/dense/dense_bm25/tfidf
A038,计算机网络（第8版） (谢希仁) (Z-Library)(OCR)_chunk_49,,dense/dense_bm25
A038,计算机网络（第8版） (谢希仁) (Z-Library)(OCR)_chunk_505,,bm25/tfidf
A038,计算机网络（第8版） (谢希仁) (Z-Library)(OCR)_chunk_507,,bm25/dense_bm25/tfidf
A038,计算机网络（第8版） (谢希仁) (Z-Library)(OCR)_chunk_526,,dense/dense_bm25
A038,计算机网络（第8版） (谢希仁) (Z-Library)(OCR)_chunk_528,,dense/dense_bm25
A038,计算机网络（第8版） (谢希仁) (Z-Library)(OCR)_chunk_83,,dense
A039,Python数据结构与算法分析 第3版 (米勒 拉努姆 罗曼) (Z-Library)_chunk_209,,dense/dense_bm25
A039,Python数据结构与算法分析 第3版 (米勒 拉努姆 罗曼) (Z-Library)_chunk_298,,dense
A039,"[计算机科学丛书]数据结构与算法 Python语言实现 (Michael T. Goodrich, Roberto Tamassia etc.) (Z-Library)_chunk_123",,dense/dense_bm25
A039,"[计算机科学丛书]数据结构与算法 Python语言实现 (Michael T. Goodrich, Roberto Tamassia etc.) (Z-Library)_chunk_124",,tfidf
A039,"[计算机科学丛书]数据结构与算法 Python语言实现 (Michael T. Goodrich, Roberto Tamassia etc.) (Z-Library)_chunk_125",,tfidf
A039,"[计算机科学丛书]数据结构与算法 Python语言实现 (Michael T. Goodrich, Roberto Tamassia etc.) (Z-Library)_chunk_133",,bm25/dense/dense_bm25
A039,"[计算机科学丛书]数据结构与算法 Python语言实现 (Michael T. Goodrich, Roberto Tamassia etc.) (Z-Library)_chunk_134",,dense/dense_bm25/tfidf
A039,"[计算机科学丛书]数据结构与算法 Python语言实现 (Michael T. Goodrich, Roberto Tamassia etc.) (Z-Library)_chunk_135",,bm25/dense/dense_bm25/tfidf
A039,"[计算机科学丛书]数据结构与算法 Python语言实现 (Michael T. Goodrich, Roberto Tamassia etc.) (Z-Library)_chunk_149",,dense_bm25/tfidf
A039,"[计算机科学丛书]数据结构与算法 Python语言实现 (Michael T. Goodrich, Roberto Tamassia etc.) (Z-Library)_chunk_150",,dense_bm25/tfidf
A039,"[计算机科学丛书]数据结构与算法 Python语言实现 (Michael T. Goodrich, Roberto Tamassia etc.) (Z-Library)_chunk_152",,tfidf
A039,"[计算机科学丛书]数据结构与算法 Python语言实现 (Michael T. Goodrich, Roberto Tamassia etc.) (Z-Library)_chunk_163",,bm25/dense/dense_bm25/tfidf
A039,"[计算机科学丛书]数据结构与算法 Python语言实现 (Michael T. Goodrich, Roberto Tamassia etc.) (Z-Library)_chunk_169",,dense/dense_bm25
A039,"[计算机科学丛书]数据结构与算法 Python语言实现 (Michael T. Goodrich, Roberto Tamassia etc.) (Z-Library)_chunk_179",,bm25/dense/dense_bm25/tfidf
A039,"[计算机科学丛书]数据结构与算法 Python语言实现 (Michael T. Goodrich, Roberto Tamassia etc.) (Z-Library)_chunk_180",,bm25/dense/dense_bm25
A039,"[计算机科学丛书]数据结构与算法 Python语言实现 (Michael T. Goodrich, Roberto Tamassia etc.) (Z-Library)_chunk_369",,bm25
A039,"[计算机科学丛书]数据结构与算法 Python语言实现 (Michael T. Goodrich, Roberto Tamassia etc.) (Z-Library)_chunk_370",,bm25/dense/dense_bm25
A039,"[计算机科学丛书]数据结构与算法 Python语言实现 (Michael T. Goodrich, Roberto Tamassia etc.) (Z-Library)_chunk_372",,bm25
A039,"[计算机科学丛书]数据结构与算法 Python语言实现 (Michael T. Goodrich, Roberto Tamassia etc.) (Z-Library)_chunk_373",,bm25/dense/dense_bm25/tfidf
A039,"[计算机科学丛书]数据结构与算法 Python语言实现 (Michael T. Goodrich, Roberto Tamassia etc.) (Z-Library)_chunk_383",,bm25
A039,"[计算机科学丛书]数据结构与算法 Python语言实现 (Michael T. Goodrich, Roberto Tamassia etc.) (Z-Library)_chunk_429",,dense_bm25
A039,"[计算机科学丛书]数据结构与算法 Python语言实现 (Michael T. Goodrich, Roberto Tamassia etc.) (Z-Library)_chunk_442",,dense/dense_bm25
A039,"[计算机科学丛书]数据结构与算法 Python语言实现 (Michael T. Goodrich, Roberto Tamassia etc.) (Z-Library)_chunk_459",,bm25
A039,"[计算机科学丛书]数据结构与算法 Python语言实现 (Michael T. Goodrich, Roberto Tamassia etc.) (Z-Library)_chunk_482",,dense/dense_bm25
A039,"[计算机科学丛书]数据结构与算法 Python语言实现 (Michael T. Goodrich, Roberto Tamassia etc.) (Z-Library)_chunk_486",,dense/dense_bm25
A039,"[计算机科学丛书]数据结构与算法 Python语言实现 (Michael T. Goodrich, Roberto Tamassia etc.) (Z-Library)_chunk_487",,dense/dense_bm25
A039,"[计算机科学丛书]数据结构与算法 Python语言实现 (Michael T. Goodrich, Roberto Tamassia etc.) (Z-Library)_chunk_489",,bm25
A039,"[计算机科学丛书]数据结构与算法 Python语言实现 (Michael T. Goodrich, Roberto Tamassia etc.) (Z-Library)_chunk_509",,dense/dense_bm25/tfidf
A039,"[计算机科学丛书]数据结构与算法 Python语言实现 (Michael T. Goodrich, Roberto Tamassia etc.) (Z-Library)_chunk_530",,bm25
A039,"[计算机科学丛书]数据结构与算法 Python语言实现 (Michael T. Goodrich, Roberto Tamassia etc.) (Z-Library)_chunk_531",,dense/dense_bm25
A039,"[计算机科学丛书]数据结构与算法 Python语言实现 (Michael T. Goodrich, Roberto Tamassia etc.) (Z-Library)_chunk_540",,bm25
A039,"[计算机科学丛书]数据结构与算法 Python语言实现 (Michael T. Goodrich, Roberto Tamassia etc.) (Z-Library)_chunk_617",,bm25/tfidf
A039,"[计算机科学丛书]数据结构与算法 Python语言实现 (Michael T. Goodrich, Roberto Tamassia etc.) (Z-Library)_chunk_696",,tfidf
A039,"[计算机科学丛书]数据结构与算法 Python语言实现 (Michael T. Goodrich, Roberto Tamassia etc.) (Z-Library)_chunk_738",,bm25/tfidf
A039,"[计算机科学丛书]数据结构与算法 Python语言实现 (Michael T. Goodrich, Roberto Tamassia etc.) (Z-Library)_chunk_755",,dense_bm25
A039,"[计算机科学丛书]数据结构与算法 Python语言实现 (Michael T. Goodrich, Roberto Tamassia etc.) (Z-Library)_chunk_763",,tfidf
A039,"[计算机科学丛书]数据结构与算法 Python语言实现 (Michael T. Goodrich, Roberto Tamassia etc.) (Z-Library)_chunk_764",,dense_bm25/tfidf
A039,"[计算机科学丛书]数据结构与算法 Python语言实现 (Michael T. Goodrich, Roberto Tamassia etc.) (Z-Library)_chunk_771",,tfidf
A039,操作系统导论-OSTEP (王海鹏 译) (Z-Library)_chunk_571,,tfidf
A039,数据结构 (邓俊辉) (Z-Library)_chunk_22,,dense
A039,数据结构 (邓俊辉) (Z-Library)_chunk_29,,dense/dense_bm25
A039,数据结构 (邓俊辉) (Z-Library)_chunk_307,,dense
A039,数据结构 (邓俊辉) (Z-Library)_chunk_409,,dense
A039,数据结构 (邓俊辉) (Z-Library)_chunk_80,,dense
A039,数据结构（C语言版 第2版） (严蔚敏) (Z-Library)_chunk_108,,dense
A039,数据结构（C语言版 第2版） (严蔚敏) (Z-Library)_chunk_15,,dense/dense_bm25
A039,数据结构（C语言版 第2版） (严蔚敏) (Z-Library)_chunk_16,,dense/dense_bm25
A039,数据结构（C语言版 第2版） (严蔚敏) (Z-Library)_chunk_166,,dense
A039,数据结构（C语言版 第2版） (严蔚敏) (Z-Library)_chunk_17,,bm25/dense_bm25/tfidf
A039,数据结构（C语言版 第2版） (严蔚敏) (Z-Library)_chunk_175,,dense
A039,数据结构（C语言版 第2版） (严蔚敏) (Z-Library)_chunk_264,,dense/dense_bm25
A039,数据结构（C语言版 第2版） (严蔚敏) (Z-Library)_chunk_276,,bm25/dense_bm25
A039,数据结构（C语言版 第2版） (严蔚敏) (Z-Library)_chunk_337,,bm25
A039,数据结构（C语言版 第2版） (严蔚敏) (Z-Library)_chunk_399,,bm25/dense_bm25/tfidf
A039,数据结构（C语言版 第2版） (严蔚敏) (Z-Library)_chunk_90,,dense/dense_bm25
A040,2024年王道计算机网络复习指导 (王道计算机) (Z-Library)_chunk_254,,dense/dense_bm25
A040,2024年王道计算机网络复习指导 (王道计算机) (Z-Library)_chunk_331,,dense
A040,2024年王道计算机网络复习指导 (王道计算机) (Z-Library)_chunk_442,,bm25/dense_bm25/tfidf
A040,2024年王道计算机网络复习指导 (王道计算机) (Z-Library)_chunk_444,,bm25/dense_bm25/tfidf
A040,2024年王道计算机网络复习指导 (王道计算机) (Z-Library)_chunk_447,,tfidf
A040,2024年王道计算机网络复习指导 (王道计算机) (Z-Library)_chunk_457,,bm25/dense_bm25/tfidf
A040,2024年王道计算机网络复习指导 (王道计算机) (Z-Library)_chunk_460,,bm25/dense_bm25/tfidf
A040,2024年王道计算机网络复习指导 (王道计算机) (Z-Library)_chunk_461,,bm25/dense/dense_bm25/tfidf
A040,2024年王道计算机网络复习指导 (王道计算机) (Z-Library)_chunk_464,,dense_bm25
A040,2024年王道计算机网络复习指导 (王道计算机) (Z-Library)_chunk_471,,bm25
A040,2024年王道计算机网络复习指导 (王道计算机) (Z-Library)_chunk_473,,bm25/dense_bm25/tfidf
A040,2024年王道计算机网络复习指导 (王道计算机) (Z-Library)_chunk_481,,bm25/dense_bm25/tfidf
A040,2024年王道计算机网络复习指导 (王道计算机) (Z-Library)_chunk_486,,tfidf
A040,Operating Systems Three Easy Pieces (Remzi H. Arpaci-Dusseau etc.) (Z-Library)_chunk_408,,dense
A040,数据结构 (邓俊辉) (Z-Library)_chunk_353,,dense/dense_bm25
A040,数据结构（C语言版 第2版） (严蔚敏) (Z-Library)_chunk_239,,dense
A040,"现代操作系统 (Andrew S. Tanenbaum, Herbert Bos) (Z-Library)_chunk_1015",,dense
A040,"现代操作系统 (Andrew S. Tanenbaum, Herbert Bos) (Z-Library)_chunk_1024",,dense
A040,"现代操作系统 (Andrew S. Tanenbaum, Herbert Bos) (Z-Library)_chunk_1072",,dense
A040,"现代操作系统 (Andrew S. Tanenbaum, Herbert Bos) (Z-Library)_chunk_1097",,dense
A040,"现代操作系统 (Andrew S. Tanenbaum, Herbert Bos) (Z-Library)_chunk_964",,tfidf
A040,"计算机网络 (吴功宜,吴英) (Z-Library)(OCR)_chunk_333",,bm25/dense_bm25/tfidf
A040,"计算机网络 (吴功宜,吴英) (Z-Library)(OCR)_chunk_394",,bm25/dense/dense_bm25/tfidf
A040,"计算机网络 (吴功宜,吴英) (Z-Library)(OCR)_chunk_481",,bm25/dense/dense_bm25/tfidf
A040,"计算机网络 (吴功宜,吴英) (Z-Library)(OCR)_chunk_483",,tfidf
A040,"计算机网络 (吴功宜,吴英) (Z-Library)(OCR)_chunk_486",,bm25/dense/dense_bm25/tfidf
A040,"计算机网络 (吴功宜,吴英) (Z-Library)(OCR)_chunk_492",,bm25/dense_bm25
A040,计算机网络（原书第7版） 自顶向下方法 (James F. Kurose Keith W. Ross) (Z-Library)_chunk_112,,dense
A040,计算机网络（原书第7版） 自顶向下方法 (James F. Kurose Keith W. Ross) (Z-Library)_chunk_113,,dense
A040,计算机网络（原书第7版） 自顶向下方法 (James F. Kurose Keith W. Ross) (Z-Library)_chunk_123,,dense/dense_bm25
A040,计算机网络（原书第7版） 自顶向下方法 (James F. Kurose Keith W. Ross) (Z-Library)_chunk_124,,dense/dense_bm25
A040,计算机网络（原书第7版） 自顶向下方法 (James F. Kurose Keith W. Ross) (Z-Library)_chunk_125,,dense_bm25
A040,计算机网络（原书第7版） 自顶向下方法 (James F. Kurose Keith W. Ross) (Z-Library)_chunk_132,,dense_bm25
A040,计算机网络（原书第7版） 自顶向下方法 (James F. Kurose Keith W. Ross) (Z-Library)_chunk_133,,dense/dense_bm25
A040,计算机网络（原书第7版） 自顶向下方法 (James F. Kurose Keith W. Ross) (Z-Library)_chunk_135,,dense_bm25
A040,计算机网络（原书第7版） 自顶向下方法 (James F. Kurose Keith W. Ross) (Z-Library)_chunk_138,,dense
A040,计算机网络（原书第7版） 自顶向下方法 (James F. Kurose Keith W. Ross) (Z-Library)_chunk_140,,dense/dense_bm25
A040,计算机网络（原书第7版） 自顶向下方法 (James F. Kurose Keith W. Ross) (Z-Library)_chunk_147,,dense/dense_bm25
A040,计算机网络（原书第7版） 自顶向下方法 (James F. Kurose Keith W. Ross) (Z-Library)_chunk_150,,dense/dense_bm25/tfidf
A040,计算机网络（原书第7版） 自顶向下方法 (James F. Kurose Keith W. Ross) (Z-Library)_chunk_154,,bm25/dense/dense_bm25/tfidf
A040,计算机网络（原书第7版） 自顶向下方法 (James F. Kurose Keith W. Ross) (Z-Library)_chunk_175,,dense/dense_bm25
A040,计算机网络（原书第7版） 自顶向下方法 (James F. Kurose Keith W. Ross) (Z-Library)_chunk_181,,bm25/tfidf
A040,计算机网络（原书第7版） 自顶向下方法 (James F. Kurose Keith W. Ross) (Z-Library)_chunk_589,,dense/dense_bm25
A040,计算机网络（原书第7版） 自顶向下方法 (James F. Kurose Keith W. Ross) (Z-Library)_chunk_592,,bm25/dense/dense_bm25/tfidf
A040,计算机网络（第8版） (谢希仁) (Z-Library)(OCR)_chunk_228,,dense
A040,计算机网络（第8版） (谢希仁) (Z-Library)(OCR)_chunk_276,,dense
A040,计算机网络（第8版） (谢希仁) (Z-Library)(OCR)_chunk_285,,bm25
A040,计算机网络（第8版） (谢希仁) (Z-Library)(OCR)_chunk_310,,bm25
A040,计算机网络（第8版） (谢希仁) (Z-Library)(OCR)_chunk_313,,dense/dense_bm25/tfidf
A040,计算机网络（第8版） (谢希仁) (Z-Library)(OCR)_chunk_314,,dense_bm25
A040,计算机网络（第8版） (谢希仁) (Z-Library)(OCR)_chunk_322,,bm25
A040,计算机网络（第8版） (谢希仁) (Z-Library)(OCR)_chunk_373,,dense
A040,计算机网络（第8版） (谢希仁) (Z-Library)(OCR)_chunk_506,,bm25
A041,2024年王道计算机网络复习指导 (王道计算机) (Z-Library)_chunk_123,,bm25
A041,2024年王道计算机网络复习指导 (王道计算机) (Z-Library)_chunk_208,,dense
A041,2024年王道计算机网络复习指导 (王道计算机) (Z-Library)_chunk_233,,bm25/dense_bm25
A041,2024年王道计算机网络复习指导 (王道计算机) (Z-Library)_chunk_289,,bm25/dense/dense_bm25/tfidf
A041,2024年王道计算机网络复习指导 (王道计算机) (Z-Library)_chunk_306,,bm25/dense/dense_bm25/tfidf
A041,2024年王道计算机网络复习指导 (王道计算机) (Z-Library)_chunk_321,,bm25
A041,2024年王道计算机网络复习指导 (王道计算机) (Z-Library)_chunk_323,,bm25/dense_bm25
A041,2024年王道计算机网络复习指导 (王道计算机) (Z-Library)_chunk_328,,bm25/dense_bm25/tfidf
A041,2024年王道计算机网络复习指导 (王道计算机) (Z-Library)_chunk_329,,bm25/dense/dense_bm25/tfidf
A041,2024年王道计算机网络复习指导 (王道计算机) (Z-Library)_chunk_351,,bm25/dense_bm25
A041,2024年王道计算机网络复习指导 (王道计算机) (Z-Library)_chunk_428,,dense
A041,2024年王道计算机网络复习指导 (王道计算机) (Z-Library)_chunk_520,,tfidf
A041,Operating Systems Three Easy Pieces (Remzi H. Arpaci-Dusseau etc.) (Z-Library)_chunk_1454,,dense/dense_bm25
A041,Operating Systems Three Easy Pieces (Remzi H. Arpaci-Dusseau etc.) (Z-Library)_chunk_27,,dense
A041,Operating Systems Three Easy Pieces (Remzi H. Arpaci-Dusseau etc.) (Z-Library)_chunk_35,,dense
A041,Operating Systems Three Easy Pieces (Remzi H. Arpaci-Dusseau etc.) (Z-Library)_chunk_384,,dense
A041,Operating Systems Three Easy Pieces (Remzi H. Arpaci-Dusseau etc.) (Z-Library)_chunk_651,,dense
A041,操作系统导论-OSTEP (王海鹏 译) (Z-Library)_chunk_111,,dense
A041,操作系统导论-OSTEP (王海鹏 译) (Z-Library)_chunk_572,,tfidf
A041,数据结构（C语言版 第2版） (严蔚敏) (Z-Library)_chunk_239,,dense
A041,"现代操作系统 (Andrew S. Tanenbaum, Herbert Bos) (Z-Library)_chunk_1055",,dense
A041,"现代操作系统 (Andrew S. Tanenbaum, Herbert Bos) (Z-Library)_chunk_494",,dense
A041,"现代操作系统 (Andrew S. Tanenbaum, Herbert Bos) (Z-Library)_chunk_93",,dense_bm25
A041,"计算机网络 (吴功宜,吴英) (Z-Library)(OCR)_chunk_0",,dense
A041,"计算机网络 (吴功宜,吴英) (Z-Library)(OCR)_chunk_138",,dense/dense_bm25
A041,"计算机网络 (吴功宜,吴英) (Z-Library)(OCR)_chunk_191",,dense/dense_bm25
A041,"计算机网络 (吴功宜,吴英) (Z-Library)(OCR)_chunk_209",,dense
A041,"计算机网络 (吴功宜,吴英) (Z-Library)(OCR)_chunk_220",,bm25/dense_bm25
A041,"计算机网络 (吴功宜,吴英) (Z-Library)(OCR)_chunk_221",,bm25/dense/dense_bm25/tfidf
A041,"计算机网络 (吴功宜,吴英) (Z-Library)(OCR)_chunk_222",,bm25/dense_bm25/tfidf
A041,"计算机网络 (吴功宜,吴英) (Z-Library)(OCR)_chunk_380",,bm25/dense_bm25
A041,"计算机网络 (吴功宜,吴英) (Z-Library)(OCR)_chunk_490",,dense/dense_bm25
A041,"计算机网络 (吴功宜,吴英) (Z-Library)(OCR)_chunk_50",,dense/dense_bm25
A041,"计算机网络 (吴功宜,吴英) (Z-Library)(OCR)_chunk_51",,dense/dense_bm25
A041,计算机网络（原书第7版） 自顶向下方法 (James F. Kurose Keith W. Ross) (Z-Library)_chunk_14,,bm25/tfidf
A041,计算机网络（原书第7版） 自顶向下方法 (James F. Kurose Keith W. Ross) (Z-Library)_chunk_209,,bm25/dense_bm25/tfidf
A041,计算机网络（原书第7版） 自顶向下方法 (James F. Kurose Keith W. Ross) (Z-Library)_chunk_277,,tfidf
A041,计算机网络（原书第7版） 自顶向下方法 (James F. Kurose Keith W. Ross) (Z-Library)_chunk_398,,bm25/dense_bm25/tfidf
A041,计算机网络（原书第7版） 自顶向下方法 (James F. Kurose Keith W. Ross) (Z-Library)_chunk_399,,tfidf
A041,计算机网络（原书第7版） 自顶向下方法 (James F. Kurose Keith W. Ross) (Z-Library)_chunk_491,,dense/dense_bm25
A041,计算机网络（原书第7版） 自顶向下方法 (James F. Kurose Keith W. Ross) (Z-Library)_chunk_86,,dense/dense_bm25
A041,计算机网络（第8版） (谢希仁) (Z-Library)(OCR)_chunk_100,,bm25/dense_bm25/tfidf
A041,计算机网络（第8版） (谢希仁) (Z-Library)(OCR)_chunk_145,,tfidf
A041,计算机网络（第8版） (谢希仁) (Z-Library)(OCR)_chunk_256,,bm25/dense_bm25/tfidf
A041,计算机网络（第8版） (谢希仁) (Z-Library)(OCR)_chunk_382,,bm25/tfidf
A041,计算机网络（第8版） (谢希仁) (Z-Library)(OCR)_chunk_432,,dense
A041,计算机网络（第8版） (谢希仁) (Z-Library)(OCR)_chunk_472,,dense/dense_bm25
A041,计算机网络（第8版） (谢希仁) (Z-Library)(OCR)_chunk_475,,dense/dense_bm25
A041,计算机网络（第8版） (谢希仁) (Z-Library)(OCR)_chunk_522,,dense/dense_bm25
A041,计算机网络（第8版） (谢希仁) (Z-Library)(OCR)_chunk_529,,dense/dense_bm25
A041,计算机网络（第8版） (谢希仁) (Z-Library)(OCR)_chunk_552,,tfidf
A041,计算机网络（第8版） (谢希仁) (Z-Library)(OCR)_chunk_98,,bm25/dense_bm25/tfidf
A041,计算机网络（第8版） (谢希仁) (Z-Library)(OCR)_chunk_99,,dense/dense_bm25/tfidf
A042,2024年王道计算机网络复习指导 (王道计算机) (Z-Library)_chunk_203,,dense
A042,2024年王道计算机网络复习指导 (王道计算机) (Z-Library)_chunk_205,,dense/dense_bm25
A042,2024年王道计算机网络复习指导 (王道计算机) (Z-Library)_chunk_385,,dense
A042,2024年王道计算机网络复习指导 (王道计算机) (Z-Library)_chunk_520,,tfidf
A042,Operating Systems Three Easy Pieces (Remzi H. Arpaci-Dusseau etc.) (Z-Library)_chunk_1008,,dense/dense_bm25/tfidf
A042,Operating Systems Three Easy Pieces (Remzi H. Arpaci-Dusseau etc.) (Z-Library)_chunk_1009,,bm25/dense/dense_bm25/tfidf
A042,Operating Systems Three Easy Pieces (Remzi H. Arpaci-Dusseau etc.) (Z-Library)_chunk_1026,,tfidf
A042,Operating Systems Three Easy Pieces (Remzi H. Arpaci-Dusseau etc.) (Z-Library)_chunk_618,,dense
A042,操作系统导论-OSTEP (王海鹏 译) (Z-Library)_chunk_355,,bm25/dense/dense_bm25/tfidf
A042,操作系统导论-OSTEP (王海鹏 译) (Z-Library)_chunk_361,,bm25/dense_bm25/tfidf
A042,操作系统导论-OSTEP (王海鹏 译) (Z-Library)_chunk_362,,dense/dense_bm25
A042,操作系统导论-OSTEP (王海鹏 译) (Z-Library)_chunk_433,,dense/dense_bm25
A042,数据结构 (邓俊辉) (Z-Library)_chunk_235,,dense/dense_bm25
A042,数据结构（C语言版 第2版） (严蔚敏) (Z-Library)_chunk_154,,dense
A042,数据结构（C语言版 第2版） (严蔚敏) (Z-Library)_chunk_239,,dense
A042,"现代操作系统 (Andrew S. Tanenbaum, Herbert Bos) (Z-Library)_chunk_351",,bm25/dense_bm25/tfidf
A042,"现代操作系统 (Andrew S. Tanenbaum, Herbert Bos) (Z-Library)_chunk_352",,bm25/dense/dense_bm25/tfidf
A042,"现代操作系统 (Andrew S. Tanenbaum, Herbert Bos) (Z-Library)_chunk_353",,bm25/dense_bm25/tfidf
A042,"现代操作系统 (Andrew S. Tanenbaum, Herbert Bos) (Z-Library)_chunk_361",,bm25/dense/dense_bm25/tfidf
A042,"现代操作系统 (Andrew S. Tanenbaum, Herbert Bos) (Z-Library)_chunk_370",,bm25
A042,"现代操作系统 (Andrew S. Tanenbaum, Herbert Bos) (Z-Library)_chunk_38",,bm25/dense_bm25/tfidf
A042,"现代操作系统 (Andrew S. Tanenbaum, Herbert Bos) (Z-Library)_chunk_431",,bm25/dense_bm25
A042,"现代操作系统 (Andrew S. Tanenbaum, Herbert Bos) (Z-Library)_chunk_432",,bm25/dense/dense_bm25/tfidf
A042,"现代操作系统 (Andrew S. Tanenbaum, Herbert Bos) (Z-Library)_chunk_487",,bm25/dense_bm25/tfidf
A042,"现代操作系统 (Andrew S. Tanenbaum, Herbert Bos) (Z-Library)_chunk_507",,bm25/dense/dense_bm25
A042,"现代操作系统 (Andrew S. Tanenbaum, Herbert Bos) (Z-Library)_chunk_539",,bm25
A042,"现代操作系统 (Andrew S. Tanenbaum, Herbert Bos) (Z-Library)_chunk_541",,bm25/dense_bm25
A042,"现代操作系统 (Andrew S. Tanenbaum, Herbert Bos) (Z-Library)_chunk_542",,bm25/dense/dense_bm25
A042,"现代操作系统 (Andrew S. Tanenbaum, Herbert Bos) (Z-Library)_chunk_576",,bm25/dense_bm25/tfidf
A042,"现代操作系统 (Andrew S. Tanenbaum, Herbert Bos) (Z-Library)_chunk_725",,bm25/dense_bm25/tfidf
A042,"现代操作系统 (Andrew S. Tanenbaum, Herbert Bos) (Z-Library)_chunk_832",,dense_bm25
A042,"现代操作系统 (Andrew S. Tanenbaum, Herbert Bos) (Z-Library)_chunk_888",,dense_bm25
A042,"现代操作系统 (Andrew S. Tanenbaum, Herbert Bos) (Z-Library)_chunk_94",,bm25/dense_bm25/tfidf
A042,"计算机网络 (吴功宜,吴英) (Z-Library)(OCR)_chunk_222",,dense/dense_bm25
A042,"计算机网络 (吴功宜,吴英) (Z-Library)(OCR)_chunk_364",,dense
A042,计算机网络（原书第7版） 自顶向下方法 (James F. Kurose Keith W. Ross) (Z-Library)_chunk_124,,dense/dense_bm25
A042,计算机网络（原书第7版） 自顶向下方法 (James F. Kurose Keith W. Ross) (Z-Library)_chunk_14,,tfidf
A042,计算机网络（原书第7版） 自顶向下方法 (James F. Kurose Keith W. Ross) (Z-Library)_chunk_246,,dense
A042,计算机网络（原书第7版） 自顶向下方法 (James F. Kurose Keith W. Ross) (Z-Library)_chunk_296,,dense
A042,计算机网络（原书第7版） 自顶向下方法 (James F. Kurose Keith W. Ross) (Z-Library)_chunk_301,,dense
A042,计算机网络（原书第7版） 自顶向下方法 (James F. Kurose Keith W. Ross) (Z-Library)_chunk_356,,dense
A042,计算机网络（原书第7版） 自顶向下方法 (James F. Kurose Keith W. Ross) (Z-Library)_chunk_357,,dense
A042,计算机网络（原书第7版） 自顶向下方法 (James F. Kurose Keith W. Ross) (Z-Library)_chunk_398,,bm25/tfidf
A042,计算机网络（原书第7版） 自顶向下方法 (James F. Kurose Keith W. Ross) (Z-Library)_chunk_399,,tfidf
A042,计算机网络（第8版） (谢希仁) (Z-Library)(OCR)_chunk_253,,dense
A042,计算机网络（第8版） (谢希仁) (Z-Library)(OCR)_chunk_325,,dense/dense_bm25
A042,计算机网络（第8版） (谢希仁) (Z-Library)(OCR)_chunk_382,,tfidf
A042,计算机网络（第8版） (谢希仁) (Z-Library)(OCR)_chunk_515,,dense/dense_bm25
A042,计算机网络（第8版） (谢希仁) (Z-Library)(OCR)_chunk_524,,dense/dense_bm25
A042,计算机网络（第8版） (谢希仁) (Z-Library)(OCR)_chunk_68,,dense/dense_bm25
A043,2024年王道计算机网络复习指导 (王道计算机) (Z-Library)_chunk_101,,bm25/dense_bm25/tfidf
A043,2024年王道计算机网络复习指导 (王道计算机) (Z-Library)_chunk_102,,bm25
A043,2024年王道计算机网络复习指导 (王道计算机) (Z-Library)_chunk_126,,bm25/dense_bm25/tfidf
A043,2024年王道计算机网络复习指导 (王道计算机) (Z-Library)_chunk_58,,bm25/dense_bm25/tfidf
A043,2024年王道计算机网络复习指导 (王道计算机) (Z-Library)_chunk_62,,bm25/dense_bm25
A043,2024年王道计算机网络复习指导 (王道计算机) (Z-Library)_chunk_63,,bm25/dense_bm25/tfidf
A043,2024年王道计算机网络复习指导 (王道计算机) (Z-Library)_chunk_67,,bm25/dense_bm25
A043,2024年王道计算机网络复习指导 (王道计算机) (Z-Library)_chunk_96,,bm25/dense_bm25
A043,2024年王道计算机网络复习指导 (王道计算机) (Z-Library)_chunk_97,,bm25/dense_bm25/tfidf
A043,2024年王道计算机网络复习指导 (王道计算机) (Z-Library)_chunk_99,,bm25/dense_bm25
A043,Operating Systems Three Easy Pieces (Remzi H. Arpaci-Dusseau etc.) (Z-Library)_chunk_1107,,tfidf
A043,Operating Systems Three Easy Pieces (Remzi H. Arpaci-Dusseau etc.) (Z-Library)_chunk_1382,,dense
A043,Operating Systems Three Easy Pieces (Remzi H. Arpaci-Dusseau etc.) (Z-Library)_chunk_185,,tfidf
A043,Operating Systems Three Easy Pieces (Remzi H. Arpaci-Dusseau etc.) (Z-Library)_chunk_269,,tfidf
A043,Operating Systems Three Easy Pieces (Remzi H. Arpaci-Dusseau etc.) (Z-Library)_chunk_467,,tfidf
A043,Operating Systems Three Easy Pieces (Remzi H. Arpaci-Dusseau etc.) (Z-Library)_chunk_474,,tfidf
A043,Operating Systems Three Easy Pieces (Remzi H. Arpaci-Dusseau etc.) (Z-Library)_chunk_51,,tfidf
A043,Operating Systems Three Easy Pieces (Remzi H. Arpaci-Dusseau etc.) (Z-Library)_chunk_515,,tfidf
A043,Operating Systems Three Easy Pieces (Remzi H. Arpaci-Dusseau etc.) (Z-Library)_chunk_539,,tfidf
A043,Operating Systems Three Easy Pieces (Remzi H. Arpaci-Dusseau etc.) (Z-Library)_chunk_540,,tfidf
A043,Operating Systems Three Easy Pieces (Remzi H. Arpaci-Dusseau etc.) (Z-Library)_chunk_575,,tfidf
A043,Operating Systems Three Easy Pieces (Remzi H. Arpaci-Dusseau etc.) (Z-Library)_chunk_685,,tfidf
A043,Python数据结构与算法分析 第3版 (米勒 拉努姆 罗曼) (Z-Library)_chunk_110,,dense
A043,Python数据结构与算法分析 第3版 (米勒 拉努姆 罗曼) (Z-Library)_chunk_14,,dense
A043,Python数据结构与算法分析 第3版 (米勒 拉努姆 罗曼) (Z-Library)_chunk_149,,dense/dense_bm25
A043,Python数据结构与算法分析 第3版 (米勒 拉努姆 罗曼) (Z-Library)_chunk_183,,dense/dense_bm25
A043,Python数据结构与算法分析 第3版 (米勒 拉努姆 罗曼) (Z-Library)_chunk_255,,bm25/dense_bm25
A043,Python数据结构与算法分析 第3版 (米勒 拉努姆 罗曼) (Z-Library)_chunk_263,,dense/dense_bm25
A043,Python数据结构与算法分析 第3版 (米勒 拉努姆 罗曼) (Z-Library)_chunk_294,,dense
A043,"[计算机科学丛书]数据结构与算法 Python语言实现 (Michael T. Goodrich, Roberto Tamassia etc.) (Z-Library)_chunk_122",,bm25/dense_bm25
A043,"[计算机科学丛书]数据结构与算法 Python语言实现 (Michael T. Goodrich, Roberto Tamassia etc.) (Z-Library)_chunk_128",,dense/dense_bm25
A043,"[计算机科学丛书]数据结构与算法 Python语言实现 (Michael T. Goodrich, Roberto Tamassia etc.) (Z-Library)_chunk_141",,dense/dense_bm25
A043,"[计算机科学丛书]数据结构与算法 Python语言实现 (Michael T. Goodrich, Roberto Tamassia etc.) (Z-Library)_chunk_157",,dense/dense_bm25
A043,"[计算机科学丛书]数据结构与算法 Python语言实现 (Michael T. Goodrich, Roberto Tamassia etc.) (Z-Library)_chunk_240",,tfidf
A043,"[计算机科学丛书]数据结构与算法 Python语言实现 (Michael T. Goodrich, Roberto Tamassia etc.) (Z-Library)_chunk_406",,dense
A043,"[计算机科学丛书]数据结构与算法 Python语言实现 (Michael T. Goodrich, Roberto Tamassia etc.) (Z-Library)_chunk_6",,bm25/dense_bm25
A043,"[计算机科学丛书]数据结构与算法 Python语言实现 (Michael T. Goodrich, Roberto Tamassia etc.) (Z-Library)_chunk_665",,bm25/dense/dense_bm25
A043,"[计算机科学丛书]数据结构与算法 Python语言实现 (Michael T. Goodrich, Roberto Tamassia etc.) (Z-Library)_chunk_668",,bm25
A043,"[计算机科学丛书]数据结构与算法 Python语言实现 (Michael T. Goodrich, Roberto Tamassia etc.) (Z-Library)_chunk_693",,dense
A043,"[计算机科学丛书]数据结构与算法 Python语言实现 (Michael T. Goodrich, Roberto Tamassia etc.) (Z-Library)_chunk_779",,dense/dense_bm25
A043,数据结构 (邓俊辉) (Z-Library)_chunk_102,,dense/dense_bm25
A043,数据结构 (邓俊辉) (Z-Library)_chunk_26,,dense
A043,数据结构 (邓俊辉) (Z-Library)_chunk_277,,dense/dense_bm25
A043,数据结构 (邓俊辉) (Z-Library)_chunk_278,,dense
A043,数据结构 (邓俊辉) (Z-Library)_chunk_32,,dense/dense_bm25
A043,数据结构 (邓俊辉) (Z-Library)_chunk_366,,dense/dense_bm25
A043,数据结构 (邓俊辉) (Z-Library)_chunk_383,,dense/dense_bm25
A043,数据结构 (邓俊辉) (Z-Library)_chunk_41,,dense/dense_bm25
A043,数据结构 (邓俊辉) (Z-Library)_chunk_42,,dense
A043,数据结构 (邓俊辉) (Z-Library)_chunk_422,,dense
A043,数据结构 (邓俊辉) (Z-Library)_chunk_453,,dense
A043,数据结构 (邓俊辉) (Z-Library)_chunk_59,,dense/dense_bm25
A043,数据结构（C语言版 第2版） (严蔚敏) (Z-Library)_chunk_138,,dense
A043,数据结构（C语言版 第2版） (严蔚敏) (Z-Library)_chunk_16,,bm25/dense_bm25
A043,数据结构（C语言版 第2版） (严蔚敏) (Z-Library)_chunk_49,,dense
A043,数据结构（C语言版 第2版） (严蔚敏) (Z-Library)_chunk_65,,dense/dense_bm25
A043,"现代操作系统 (Andrew S. Tanenbaum, Herbert Bos) (Z-Library)_chunk_1051",,dense
A043,"计算机网络 (吴功宜,吴英) (Z-Library)(OCR)_chunk_472",,tfidf
A043,"计算机网络 (吴功宜,吴英) (Z-Library)(OCR)_chunk_474",,tfidf
A043,计算机网络（原书第7版） 自顶向下方法 (James F. Kurose Keith W. Ross) (Z-Library)_chunk_14,,bm25
A043,计算机网络（原书第7版） 自顶向下方法 (James F. Kurose Keith W. Ross) (Z-Library)_chunk_398,,bm25
A043,计算机网络（原书第7版） 自顶向下方法 (James F. Kurose Keith W. Ross) (Z-Library)_chunk_545,,bm25/dense_bm25
A043,计算机网络（第8版） (谢希仁) (Z-Library)(OCR)_chunk_15,,tfidf
A043,计算机网络（第8版） (谢希仁) (Z-Library)(OCR)_chunk_382,,bm25
A044,2024年王道计算机网络复习指导 (王道计算机) (Z-Library)_chunk_509,,dense_bm25
A044,2024年王道计算机网络复习指导 (王道计算机) (Z-Library)_chunk_523,,dense
A044,Operating Systems Three Easy Pieces (Remzi H. Arpaci-Dusseau etc.) (Z-Library)_chunk_1538,,dense/dense_bm25
A044,Operating Systems Three Easy Pieces (Remzi H. Arpaci-Dusseau etc.) (Z-Library)_chunk_1541,,dense
A044,Operating Systems Three Easy Pieces (Remzi H. Arpaci-Dusseau etc.) (Z-Library)_chunk_183,,dense/dense_bm25/tfidf
A044,Operating Systems Three Easy Pieces (Remzi H. Arpaci-Dusseau etc.) (Z-Library)_chunk_184,,dense/dense_bm25/tfidf
A044,Operating Systems Three Easy Pieces (Remzi H. Arpaci-Dusseau etc.) (Z-Library)_chunk_185,,dense
A044,Operating Systems Three Easy Pieces (Remzi H. Arpaci-Dusseau etc.) (Z-Library)_chunk_612,,bm25/dense/dense_bm25/tfidf
A044,Operating Systems Three Easy Pieces (Remzi H. Arpaci-Dusseau etc.) (Z-Library)_chunk_613,,bm25/dense/dense_bm25/tfidf
A044,Operating Systems Three Easy Pieces (Remzi H. Arpaci-Dusseau etc.) (Z-Library)_chunk_616,,tfidf
A044,Operating Systems Three Easy Pieces (Remzi H. Arpaci-Dusseau etc.) (Z-Library)_chunk_622,,tfidf
A044,Operating Systems Three Easy Pieces (Remzi H. Arpaci-Dusseau etc.) (Z-Library)_chunk_627,,tfidf
A044,Operating Systems Three Easy Pieces (Remzi H. Arpaci-Dusseau etc.) (Z-Library)_chunk_628,,dense/tfidf
A044,Operating Systems Three Easy Pieces (Remzi H. Arpaci-Dusseau etc.) (Z-Library)_chunk_646,,tfidf
A044,Operating Systems Three Easy Pieces (Remzi H. Arpaci-Dusseau etc.) (Z-Library)_chunk_661,,tfidf
A044,Operating Systems Three Easy Pieces (Remzi H. Arpaci-Dusseau etc.) (Z-Library)_chunk_662,,bm25/dense/dense_bm25/tfidf
A044,Operating Systems Three Easy Pieces (Remzi H. Arpaci-Dusseau etc.) (Z-Library)_chunk_663,,dense_bm25/tfidf
A044,Operating Systems Three Easy Pieces (Remzi H. Arpaci-Dusseau etc.) (Z-Library)_chunk_878,,dense
A044,Python数据结构与算法分析 第3版 (米勒 拉努姆 罗曼) (Z-Library)_chunk_105,,bm25/dense/dense_bm25
A044,Python数据结构与算法分析 第3版 (米勒 拉努姆 罗曼) (Z-Library)_chunk_106,,dense/dense_bm25
A044,Python数据结构与算法分析 第3版 (米勒 拉努姆 罗曼) (Z-Library)_chunk_92,,dense_bm25
A044,"[计算机科学丛书]数据结构与算法 Python语言实现 (Michael T. Goodrich, Roberto Tamassia etc.) (Z-Library)_chunk_385",,bm25
A044,"[计算机科学丛书]数据结构与算法 Python语言实现 (Michael T. Goodrich, Roberto Tamassia etc.) (Z-Library)_chunk_605",,dense/dense_bm25
A044,"[计算机科学丛书]数据结构与算法 Python语言实现 (Michael T. Goodrich, Roberto Tamassia etc.) (Z-Library)_chunk_651",,bm25/dense_bm25
A044,"[计算机科学丛书]数据结构与算法 Python语言实现 (Michael T. Goodrich, Roberto Tamassia etc.) (Z-Library)_chunk_652",,bm25/dense/dense_bm25/tfidf
A044,操作系统导论-OSTEP (王海鹏 译) (Z-Library)_chunk_210,,bm25/dense/dense_bm25/tfidf
A044,操作系统导论-OSTEP (王海鹏 译) (Z-Library)_chunk_211,,bm25/dense_bm25
A044,操作系统导论-OSTEP (王海鹏 译) (Z-Library)_chunk_212,,bm25/dense/dense_bm25
A044,操作系统导论-OSTEP (王海鹏 译) (Z-Library)_chunk_214,,bm25/dense_bm25
A044,操作系统导论-OSTEP (王海鹏 译) (Z-Library)_chunk_215,,bm25/dense_bm25
A044,操作系统导论-OSTEP (王海鹏 译) (Z-Library)_chunk_227,,bm25/dense_bm25/tfidf
A044,操作系统导论-OSTEP (王海鹏 译) (Z-Library)_chunk_231,,bm25/dense_bm25
A044,操作系统导论-OSTEP (王海鹏 译) (Z-Library)_chunk_546,,bm25
A044,操作系统导论-OSTEP (王海鹏 译) (Z-Library)_chunk_66,,bm25/dense/dense_bm25/tfidf
A044,数据结构（C语言版 第2版） (严蔚敏) (Z-Library)_chunk_70,,dense_bm25
A044,"现代操作系统 (Andrew S. Tanenbaum, Herbert Bos) (Z-Library)_chunk_154",,dense
A044,"现代操作系统 (Andrew S. Tanenbaum, Herbert Bos) (Z-Library)_chunk_214",,bm25
A044,"现代操作系统 (Andrew S. Tanenbaum, Herbert Bos) (Z-Library)_chunk_224",,bm25/dense_bm25
A044,"现代操作系统 (Andrew S. Tanenbaum, Herbert Bos) (Z-Library)_chunk_259",,tfidf
A044,"现代操作系统 (Andrew S. Tanenbaum, Herbert Bos) (Z-Library)_chunk_261",,bm25
A044,"现代操作系统 (Andrew S. Tanenbaum, Herbert Bos) (Z-Library)_chunk_300",,dense
A044,"现代操作系统 (Andrew S. Tanenbaum, Herbert Bos) (Z-Library)_chunk_930",,bm25/dense_bm25
A044,"计算机网络 (吴功宜,吴英) (Z-Library)(OCR)_chunk_113",,dense
A044,"计算机网络 (吴功宜,吴英) (Z-Library)(OCR)_chunk_114",,dense/dense_bm25
A044,"计算机网络 (吴功宜,吴英) (Z-Library)(OCR)_chunk_164",,dense
A044,"计算机网络 (吴功宜,吴英) (Z-Library)(OCR)_chunk_473",,dense
A044,计算机网络（原书第7版） 自顶向下方法 (James F. Kurose Keith W. Ross) (Z-Library)_chunk_14,,dense_bm25/tfidf
A044,计算机网络（原书第7版） 自顶向下方法 (James F. Kurose Keith W. Ross) (Z-Library)_chunk_203,,tfidf
A044,计算机网络（原书第7版） 自顶向下方法 (James F. Kurose Keith W. Ross) (Z-Library)_chunk_358,,dense
A044,计算机网络（原书第7版） 自顶向下方法 (James F. Kurose Keith W. Ross) (Z-Library)_chunk_398,,tfidf
A044,计算机网络（第8版） (谢希仁) (Z-Library)(OCR)_chunk_108,,dense
A044,计算机网络（第8版） (谢希仁) (Z-Library)(OCR)_chunk_209,,dense
A044,计算机网络（第8版） (谢希仁) (Z-Library)(OCR)_chunk_446,,dense/dense_bm25
A044,计算机网络（第8版） (谢希仁) (Z-Library)(OCR)_chunk_492,,dense/dense_bm25
A044,计算机网络（第8版） (谢希仁) (Z-Library)(OCR)_chunk_544,,dense/dense_bm25
A045,2024年王道计算机网络复习指导 (王道计算机) (Z-Library)_chunk_123,,bm25/tfidf
A045,2024年王道计算机网络复习指导 (王道计算机) (Z-Library)_chunk_217,,bm25
A045,2024年王道计算机网络复习指导 (王道计算机) (Z-Library)_chunk_233,,dense/dense_bm25
A045,2024年王道计算机网络复习指导 (王道计算机) (Z-Library)_chunk_235,,dense
A045,2024年王道计算机网络复习指导 (王道计算机) (Z-Library)_chunk_237,,dense
A045,2024年王道计算机网络复习指导 (王道计算机) (Z-Library)_chunk_238,,dense/dense_bm25
A045,2024年王道计算机网络复习指导 (王道计算机) (Z-Library)_chunk_239,,dense/dense_bm25
A045,2024年王道计算机网络复习指导 (王道计算机) (Z-Library)_chunk_242,,dense
A045,2024年王道计算机网络复习指导 (王道计算机) (Z-Library)_chunk_252,,dense/dense_bm25
A045,2024年王道计算机网络复习指导 (王道计算机) (Z-Library)_chunk_300,,dense/dense_bm25
A045,2024年王道计算机网络复习指导 (王道计算机) (Z-Library)_chunk_303,,dense/dense_bm25
A045,2024年王道计算机网络复习指导 (王道计算机) (Z-Library)_chunk_316,,bm25/dense_bm25/tfidf
A045,2024年王道计算机网络复习指导 (王道计算机) (Z-Library)_chunk_37,,dense
A045,2024年王道计算机网络复习指导 (王道计算机) (Z-Library)_chunk_411,,dense
A045,2024年王道计算机网络复习指导 (王道计算机) (Z-Library)_chunk_431,,dense/dense_bm25
A045,2024年王道计算机网络复习指导 (王道计算机) (Z-Library)_chunk_433,,dense
A045,2024年王道计算机网络复习指导 (王道计算机) (Z-Library)_chunk_491,,dense/dense_bm25
A045,2024年王道计算机网络复习指导 (王道计算机) (Z-Library)_chunk_498,,dense
A045,2024年王道计算机网络复习指导 (王道计算机) (Z-Library)_chunk_520,,tfidf
A045,"现代操作系统 (Andrew S. Tanenbaum, Herbert Bos) (Z-Library)_chunk_776",,dense/dense_bm25
A045,"计算机网络 (吴功宜,吴英) (Z-Library)(OCR)_chunk_283",,dense
A045,"计算机网络 (吴功宜,吴英) (Z-Library)(OCR)_chunk_327",,dense/dense_bm25
A045,"计算机网络 (吴功宜,吴英) (Z-Library)(OCR)_chunk_360",,bm25/dense_bm25
A045,"计算机网络 (吴功宜,吴英) (Z-Library)(OCR)_chunk_380",,bm25/dense_bm25/tfidf
A045,"计算机网络 (吴功宜,吴英) (Z-Library)(OCR)_chunk_381",,bm25/dense/dense_bm25/tfidf
A045,"计算机网络 (吴功宜,吴英) (Z-Library)(OCR)_chunk_390",,bm25/dense_bm25/tfidf
A045,"计算机网络 (吴功宜,吴英) (Z-Library)(OCR)_chunk_391",,dense
A045,"计算机网络 (吴功宜,吴英) (Z-Library)(OCR)_chunk_394",,bm25/dense_bm25
A045,"计算机网络 (吴功宜,吴英) (Z-Library)(OCR)_chunk_495",,bm25/tfidf
A045,"计算机网络 (吴功宜,吴英) (Z-Library)(OCR)_chunk_497",,dense_bm25
A045,"计算机网络 (吴功宜,吴英) (Z-Library)(OCR)_chunk_501",,dense_bm25/tfidf
A045,计算机网络（原书第7版） 自顶向下方法 (James F. Kurose Keith W. Ross) (Z-Library)_chunk_14,,bm25/tfidf
A045,计算机网络（原书第7版） 自顶向下方法 (James F. Kurose Keith W. Ross) (Z-Library)_chunk_215,,bm25/dense/dense_bm25/tfidf
A045,计算机网络（原书第7版） 自顶向下方法 (James F. Kurose Keith W. Ross) (Z-Library)_chunk_228,,tfidf
A045,计算机网络（原书第7版） 自顶向下方法 (James F. Kurose Keith W. Ross) (Z-Library)_chunk_329,,bm25/dense_bm25
A045,计算机网络（原书第7版） 自顶向下方法 (James F. Kurose Keith W. Ross) (Z-Library)_chunk_338,,bm25/dense_bm25/tfidf
A045,计算机网络（原书第7版） 自顶向下方法 (James F. Kurose Keith W. Ross) (Z-Library)_chunk_384,,bm25/dense_bm25
A045,计算机网络（原书第7版） 自顶向下方法 (James F. Kurose Keith W. Ross) (Z-Library)_chunk_398,,bm25/tfidf
A045,计算机网络（原书第7版） 自顶向下方法 (James F. Kurose Keith W. Ross) (Z-Library)_chunk_399,,tfidf
A045,计算机网络（原书第7版） 自顶向下方法 (James F. Kurose Keith W. Ross) (Z-Library)_chunk_429,,dense
A045,计算机网络（原书第7版） 自顶向下方法 (James F. Kurose Keith W. Ross) (Z-Library)_chunk_472,,bm25/dense_bm25
A045,计算机网络（原书第7版） 自顶向下方法 (James F. Kurose Keith W. Ross) (Z-Library)_chunk_59,,tfidf
A045,计算机网络（原书第7版） 自顶向下方法 (James F. Kurose Keith W. Ross) (Z-Library)_chunk_593,,bm25/dense_bm25/tfidf
A045,计算机网络（第8版） (谢希仁) (Z-Library)(OCR)_chunk_103,,dense
A045,计算机网络（第8版） (谢希仁) (Z-Library)(OCR)_chunk_145,,tfidf
A045,计算机网络（第8版） (谢希仁) (Z-Library)(OCR)_chunk_188,,dense_bm25
A045,计算机网络（第8版） (谢希仁) (Z-Library)(OCR)_chunk_269,,dense
A045,计算机网络（第8版） (谢希仁) (Z-Library)(OCR)_chunk_359,,bm25/dense/dense_bm25/tfidf
A045,计算机网络（第8版） (谢希仁) (Z-Library)(OCR)_chunk_382,,bm25/dense/dense_bm25/tfidf
A045,计算机网络（第8版） (谢希仁) (Z-Library)(OCR)_chunk_438,,dense
A045,计算机网络（第8版） (谢希仁) (Z-Library)(OCR)_chunk_483,,bm25/dense_bm25
A045,计算机网络（第8版） (谢希仁) (Z-Library)(OCR)_chunk_503,,dense
A045,计算机网络（第8版） (谢希仁) (Z-Library)(OCR)_chunk_519,,dense/dense_bm25
A045,计算机网络（第8版） (谢希仁) (Z-Library)(OCR)_chunk_524,,dense/dense_bm25
A045,计算机网络（第8版） (谢希仁) (Z-Library)(OCR)_chunk_552,,tfidf
A046,2024年王道计算机网络复习指导 (王道计算机) (Z-Library)_chunk_153,,dense/dense_bm25
A046,Operating Systems Three Easy Pieces (Remzi H. Arpaci-Dusseau etc.) (Z-Library)_chunk_1057,,dense
A046,Operating Systems Three Easy Pieces (Remzi H. Arpaci-Dusseau etc.) (Z-Library)_chunk_980,,dense
A046,Python数据结构与算法分析 第3版 (米勒 拉努姆 罗曼) (Z-Library)_chunk_106,,dense
A046,Python数据结构与算法分析 第3版 (米勒 拉努姆 罗曼) (Z-Library)_chunk_288,,dense
A046,"[计算机科学丛书]数据结构与算法 Python语言实现 (Michael T. Goodrich, Roberto Tamassia etc.) (Z-Library)_chunk_201",,dense
A046,"[计算机科学丛书]数据结构与算法 Python语言实现 (Michael T. Goodrich, Roberto Tamassia etc.) (Z-Library)_chunk_626",,dense/dense_bm25
A046,操作系统导论-OSTEP (王海鹏 译) (Z-Library)_chunk_101,,bm25
A046,操作系统导论-OSTEP (王海鹏 译) (Z-Library)_chunk_181,,dense/dense_bm25
A046,操作系统导论-OSTEP (王海鹏 译) (Z-Library)_chunk_372,,tfidf
A046,操作系统导论-OSTEP (王海鹏 译) (Z-Library)_chunk_461,,dense
A046,操作系统导论-OSTEP (王海鹏 译) (Z-Library)_chunk_547,,dense/dense_bm25
A046,操作系统导论-OSTEP (王海鹏 译) (Z-Library)_chunk_548,,bm25/dense_bm25/tfidf
A046,操作系统导论-OSTEP (王海鹏 译) (Z-Library)_chunk_551,,bm25
A046,操作系统导论-OSTEP (王海鹏 译) (Z-Library)_chunk_67,,dense_bm25
A046,操作系统导论-OSTEP (王海鹏 译) (Z-Library)_chunk_68,,dense_bm25
A046,操作系统导论-OSTEP (王海鹏 译) (Z-Library)_chunk_69,,dense/dense_bm25
A046,操作系统导论-OSTEP (王海鹏 译) (Z-Library)_chunk_76,,dense/dense_bm25
A046,操作系统导论-OSTEP (王海鹏 译) (Z-Library)_chunk_88,,bm25/dense_bm25
A046,操作系统导论-OSTEP (王海鹏 译) (Z-Library)_chunk_89,,tfidf
A046,操作系统导论-OSTEP (王海鹏 译) (Z-Library)_chunk_94,,tfidf
A046,操作系统导论-OSTEP (王海鹏 译) (Z-Library)_chunk_95,,tfidf
A046,操作系统导论-OSTEP (王海鹏 译) (Z-Library)_chunk_97,,bm25/dense_bm25/tfidf
A046,数据结构 (邓俊辉) (Z-Library)_chunk_228,,dense
A046,数据结构 (邓俊辉) (Z-Library)_chunk_242,,dense
A046,数据结构 (邓俊辉) (Z-Library)_chunk_453,,dense
A046,数据结构（C语言版 第2版） (严蔚敏) (Z-Library)_chunk_165,,dense
A046,"现代操作系统 (Andrew S. Tanenbaum, Herbert Bos) (Z-Library)_chunk_154",,dense/dense_bm25
A046,"现代操作系统 (Andrew S. Tanenbaum, Herbert Bos) (Z-Library)_chunk_156",,bm25/tfidf
A046,"现代操作系统 (Andrew S. Tanenbaum, Herbert Bos) (Z-Library)_chunk_160",,bm25/dense_bm25/tfidf
A046,"现代操作系统 (Andrew S. Tanenbaum, Herbert Bos) (Z-Library)_chunk_162",,bm25/tfidf
A046,"现代操作系统 (Andrew S. Tanenbaum, Herbert Bos) (Z-Library)_chunk_163",,bm25/dense_bm25
A046,"现代操作系统 (Andrew S. Tanenbaum, Herbert Bos) (Z-Library)_chunk_169",,bm25/dense_bm25/tfidf
A046,"现代操作系统 (Andrew S. Tanenbaum, Herbert Bos) (Z-Library)_chunk_170",,bm25/dense_bm25/tfidf
A046,"现代操作系统 (Andrew S. Tanenbaum, Herbert Bos) (Z-Library)_chunk_171",,bm25/tfidf
A046,"现代操作系统 (Andrew S. Tanenbaum, Herbert Bos) (Z-Library)_chunk_177",,tfidf
A046,"现代操作系统 (Andrew S. Tanenbaum, Herbert Bos) (Z-Library)_chunk_179",,bm25/dense_bm25
A046,"现代操作系统 (Andrew S. Tanenbaum, Herbert Bos) (Z-Library)_chunk_181",,bm25/dense_bm25
A046,"现代操作系统 (Andrew S. Tanenbaum, Herbert Bos) (Z-Library)_chunk_223",,bm25/dense_bm25
A046,"现代操作系统 (Andrew S. Tanenbaum, Herbert Bos) (Z-Library)_chunk_224",,tfidf
A046,"现代操作系统 (Andrew S. Tanenbaum, Herbert Bos) (Z-Library)_chunk_243",,bm25/dense_bm25
A046,"现代操作系统 (Andrew S. Tanenbaum, Herbert Bos) (Z-Library)_chunk_530",,bm25/tfidf
A046,"现代操作系统 (Andrew S. Tanenbaum, Herbert Bos) (Z-Library)_chunk_534",,tfidf
A046,"现代操作系统 (Andrew S. Tanenbaum, Herbert Bos) (Z-Library)_chunk_552",,tfidf
A046,"现代操作系统 (Andrew S. Tanenbaum, Herbert Bos) (Z-Library)_chunk_553",,bm25/dense_bm25
A046,"现代操作系统 (Andrew S. Tanenbaum, Herbert Bos) (Z-Library)_chunk_612",,dense/dense_bm25
A046,"现代操作系统 (Andrew S. Tanenbaum, Herbert Bos) (Z-Library)_chunk_718",,tfidf
A046,"现代操作系统 (Andrew S. Tanenbaum, Herbert Bos) (Z-Library)_chunk_719",,bm25/dense_bm25/tfidf
A046,"现代操作系统 (Andrew S. Tanenbaum, Herbert Bos) (Z-Library)_chunk_832",,bm25/dense_bm25
A046,"现代操作系统 (Andrew S. Tanenbaum, Herbert Bos) (Z-Library)_chunk_867",,tfidf
A046,"计算机网络 (吴功宜,吴英) (Z-Library)(OCR)_chunk_107",,dense
A046,计算机网络（原书第7版） 自顶向下方法 (James F. Kurose Keith W. Ross) (Z-Library)_chunk_140,,dense
A046,计算机网络（原书第7版） 自顶向下方法 (James F. Kurose Keith W. Ross) (Z-Library)_chunk_177,,dense/dense_bm25
A046,计算机网络（原书第7版） 自顶向下方法 (James F. Kurose Keith W. Ross) (Z-Library)_chunk_246,,dense/dense_bm25
A046,计算机网络（原书第7版） 自顶向下方法 (James F. Kurose Keith W. Ross) (Z-Library)_chunk_249,,dense/dense_bm25
A046,计算机网络（原书第7版） 自顶向下方法 (James F. Kurose Keith W. Ross) (Z-Library)_chunk_282,,dense
A046,计算机网络（第8版） (谢希仁) (Z-Library)(OCR)_chunk_438,,dense/dense_bm25
A046,计算机网络（第8版） (谢希仁) (Z-Library)(OCR)_chunk_516,,dense
A046,计算机网络（第8版） (谢希仁) (Z-Library)(OCR)_chunk_527,,dense/dense_bm25
A046,计算机网络（第8版） (谢希仁) (Z-Library)(OCR)_chunk_67,,dense
A046,计算机网络（第8版） (谢希仁) (Z-Library)(OCR)_chunk_69,,dense/dense_bm25
A046,计算机网络（第8版） (谢希仁) (Z-Library)(OCR)_chunk_70,,dense
A047,Python数据结构与算法分析 第3版 (米勒 拉努姆 罗曼) (Z-Library)_chunk_248,,tfidf
A047,Python数据结构与算法分析 第3版 (米勒 拉努姆 罗曼) (Z-Library)_chunk_54,,dense
A047,"[计算机科学丛书]数据结构与算法 Python语言实现 (Michael T. Goodrich, Roberto Tamassia etc.) (Z-Library)_chunk_137",,dense
A047,"[计算机科学丛书]数据结构与算法 Python语言实现 (Michael T. Goodrich, Roberto Tamassia etc.) (Z-Library)_chunk_153",,dense/dense_bm25
A047,"[计算机科学丛书]数据结构与算法 Python语言实现 (Michael T. Goodrich, Roberto Tamassia etc.) (Z-Library)_chunk_163",,bm25/dense/dense_bm25
A047,"[计算机科学丛书]数据结构与算法 Python语言实现 (Michael T. Goodrich, Roberto Tamassia etc.) (Z-Library)_chunk_287",,bm25
A047,"[计算机科学丛书]数据结构与算法 Python语言实现 (Michael T. Goodrich, Roberto Tamassia etc.) (Z-Library)_chunk_373",,dense
A047,"[计算机科学丛书]数据结构与算法 Python语言实现 (Michael T. Goodrich, Roberto Tamassia etc.) (Z-Library)_chunk_376",,bm25/tfidf
A047,"[计算机科学丛书]数据结构与算法 Python语言实现 (Michael T. Goodrich, Roberto Tamassia etc.) (Z-Library)_chunk_383",,bm25
A047,"[计算机科学丛书]数据结构与算法 Python语言实现 (Michael T. Goodrich, Roberto Tamassia etc.) (Z-Library)_chunk_386",,bm25/dense_bm25
A047,"[计算机科学丛书]数据结构与算法 Python语言实现 (Michael T. Goodrich, Roberto Tamassia etc.) (Z-Library)_chunk_560",,dense
A047,"[计算机科学丛书]数据结构与算法 Python语言实现 (Michael T. Goodrich, Roberto Tamassia etc.) (Z-Library)_chunk_606",,bm25/dense_bm25/tfidf
A047,"[计算机科学丛书]数据结构与算法 Python语言实现 (Michael T. Goodrich, Roberto Tamassia etc.) (Z-Library)_chunk_607",,bm25/dense_bm25/tfidf
A047,"[计算机科学丛书]数据结构与算法 Python语言实现 (Michael T. Goodrich, Roberto Tamassia etc.) (Z-Library)_chunk_608",,bm25/dense/dense_bm25/tfidf
A047,"[计算机科学丛书]数据结构与算法 Python语言实现 (Michael T. Goodrich, Roberto Tamassia etc.) (Z-Library)_chunk_635",,bm25/dense_bm25
A047,"[计算机科学丛书]数据结构与算法 Python语言实现 (Michael T. Goodrich, Roberto Tamassia etc.) (Z-Library)_chunk_638",,dense/dense_bm25
A047,"[计算机科学丛书]数据结构与算法 Python语言实现 (Michael T. Goodrich, Roberto Tamassia etc.) (Z-Library)_chunk_639",,bm25/dense/dense_bm25/tfidf
A047,数据结构 (邓俊辉) (Z-Library)_chunk_19,,dense/dense_bm25
A047,数据结构 (邓俊辉) (Z-Library)_chunk_21,,bm25
A047,数据结构 (邓俊辉) (Z-Library)_chunk_23,,dense/dense_bm25/tfidf
A047,数据结构 (邓俊辉) (Z-Library)_chunk_235,,dense
A047,数据结构 (邓俊辉) (Z-Library)_chunk_27,,bm25/dense/dense_bm25/tfidf
A047,数据结构 (邓俊辉) (Z-Library)_chunk_28,,dense_bm25/tfidf
A047,数据结构 (邓俊辉) (Z-Library)_chunk_30,,dense_bm25
A047,数据结构 (邓俊辉) (Z-Library)_chunk_409,,bm25/dense/dense_bm25/tfidf
A047,数据结构 (邓俊辉) (Z-Library)_chunk_410,,bm25/dense_bm25
A047,数据结构 (邓俊辉) (Z-Library)_chunk_411,,bm25/dense_bm25
A047,数据结构 (邓俊辉) (Z-Library)_chunk_420,,dense
A047,数据结构 (邓俊辉) (Z-Library)_chunk_429,,dense/dense_bm25
A047,数据结构 (邓俊辉) (Z-Library)_chunk_435,,dense
A047,数据结构 (邓俊辉) (Z-Library)_chunk_450,,dense/dense_bm25
A047,数据结构 (邓俊辉) (Z-Library)_chunk_464,,dense/dense_bm25
A047,数据结构 (邓俊辉) (Z-Library)_chunk_479,,dense
A047,数据结构 (邓俊辉) (Z-Library)_chunk_492,,dense
A047,数据结构 (邓俊辉) (Z-Library)_chunk_82,,dense
A047,数据结构（C语言版 第2版） (严蔚敏) (Z-Library)_chunk_108,,dense_bm25
A047,数据结构（C语言版 第2版） (严蔚敏) (Z-Library)_chunk_12,,tfidf
A047,数据结构（C语言版 第2版） (严蔚敏) (Z-Library)_chunk_13,,dense/tfidf
A047,数据结构（C语言版 第2版） (严蔚敏) (Z-Library)_chunk_15,,dense/dense_bm25
A047,数据结构（C语言版 第2版） (严蔚敏) (Z-Library)_chunk_16,,dense/dense_bm25/tfidf
A047,数据结构（C语言版 第2版） (严蔚敏) (Z-Library)_chunk_166,,dense/dense_bm25
A047,数据结构（C语言版 第2版） (严蔚敏) (Z-Library)_chunk_19,,dense_bm25/tfidf
A047,数据结构（C语言版 第2版） (严蔚敏) (Z-Library)_chunk_20,,bm25/dense_bm25/tfidf
A047,数据结构（C语言版 第2版） (严蔚敏) (Z-Library)_chunk_21,,tfidf
A047,数据结构（C语言版 第2版） (严蔚敏) (Z-Library)_chunk_23,,dense
A047,数据结构（C语言版 第2版） (严蔚敏) (Z-Library)_chunk_237,,bm25/dense_bm25
A047,数据结构（C语言版 第2版） (严蔚敏) (Z-Library)_chunk_254,,bm25/dense_bm25/tfidf
A047,数据结构（C语言版 第2版） (严蔚敏) (Z-Library)_chunk_368,,tfidf
A047,数据结构（C语言版 第2版） (严蔚敏) (Z-Library)_chunk_58,,dense/dense_bm25/tfidf
A047,数据结构（C语言版 第2版） (严蔚敏) (Z-Library)_chunk_89,,bm25/dense/dense_bm25
A047,"现代操作系统 (Andrew S. Tanenbaum, Herbert Bos) (Z-Library)_chunk_1090",,dense
A047,计算机网络（原书第7版） 自顶向下方法 (James F. Kurose Keith W. Ross) (Z-Library)_chunk_245,,bm25
A047,计算机网络（原书第7版） 自顶向下方法 (James F. Kurose Keith W. Ross) (Z-Library)_chunk_513,,tfidf
A048,Operating Systems Three Easy Pieces (Remzi H. Arpaci-Dusseau etc.) (Z-Library)_chunk_365,,dense/dense_bm25
A048,Operating Systems Three Easy Pieces (Remzi H. Arpaci-Dusseau etc.) (Z-Library)_chunk_384,,dense
A048,Operating Systems Three Easy Pieces (Remzi H. Arpaci-Dusseau etc.) (Z-Library)_chunk_42,,dense
A048,"[计算机科学丛书]数据结构与算法 Python语言实现 (Michael T. Goodrich, Roberto Tamassia etc.) (Z-Library)_chunk_640",,dense_bm25
A048,"[计算机科学丛书]数据结构与算法 Python语言实现 (Michael T. Goodrich, Roberto Tamassia etc.) (Z-Library)_chunk_641",,bm25/dense/dense_bm25/tfidf
A048,"[计算机科学丛书]数据结构与算法 Python语言实现 (Michael T. Goodrich, Roberto Tamassia etc.) (Z-Library)_chunk_642",,tfidf
A048,操作系统导论-OSTEP (王海鹏 译) (Z-Library)_chunk_107,,dense_bm25
A048,操作系统导论-OSTEP (王海鹏 译) (Z-Library)_chunk_109,,dense/dense_bm25
A048,操作系统导论-OSTEP (王海鹏 译) (Z-Library)_chunk_11,,dense
A048,操作系统导论-OSTEP (王海鹏 译) (Z-Library)_chunk_123,,dense/dense_bm25/tfidf
A048,操作系统导论-OSTEP (王海鹏 译) (Z-Library)_chunk_126,,bm25/dense_bm25
A048,操作系统导论-OSTEP (王海鹏 译) (Z-Library)_chunk_136,,tfidf
A048,操作系统导论-OSTEP (王海鹏 译) (Z-Library)_chunk_14,,dense
A048,操作系统导论-OSTEP (王海鹏 译) (Z-Library)_chunk_157,,bm25/tfidf
A048,操作系统导论-OSTEP (王海鹏 译) (Z-Library)_chunk_433,,dense
A048,操作系统导论-OSTEP (王海鹏 译) (Z-Library)_chunk_552,,dense
A048,操作系统导论-OSTEP (王海鹏 译) (Z-Library)_chunk_553,,dense/dense_bm25
A048,操作系统导论-OSTEP (王海鹏 译) (Z-Library)_chunk_555,,bm25/dense_bm25/tfidf
A048,操作系统导论-OSTEP (王海鹏 译) (Z-Library)_chunk_556,,bm25/dense_bm25
A048,操作系统导论-OSTEP (王海鹏 译) (Z-Library)_chunk_562,,dense
A048,"现代操作系统 (Andrew S. Tanenbaum, Herbert Bos) (Z-Library)_chunk_186",,bm25/tfidf
A048,"现代操作系统 (Andrew S. Tanenbaum, Herbert Bos) (Z-Library)_chunk_195",,tfidf
A048,"现代操作系统 (Andrew S. Tanenbaum, Herbert Bos) (Z-Library)_chunk_196",,bm25/tfidf
A048,"现代操作系统 (Andrew S. Tanenbaum, Herbert Bos) (Z-Library)_chunk_200",,bm25/dense/dense_bm25/tfidf
A048,"现代操作系统 (Andrew S. Tanenbaum, Herbert Bos) (Z-Library)_chunk_201",,bm25/dense_bm25/tfidf
A048,"现代操作系统 (Andrew S. Tanenbaum, Herbert Bos) (Z-Library)_chunk_202",,bm25/tfidf
A048,"现代操作系统 (Andrew S. Tanenbaum, Herbert Bos) (Z-Library)_chunk_206",,bm25/dense_bm25
A048,"现代操作系统 (Andrew S. Tanenbaum, Herbert Bos) (Z-Library)_chunk_207",,bm25/dense/dense_bm25
A048,"现代操作系统 (Andrew S. Tanenbaum, Herbert Bos) (Z-Library)_chunk_208",,bm25
A048,"现代操作系统 (Andrew S. Tanenbaum, Herbert Bos) (Z-Library)_chunk_243",,dense_bm25
A048,"现代操作系统 (Andrew S. Tanenbaum, Herbert Bos) (Z-Library)_chunk_253",,dense/dense_bm25
A048,"现代操作系统 (Andrew S. Tanenbaum, Herbert Bos) (Z-Library)_chunk_267",,dense
A048,"现代操作系统 (Andrew S. Tanenbaum, Herbert Bos) (Z-Library)_chunk_34",,bm25/dense_bm25
A048,"现代操作系统 (Andrew S. Tanenbaum, Herbert Bos) (Z-Library)_chunk_349",,dense
A048,"现代操作系统 (Andrew S. Tanenbaum, Herbert Bos) (Z-Library)_chunk_350",,tfidf
A048,"现代操作系统 (Andrew S. Tanenbaum, Herbert Bos) (Z-Library)_chunk_363",,bm25/dense/dense_bm25/tfidf
A048,"现代操作系统 (Andrew S. Tanenbaum, Herbert Bos) (Z-Library)_chunk_486",,tfidf
A048,"现代操作系统 (Andrew S. Tanenbaum, Herbert Bos) (Z-Library)_chunk_487",,bm25/tfidf
A048,"现代操作系统 (Andrew S. Tanenbaum, Herbert Bos) (Z-Library)_chunk_507",,bm25/dense_bm25
A048,"现代操作系统 (Andrew S. Tanenbaum, Herbert Bos) (Z-Library)_chunk_511",,dense
A048,"现代操作系统 (Andrew S. Tanenbaum, Herbert Bos) (Z-Library)_chunk_512",,dense
A048,"现代操作系统 (Andrew S. Tanenbaum, Herbert Bos) (Z-Library)_chunk_518",,dense_bm25
A048,"现代操作系统 (Andrew S. Tanenbaum, Herbert Bos) (Z-Library)_chunk_542",,dense
A048,"现代操作系统 (Andrew S. Tanenbaum, Herbert Bos) (Z-Library)_chunk_59",,dense
A048,"现代操作系统 (Andrew S. Tanenbaum, Herbert Bos) (Z-Library)_chunk_62",,dense
A048,"现代操作系统 (Andrew S. Tanenbaum, Herbert Bos) (Z-Library)_chunk_624",,dense/dense_bm25
A048,"现代操作系统 (Andrew S. Tanenbaum, Herbert Bos) (Z-Library)_chunk_724",,dense_bm25
A048,"现代操作系统 (Andrew S. Tanenbaum, Herbert Bos) (Z-Library)_chunk_725",,dense_bm25
A048,"现代操作系统 (Andrew S. Tanenbaum, Herbert Bos) (Z-Library)_chunk_728",,bm25/dense_bm25/tfidf
A048,"现代操作系统 (Andrew S. Tanenbaum, Herbert Bos) (Z-Library)_chunk_840",,dense
A048,"现代操作系统 (Andrew S. Tanenbaum, Herbert Bos) (Z-Library)_chunk_868",,dense/dense_bm25
A048,"现代操作系统 (Andrew S. Tanenbaum, Herbert Bos) (Z-Library)_chunk_872",,tfidf
A048,"现代操作系统 (Andrew S. Tanenbaum, Herbert Bos) (Z-Library)_chunk_873",,dense
A048,"现代操作系统 (Andrew S. Tanenbaum, Herbert Bos) (Z-Library)_chunk_881",,dense_bm25
A048,"现代操作系统 (Andrew S. Tanenbaum, Herbert Bos) (Z-Library)_chunk_909",,dense/dense_bm25
A048,"现代操作系统 (Andrew S. Tanenbaum, Herbert Bos) (Z-Library)_chunk_93",,dense_bm25
A048,"现代操作系统 (Andrew S. Tanenbaum, Herbert Bos) (Z-Library)_chunk_930",,bm25/dense_bm25
A048,"计算机网络 (吴功宜,吴英) (Z-Library)(OCR)_chunk_383",,tfidf
A048,"计算机网络 (吴功宜,吴英) (Z-Library)(OCR)_chunk_50",,bm25
A048,计算机网络（原书第7版） 自顶向下方法 (James F. Kurose Keith W. Ross) (Z-Library)_chunk_466,,tfidf
A048,计算机网络（第8版） (谢希仁) (Z-Library)(OCR)_chunk_367,,dense/dense_bm25
A048,计算机网络（第8版） (谢希仁) (Z-Library)(OCR)_chunk_475,,dense
A049,2024年王道计算机网络复习指导 (王道计算机) (Z-Library)_chunk_152,,dense
A049,Operating Systems Three Easy Pieces (Remzi H. Arpaci-Dusseau etc.) (Z-Library)_chunk_1149,,dense
A049,Operating Systems Three Easy Pieces (Remzi H. Arpaci-Dusseau etc.) (Z-Library)_chunk_480,,dense
A049,Operating Systems Three Easy Pieces (Remzi H. Arpaci-Dusseau etc.) (Z-Library)_chunk_583,,dense
A049,Python数据结构与算法分析 第3版 (米勒 拉努姆 罗曼) (Z-Library)_chunk_218,,bm25/dense_bm25/tfidf
A049,Python数据结构与算法分析 第3版 (米勒 拉努姆 罗曼) (Z-Library)_chunk_238,,bm25/dense_bm25/tfidf
A049,Python数据结构与算法分析 第3版 (米勒 拉努姆 罗曼) (Z-Library)_chunk_247,,bm25/dense_bm25/tfidf
A049,Python数据结构与算法分析 第3版 (米勒 拉努姆 罗曼) (Z-Library)_chunk_284,,dense/dense_bm25
A049,"[计算机科学丛书]数据结构与算法 Python语言实现 (Michael T. Goodrich, Roberto Tamassia etc.) (Z-Library)_chunk_576",,bm25/dense/dense_bm25/tfidf
A049,"[计算机科学丛书]数据结构与算法 Python语言实现 (Michael T. Goodrich, Roberto Tamassia etc.) (Z-Library)_chunk_578",,tfidf
A049,"[计算机科学丛书]数据结构与算法 Python语言实现 (Michael T. Goodrich, Roberto Tamassia etc.) (Z-Library)_chunk_580",,bm25/tfidf
A049,"[计算机科学丛书]数据结构与算法 Python语言实现 (Michael T. Goodrich, Roberto Tamassia etc.) (Z-Library)_chunk_593",,dense_bm25
A049,"[计算机科学丛书]数据结构与算法 Python语言实现 (Michael T. Goodrich, Roberto Tamassia etc.) (Z-Library)_chunk_596",,dense_bm25
A049,"[计算机科学丛书]数据结构与算法 Python语言实现 (Michael T. Goodrich, Roberto Tamassia etc.) (Z-Library)_chunk_610",,bm25/dense/dense_bm25/tfidf
A049,"[计算机科学丛书]数据结构与算法 Python语言实现 (Michael T. Goodrich, Roberto Tamassia etc.) (Z-Library)_chunk_614",,dense
A049,"[计算机科学丛书]数据结构与算法 Python语言实现 (Michael T. Goodrich, Roberto Tamassia etc.) (Z-Library)_chunk_635",,bm25/dense_bm25/tfidf
A049,数据结构 (邓俊辉) (Z-Library)_chunk_133,,dense
A049,数据结构 (邓俊辉) (Z-Library)_chunk_211,,dense_bm25
A049,数据结构 (邓俊辉) (Z-Library)_chunk_212,,bm25/dense_bm25
A049,数据结构 (邓俊辉) (Z-Library)_chunk_236,,bm25/dense_bm25/tfidf
A049,数据结构 (邓俊辉) (Z-Library)_chunk_237,,bm25/dense_bm25/tfidf
A049,数据结构 (邓俊辉) (Z-Library)_chunk_240,,bm25/dense_bm25/tfidf
A049,数据结构 (邓俊辉) (Z-Library)_chunk_459,,dense
A049,数据结构 (邓俊辉) (Z-Library)_chunk_61,,dense
A049,数据结构（C语言版 第2版） (严蔚敏) (Z-Library)_chunk_201,,bm25/dense/dense_bm25/tfidf
A049,数据结构（C语言版 第2版） (严蔚敏) (Z-Library)_chunk_202,,dense/dense_bm25
A049,数据结构（C语言版 第2版） (严蔚敏) (Z-Library)_chunk_203,,bm25
A049,数据结构（C语言版 第2版） (严蔚敏) (Z-Library)_chunk_206,,dense_bm25
A049,数据结构（C语言版 第2版） (严蔚敏) (Z-Library)_chunk_239,,bm25/dense/dense_bm25/tfidf
A049,数据结构（C语言版 第2版） (严蔚敏) (Z-Library)_chunk_243,,bm25/dense_bm25
A049,数据结构（C语言版 第2版） (严蔚敏) (Z-Library)_chunk_253,,dense
A049,数据结构（C语言版 第2版） (严蔚敏) (Z-Library)_chunk_254,,bm25/dense_bm25/tfidf
A049,数据结构（C语言版 第2版） (严蔚敏) (Z-Library)_chunk_41,,dense/dense_bm25
A049,"现代操作系统 (Andrew S. Tanenbaum, Herbert Bos) (Z-Library)_chunk_1017",,dense
A049,"现代操作系统 (Andrew S. Tanenbaum, Herbert Bos) (Z-Library)_chunk_292",,bm25/dense_bm25/tfidf
A049,"现代操作系统 (Andrew S. Tanenbaum, Herbert Bos) (Z-Library)_chunk_415",,dense/dense_bm25
A049,"现代操作系统 (Andrew S. Tanenbaum, Herbert Bos) (Z-Library)_chunk_451",,dense/dense_bm25
A049,"现代操作系统 (Andrew S. Tanenbaum, Herbert Bos) (Z-Library)_chunk_474",,dense
A049,"现代操作系统 (Andrew S. Tanenbaum, Herbert Bos) (Z-Library)_chunk_973",,dense/dense_bm25
A049,"计算机网络 (吴功宜,吴英) (Z-Library)(OCR)_chunk_103",,dense/dense_bm25
A049,"计算机网络 (吴功宜,吴英) (Z-Library)(OCR)_chunk_32",,dense
A049,"计算机网络 (吴功宜,吴英) (Z-Library)(OCR)_chunk_415",,dense
A049,"计算机网络 (吴功宜,吴英) (Z-Library)(OCR)_chunk_443",,dense/dense_bm25
A049,"计算机网络 (吴功宜,吴英) (Z-Library)(OCR)_chunk_447",,dense
A049,计算机网络（原书第7版） 自顶向下方法 (James F. Kurose Keith W. Ross) (Z-Library)_chunk_100,,bm25/tfidf
A049,计算机网络（原书第7版） 自顶向下方法 (James F. Kurose Keith W. Ross) (Z-Library)_chunk_14,,tfidf
A049,计算机网络（原书第7版） 自顶向下方法 (James F. Kurose Keith W. Ross) (Z-Library)_chunk_181,,bm25
A049,计算机网络（原书第7版） 自顶向下方法 (James F. Kurose Keith W. Ross) (Z-Library)_chunk_246,,dense/dense_bm25
A049,计算机网络（原书第7版） 自顶向下方法 (James F. Kurose Keith W. Ross) (Z-Library)_chunk_325,,dense/dense_bm25
A049,计算机网络（原书第7版） 自顶向下方法 (James F. Kurose Keith W. Ross) (Z-Library)_chunk_398,,tfidf
A049,计算机网络（原书第7版） 自顶向下方法 (James F. Kurose Keith W. Ross) (Z-Library)_chunk_445,,bm25/dense_bm25
A049,计算机网络（第8版） (谢希仁) (Z-Library)(OCR)_chunk_145,,tfidf
A049,计算机网络（第8版） (谢希仁) (Z-Library)(OCR)_chunk_382,,tfidf
A049,计算机网络（第8版） (谢希仁) (Z-Library)(OCR)_chunk_68,,dense
A049,计算机网络（第8版） (谢希仁) (Z-Library)(OCR)_chunk_70,,dense
A050,2024年王道计算机网络复习指导 (王道计算机) (Z-Library)_chunk_233,,dense_bm25
A050,2024年王道计算机网络复习指导 (王道计算机) (Z-Library)_chunk_237,,dense
A050,2024年王道计算机网络复习指导 (王道计算机) (Z-Library)_chunk_239,,tfidf
A050,2024年王道计算机网络复习指导 (王道计算机) (Z-Library)_chunk_35,,bm25
A050,2024年王道计算机网络复习指导 (王道计算机) (Z-Library)_chunk_373,,tfidf
A050,2024年王道计算机网络复习指导 (王道计算机) (Z-Library)_chunk_426,,dense/dense_bm25
A050,2024年王道计算机网络复习指导 (王道计算机) (Z-Library)_chunk_491,,dense
A050,2024年王道计算机网络复习指导 (王道计算机) (Z-Library)_chunk_498,,dense/dense_bm25
A050,2024年王道计算机网络复习指导 (王道计算机) (Z-Library)_chunk_499,,bm25/dense/dense_bm25
A050,2024年王道计算机网络复习指导 (王道计算机) (Z-Library)_chunk_504,,bm25/tfidf
A050,2024年王道计算机网络复习指导 (王道计算机) (Z-Library)_chunk_505,,dense/dense_bm25/tfidf
A050,2024年王道计算机网络复习指导 (王道计算机) (Z-Library)_chunk_506,,bm25/dense/dense_bm25/tfidf
A050,2024年王道计算机网络复习指导 (王道计算机) (Z-Library)_chunk_507,,bm25/dense/dense_bm25/tfidf
A050,2024年王道计算机网络复习指导 (王道计算机) (Z-Library)_chunk_508,,bm25/dense_bm25
A050,2024年王道计算机网络复习指导 (王道计算机) (Z-Library)_chunk_509,,bm25/dense/dense_bm25
A050,2024年王道计算机网络复习指导 (王道计算机) (Z-Library)_chunk_510,,bm25/dense/dense_bm25
A050,2024年王道计算机网络复习指导 (王道计算机) (Z-Library)_chunk_511,,dense_bm25
A050,2024年王道计算机网络复习指导 (王道计算机) (Z-Library)_chunk_518,,bm25
A050,Operating Systems Three Easy Pieces (Remzi H. Arpaci-Dusseau etc.) (Z-Library)_chunk_1472,,dense
A050,"现代操作系统 (Andrew S. Tanenbaum, Herbert Bos) (Z-Library)_chunk_926",,dense_bm25
A050,"计算机网络 (吴功宜,吴英) (Z-Library)(OCR)_chunk_133",,tfidf
A050,"计算机网络 (吴功宜,吴英) (Z-Library)(OCR)_chunk_218",,tfidf
A050,"计算机网络 (吴功宜,吴英) (Z-Library)(OCR)_chunk_253",,tfidf
A050,"计算机网络 (吴功宜,吴英) (Z-Library)(OCR)_chunk_283",,dense
A050,"计算机网络 (吴功宜,吴英) (Z-Library)(OCR)_chunk_284",,dense
A050,"计算机网络 (吴功宜,吴英) (Z-Library)(OCR)_chunk_360",,tfidf
A050,"计算机网络 (吴功宜,吴英) (Z-Library)(OCR)_chunk_369",,bm25/dense/dense_bm25/tfidf
A050,"计算机网络 (吴功宜,吴英) (Z-Library)(OCR)_chunk_389",,tfidf
A050,计算机网络（原书第7版） 自顶向下方法 (James F. Kurose Keith W. Ross) (Z-Library)_chunk_100,,bm25/dense_bm25
A050,计算机网络（原书第7版） 自顶向下方法 (James F. Kurose Keith W. Ross) (Z-Library)_chunk_103,,bm25/dense_bm25/tfidf
A050,计算机网络（原书第7版） 自顶向下方法 (James F. Kurose Keith W. Ross) (Z-Library)_chunk_13,,bm25
A050,计算机网络（原书第7版） 自顶向下方法 (James F. Kurose Keith W. Ross) (Z-Library)_chunk_14,,bm25/tfidf
A050,计算机网络（原书第7版） 自顶向下方法 (James F. Kurose Keith W. Ross) (Z-Library)_chunk_215,,dense
A050,计算机网络（原书第7版） 自顶向下方法 (James F. Kurose Keith W. Ross) (Z-Library)_chunk_276,,dense_bm25
A050,计算机网络（原书第7版） 自顶向下方法 (James F. Kurose Keith W. Ross) (Z-Library)_chunk_334,,dense
A050,计算机网络（原书第7版） 自顶向下方法 (James F. Kurose Keith W. Ross) (Z-Library)_chunk_45,,tfidf
A050,计算机网络（原书第7版） 自顶向下方法 (James F. Kurose Keith W. Ross) (Z-Library)_chunk_496,,dense
A050,计算机网络（原书第7版） 自顶向下方法 (James F. Kurose Keith W. Ross) (Z-Library)_chunk_587,,bm25/dense_bm25
A050,计算机网络（原书第7版） 自顶向下方法 (James F. Kurose Keith W. Ross) (Z-Library)_chunk_602,,dense
A050,计算机网络（原书第7版） 自顶向下方法 (James F. Kurose Keith W. Ross) (Z-Library)_chunk_81,,dense
A050,计算机网络（原书第7版） 自顶向下方法 (James F. Kurose Keith W. Ross) (Z-Library)_chunk_82,,dense/dense_bm25/tfidf
A050,计算机网络（原书第7版） 自顶向下方法 (James F. Kurose Keith W. Ross) (Z-Library)_chunk_83,,bm25/dense_bm25
A050,计算机网络（第8版） (谢希仁) (Z-Library)(OCR)_chunk_151,,dense_bm25
A050,计算机网络（第8版） (谢希仁) (Z-Library)(OCR)_chunk_233,,dense_bm25
A050,计算机网络（第8版） (谢希仁) (Z-Library)(OCR)_chunk_330,,dense/dense_bm25
A050,计算机网络（第8版） (谢希仁) (Z-Library)(OCR)_chunk_350,,dense/dense_bm25
A050,计算机网络（第8版） (谢希仁) (Z-Library)(OCR)_chunk_351,,bm25/dense/dense_bm25
A050,计算机网络（第8版） (谢希仁) (Z-Library)(OCR)_chunk_352,,dense/dense_bm25
A050,计算机网络（第8版） (谢希仁) (Z-Library)(OCR)_chunk_355,,bm25/dense/dense_bm25/tfidf
A050,计算机网络（第8版） (谢希仁) (Z-Library)(OCR)_chunk_362,,dense
A050,计算机网络（第8版） (谢希仁) (Z-Library)(OCR)_chunk_381,,bm25/dense_bm25/tfidf
A050,计算机网络（第8版） (谢希仁) (Z-Library)(OCR)_chunk_382,,bm25/dense/dense_bm25/tfidf
A050,计算机网络（第8版） (谢希仁) (Z-Library)(OCR)_chunk_475,,dense
A050,计算机网络（第8版） (谢希仁) (Z-Library)(OCR)_chunk_521,,dense/dense_bm25
A050,计算机网络（第8版） (谢希仁) (Z-Library)(OCR)_chunk_552,,dense/dense_bm25
A050,计算机网络（第8版） (谢希仁) (Z-Library)(OCR)_chunk_97,,tfidf
A051,Operating Systems Three Easy Pieces (Remzi H. Arpaci-Dusseau etc.) (Z-Library)_chunk_616,,dense
A051,Operating Systems Three Easy Pieces (Remzi H. Arpaci-Dusseau etc.) (Z-Library)_chunk_619,,dense
A051,Operating Systems Three Easy Pieces (Remzi H. Arpaci-Dusseau etc.) (Z-Library)_chunk_620,,dense
A051,Operating Systems Three Easy Pieces (Remzi H. Arpaci-Dusseau etc.) (Z-Library)_chunk_624,,dense
A051,Operating Systems Three Easy Pieces (Remzi H. Arpaci-Dusseau etc.) (Z-Library)_chunk_625,,dense
A051,Operating Systems Three Easy Pieces (Remzi H. Arpaci-Dusseau etc.) (Z-Library)_chunk_627,,dense
A051,Operating Systems Three Easy Pieces (Remzi H. Arpaci-Dusseau etc.) (Z-Library)_chunk_630,,dense
A051,Operating Systems Three Easy Pieces (Remzi H. Arpaci-Dusseau etc.) (Z-Library)_chunk_632,,dense
A051,Operating Systems Three Easy Pieces (Remzi H. Arpaci-Dusseau etc.) (Z-Library)_chunk_636,,dense
A051,Operating Systems Three Easy Pieces (Remzi H. Arpaci-Dusseau etc.) (Z-Library)_chunk_641,,dense
A051,Operating Systems Three Easy Pieces (Remzi H. Arpaci-Dusseau etc.) (Z-Library)_chunk_679,,dense
A051,"[计算机科学丛书]数据结构与算法 Python语言实现 (Michael T. Goodrich, Roberto Tamassia etc.) (Z-Library)_chunk_651",,bm25/tfidf
A051,"[计算机科学丛书]数据结构与算法 Python语言实现 (Michael T. Goodrich, Roberto Tamassia etc.) (Z-Library)_chunk_652",,bm25/dense/dense_bm25/tfidf
A051,"[计算机科学丛书]数据结构与算法 Python语言实现 (Michael T. Goodrich, Roberto Tamassia etc.) (Z-Library)_chunk_661",,dense/dense_bm25
A051,操作系统导论-OSTEP (王海鹏 译) (Z-Library)_chunk_159,,dense
A051,操作系统导论-OSTEP (王海鹏 译) (Z-Library)_chunk_167,,dense
A051,操作系统导论-OSTEP (王海鹏 译) (Z-Library)_chunk_176,,dense_bm25
A051,操作系统导论-OSTEP (王海鹏 译) (Z-Library)_chunk_212,,bm25/dense/dense_bm25
A051,操作系统导论-OSTEP (王海鹏 译) (Z-Library)_chunk_213,,dense/dense_bm25
A051,操作系统导论-OSTEP (王海鹏 译) (Z-Library)_chunk_216,,dense/dense_bm25
A051,操作系统导论-OSTEP (王海鹏 译) (Z-Library)_chunk_217,,dense/dense_bm25
A051,操作系统导论-OSTEP (王海鹏 译) (Z-Library)_chunk_227,,dense_bm25
A051,"现代操作系统 (Andrew S. Tanenbaum, Herbert Bos) (Z-Library)_chunk_1090",,dense_bm25
A051,"现代操作系统 (Andrew S. Tanenbaum, Herbert Bos) (Z-Library)_chunk_202",,dense_bm25
A051,"现代操作系统 (Andrew S. Tanenbaum, Herbert Bos) (Z-Library)_chunk_204",,dense_bm25
A051,"现代操作系统 (Andrew S. Tanenbaum, Herbert Bos) (Z-Library)_chunk_211",,bm25/dense_bm25/tfidf
A051,"现代操作系统 (Andrew S. Tanenbaum, Herbert Bos) (Z-Library)_chunk_212",,bm25/dense/dense_bm25/tfidf
A051,"现代操作系统 (Andrew S. Tanenbaum, Herbert Bos) (Z-Library)_chunk_213",,dense/dense_bm25
A051,"现代操作系统 (Andrew S. Tanenbaum, Herbert Bos) (Z-Library)_chunk_214",,bm25/dense/dense_bm25/tfidf
A051,"现代操作系统 (Andrew S. Tanenbaum, Herbert Bos) (Z-Library)_chunk_215",,dense/dense_bm25/tfidf
A051,"现代操作系统 (Andrew S. Tanenbaum, Herbert Bos) (Z-Library)_chunk_216",,bm25/dense/dense_bm25/tfidf
A051,"现代操作系统 (Andrew S. Tanenbaum, Herbert Bos) (Z-Library)_chunk_217",,bm25/dense/dense_bm25/tfidf
A051,"现代操作系统 (Andrew S. Tanenbaum, Herbert Bos) (Z-Library)_chunk_218",,bm25/dense/dense_bm25/tfidf
A051,"现代操作系统 (Andrew S. Tanenbaum, Herbert Bos) (Z-Library)_chunk_219",,dense_bm25
A051,"现代操作系统 (Andrew S. Tanenbaum, Herbert Bos) (Z-Library)_chunk_221",,dense_bm25
A051,"现代操作系统 (Andrew S. Tanenbaum, Herbert Bos) (Z-Library)_chunk_222",,bm25/tfidf
A051,"现代操作系统 (Andrew S. Tanenbaum, Herbert Bos) (Z-Library)_chunk_223",,bm25/dense_bm25/tfidf
A051,"现代操作系统 (Andrew S. Tanenbaum, Herbert Bos) (Z-Library)_chunk_224",,bm25/dense_bm25/tfidf
A051,"现代操作系统 (Andrew S. Tanenbaum, Herbert Bos) (Z-Library)_chunk_225",,bm25/tfidf
A051,"现代操作系统 (Andrew S. Tanenbaum, Herbert Bos) (Z-Library)_chunk_226",,bm25/tfidf
A051,"现代操作系统 (Andrew S. Tanenbaum, Herbert Bos) (Z-Library)_chunk_228",,tfidf
A051,"现代操作系统 (Andrew S. Tanenbaum, Herbert Bos) (Z-Library)_chunk_237",,dense_bm25
A051,"现代操作系统 (Andrew S. Tanenbaum, Herbert Bos) (Z-Library)_chunk_241",,dense_bm25
A051,"现代操作系统 (Andrew S. Tanenbaum, Herbert Bos) (Z-Library)_chunk_243",,bm25/tfidf
A051,"现代操作系统 (Andrew S. Tanenbaum, Herbert Bos) (Z-Library)_chunk_244",,dense/dense_bm25
A051,"现代操作系统 (Andrew S. Tanenbaum, Herbert Bos) (Z-Library)_chunk_259",,bm25
A051,"现代操作系统 (Andrew S. Tanenbaum, Herbert Bos) (Z-Library)_chunk_260",,bm25/dense/dense_bm25/tfidf
A051,"现代操作系统 (Andrew S. Tanenbaum, Herbert Bos) (Z-Library)_chunk_261",,bm25/tfidf
A051,"现代操作系统 (Andrew S. Tanenbaum, Herbert Bos) (Z-Library)_chunk_262",,bm25/tfidf
A051,"现代操作系统 (Andrew S. Tanenbaum, Herbert Bos) (Z-Library)_chunk_729",,dense_bm25
A051,"现代操作系统 (Andrew S. Tanenbaum, Herbert Bos) (Z-Library)_chunk_732",,dense_bm25
A051,"现代操作系统 (Andrew S. Tanenbaum, Herbert Bos) (Z-Library)_chunk_870",,tfidf
A051,"现代操作系统 (Andrew S. Tanenbaum, Herbert Bos) (Z-Library)_chunk_875",,dense_bm25
A051,"现代操作系统 (Andrew S. Tanenbaum, Herbert Bos) (Z-Library)_chunk_930",,bm25
A051,"计算机网络 (吴功宜,吴英) (Z-Library)(OCR)_chunk_285",,dense
A051,计算机网络（第8版） (谢希仁) (Z-Library)(OCR)_chunk_520,,dense
A052,2024年王道计算机网络复习指导 (王道计算机) (Z-Library)_chunk_286,,dense
A052,2024年王道计算机网络复习指导 (王道计算机) (Z-Library)_chunk_413,,dense
A052,2024年王道计算机网络复习指导 (王道计算机) (Z-Library)_chunk_491,,dense
A052,Operating Systems Three Easy Pieces (Remzi H. Arpaci-Dusseau etc.) (Z-Library)_chunk_404,,dense
A052,Python数据结构与算法分析 第3版 (米勒 拉努姆 罗曼) (Z-Library)_chunk_11,,tfidf
A052,Python数据结构与算法分析 第3版 (米勒 拉努姆 罗曼) (Z-Library)_chunk_281,,bm25/dense_bm25/tfidf
A052,Python数据结构与算法分析 第3版 (米勒 拉努姆 罗曼) (Z-Library)_chunk_282,,bm25/dense_bm25
A052,Python数据结构与算法分析 第3版 (米勒 拉努姆 罗曼) (Z-Library)_chunk_283,,bm25/dense_bm25/tfidf
A052,Python数据结构与算法分析 第3版 (米勒 拉努姆 罗曼) (Z-Library)_chunk_284,,bm25/dense_bm25/tfidf
A052,Python数据结构与算法分析 第3版 (米勒 拉努姆 罗曼) (Z-Library)_chunk_288,,dense/dense_bm25
A052,Python数据结构与算法分析 第3版 (米勒 拉努姆 罗曼) (Z-Library)_chunk_54,,dense/dense_bm25
A052,"[计算机科学丛书]数据结构与算法 Python语言实现 (Michael T. Goodrich, Roberto Tamassia etc.) (Z-Library)_chunk_552",,bm25/dense_bm25/tfidf
A052,"[计算机科学丛书]数据结构与算法 Python语言实现 (Michael T. Goodrich, Roberto Tamassia etc.) (Z-Library)_chunk_553",,bm25/dense/dense_bm25/tfidf
A052,"[计算机科学丛书]数据结构与算法 Python语言实现 (Michael T. Goodrich, Roberto Tamassia etc.) (Z-Library)_chunk_554",,bm25/dense/dense_bm25/tfidf
A052,"[计算机科学丛书]数据结构与算法 Python语言实现 (Michael T. Goodrich, Roberto Tamassia etc.) (Z-Library)_chunk_573",,bm25/dense_bm25
A052,"[计算机科学丛书]数据结构与算法 Python语言实现 (Michael T. Goodrich, Roberto Tamassia etc.) (Z-Library)_chunk_574",,bm25/dense/dense_bm25
A052,"[计算机科学丛书]数据结构与算法 Python语言实现 (Michael T. Goodrich, Roberto Tamassia etc.) (Z-Library)_chunk_626",,dense/dense_bm25
A052,"[计算机科学丛书]数据结构与算法 Python语言实现 (Michael T. Goodrich, Roberto Tamassia etc.) (Z-Library)_chunk_768",,bm25/dense_bm25/tfidf
A052,数据结构 (邓俊辉) (Z-Library)_chunk_13,,dense/dense_bm25
A052,数据结构 (邓俊辉) (Z-Library)_chunk_249,,dense
A052,数据结构 (邓俊辉) (Z-Library)_chunk_3,,dense/dense_bm25
A052,数据结构 (邓俊辉) (Z-Library)_chunk_309,,dense
A052,数据结构 (邓俊辉) (Z-Library)_chunk_341,,dense/dense_bm25
A052,数据结构 (邓俊辉) (Z-Library)_chunk_432,,bm25/dense/dense_bm25/tfidf
A052,数据结构 (邓俊辉) (Z-Library)_chunk_435,,bm25/dense/dense_bm25/tfidf
A052,数据结构 (邓俊辉) (Z-Library)_chunk_436,,dense/dense_bm25
A052,数据结构 (邓俊辉) (Z-Library)_chunk_438,,bm25/dense/dense_bm25/tfidf
A052,数据结构 (邓俊辉) (Z-Library)_chunk_446,,dense
A052,数据结构 (邓俊辉) (Z-Library)_chunk_450,,bm25/dense/dense_bm25/tfidf
A052,数据结构 (邓俊辉) (Z-Library)_chunk_478,,dense/dense_bm25
A052,数据结构 (邓俊辉) (Z-Library)_chunk_480,,dense
A052,数据结构（C语言版 第2版） (严蔚敏) (Z-Library)_chunk_12,,tfidf
A052,数据结构（C语言版 第2版） (严蔚敏) (Z-Library)_chunk_125,,bm25/dense/dense_bm25
A052,数据结构（C语言版 第2版） (严蔚敏) (Z-Library)_chunk_127,,bm25/dense_bm25
A052,数据结构（C语言版 第2版） (严蔚敏) (Z-Library)_chunk_129,,bm25
A052,数据结构（C语言版 第2版） (严蔚敏) (Z-Library)_chunk_13,,tfidf
A052,数据结构（C语言版 第2版） (严蔚敏) (Z-Library)_chunk_141,,bm25/dense_bm25
A052,数据结构（C语言版 第2版） (严蔚敏) (Z-Library)_chunk_143,,bm25/dense_bm25/tfidf
A052,数据结构（C语言版 第2版） (严蔚敏) (Z-Library)_chunk_146,,bm25/dense/dense_bm25/tfidf
A052,数据结构（C语言版 第2版） (严蔚敏) (Z-Library)_chunk_165,,dense
A052,数据结构（C语言版 第2版） (严蔚敏) (Z-Library)_chunk_223,,dense
A052,"现代操作系统 (Andrew S. Tanenbaum, Herbert Bos) (Z-Library)_chunk_224",,tfidf
A052,"现代操作系统 (Andrew S. Tanenbaum, Herbert Bos) (Z-Library)_chunk_554",,dense/dense_bm25
A052,"计算机网络 (吴功宜,吴英) (Z-Library)(OCR)_chunk_244",,tfidf
A052,计算机网络（原书第7版） 自顶向下方法 (James F. Kurose Keith W. Ross) (Z-Library)_chunk_14,,tfidf
A052,计算机网络（原书第7版） 自顶向下方法 (James F. Kurose Keith W. Ross) (Z-Library)_chunk_240,,dense/dense_bm25
A052,计算机网络（原书第7版） 自顶向下方法 (James F. Kurose Keith W. Ross) (Z-Library)_chunk_246,,dense/dense_bm25
A052,计算机网络（原书第7版） 自顶向下方法 (James F. Kurose Keith W. Ross) (Z-Library)_chunk_398,,tfidf
A053,Operating Systems Three Easy Pieces (Remzi H. Arpaci-Dusseau etc.) (Z-Library)_chunk_103,,dense
A053,Operating Systems Three Easy Pieces (Remzi H. Arpaci-Dusseau etc.) (Z-Library)_chunk_153,,dense
A053,Operating Systems Three Easy Pieces (Remzi H. Arpaci-Dusseau etc.) (Z-Library)_chunk_88,,dense
A053,Operating Systems Three Easy Pieces (Remzi H. Arpaci-Dusseau etc.) (Z-Library)_chunk_92,,dense
A053,操作系统导论-OSTEP (王海鹏 译) (Z-Library)_chunk_234,,bm25/dense_bm25
A053,操作系统导论-OSTEP (王海鹏 译) (Z-Library)_chunk_31,,dense
A053,操作系统导论-OSTEP (王海鹏 译) (Z-Library)_chunk_541,,dense
A053,操作系统导论-OSTEP (王海鹏 译) (Z-Library)_chunk_55,,dense
A053,"现代操作系统 (Andrew S. Tanenbaum, Herbert Bos) (Z-Library)_chunk_101",,dense/dense_bm25
A053,"现代操作系统 (Andrew S. Tanenbaum, Herbert Bos) (Z-Library)_chunk_103",,dense
A053,"现代操作系统 (Andrew S. Tanenbaum, Herbert Bos) (Z-Library)_chunk_104",,dense/dense_bm25
A053,"现代操作系统 (Andrew S. Tanenbaum, Herbert Bos) (Z-Library)_chunk_106",,dense
A053,"现代操作系统 (Andrew S. Tanenbaum, Herbert Bos) (Z-Library)_chunk_107",,dense/dense_bm25
A053,"现代操作系统 (Andrew S. Tanenbaum, Herbert Bos) (Z-Library)_chunk_108",,dense/dense_bm25
A053,"现代操作系统 (Andrew S. Tanenbaum, Herbert Bos) (Z-Library)_chunk_109",,dense
A053,"现代操作系统 (Andrew S. Tanenbaum, Herbert Bos) (Z-Library)_chunk_110",,dense
A053,"现代操作系统 (Andrew S. Tanenbaum, Herbert Bos) (Z-Library)_chunk_112",,dense/dense_bm25
A053,"现代操作系统 (Andrew S. Tanenbaum, Herbert Bos) (Z-Library)_chunk_115",,dense/dense_bm25/tfidf
A053,"现代操作系统 (Andrew S. Tanenbaum, Herbert Bos) (Z-Library)_chunk_116",,dense_bm25/tfidf
A053,"现代操作系统 (Andrew S. Tanenbaum, Herbert Bos) (Z-Library)_chunk_117",,bm25/tfidf
A053,"现代操作系统 (Andrew S. Tanenbaum, Herbert Bos) (Z-Library)_chunk_118",,bm25/dense_bm25/tfidf
A053,"现代操作系统 (Andrew S. Tanenbaum, Herbert Bos) (Z-Library)_chunk_119",,tfidf
A053,"现代操作系统 (Andrew S. Tanenbaum, Herbert Bos) (Z-Library)_chunk_121",,bm25/tfidf
A053,"现代操作系统 (Andrew S. Tanenbaum, Herbert Bos) (Z-Library)_chunk_122",,tfidf
A053,"现代操作系统 (Andrew S. Tanenbaum, Herbert Bos) (Z-Library)_chunk_124",,bm25/dense_bm25/tfidf
A053,"现代操作系统 (Andrew S. Tanenbaum, Herbert Bos) (Z-Library)_chunk_125",,bm25/dense_bm25/tfidf
A053,"现代操作系统 (Andrew S. Tanenbaum, Herbert Bos) (Z-Library)_chunk_126",,tfidf
A053,"现代操作系统 (Andrew S. Tanenbaum, Herbert Bos) (Z-Library)_chunk_129",,dense_bm25
A053,"现代操作系统 (Andrew S. Tanenbaum, Herbert Bos) (Z-Library)_chunk_131",,bm25/dense_bm25/tfidf
A053,"现代操作系统 (Andrew S. Tanenbaum, Herbert Bos) (Z-Library)_chunk_132",,dense/dense_bm25
A053,"现代操作系统 (Andrew S. Tanenbaum, Herbert Bos) (Z-Library)_chunk_144",,bm25/dense_bm25
A053,"现代操作系统 (Andrew S. Tanenbaum, Herbert Bos) (Z-Library)_chunk_145",,bm25
A053,"现代操作系统 (Andrew S. Tanenbaum, Herbert Bos) (Z-Library)_chunk_148",,dense
A053,"现代操作系统 (Andrew S. Tanenbaum, Herbert Bos) (Z-Library)_chunk_156",,dense
A053,"现代操作系统 (Andrew S. Tanenbaum, Herbert Bos) (Z-Library)_chunk_171",,dense
A053,"现代操作系统 (Andrew S. Tanenbaum, Herbert Bos) (Z-Library)_chunk_172",,dense/dense_bm25/tfidf
A053,"现代操作系统 (Andrew S. Tanenbaum, Herbert Bos) (Z-Library)_chunk_173",,tfidf
A053,"现代操作系统 (Andrew S. Tanenbaum, Herbert Bos) (Z-Library)_chunk_177",,dense_bm25
A053,"现代操作系统 (Andrew S. Tanenbaum, Herbert Bos) (Z-Library)_chunk_179",,bm25
A053,"现代操作系统 (Andrew S. Tanenbaum, Herbert Bos) (Z-Library)_chunk_30",,dense_bm25
A053,"现代操作系统 (Andrew S. Tanenbaum, Herbert Bos) (Z-Library)_chunk_476",,dense
A053,"现代操作系统 (Andrew S. Tanenbaum, Herbert Bos) (Z-Library)_chunk_530",,dense_bm25
A053,"现代操作系统 (Andrew S. Tanenbaum, Herbert Bos) (Z-Library)_chunk_703",,dense
A053,"现代操作系统 (Andrew S. Tanenbaum, Herbert Bos) (Z-Library)_chunk_710",,dense/dense_bm25
A053,"现代操作系统 (Andrew S. Tanenbaum, Herbert Bos) (Z-Library)_chunk_714",,bm25/dense_bm25/tfidf
A053,"现代操作系统 (Andrew S. Tanenbaum, Herbert Bos) (Z-Library)_chunk_715",,bm25/dense_bm25/tfidf
A053,"现代操作系统 (Andrew S. Tanenbaum, Herbert Bos) (Z-Library)_chunk_716",,bm25/tfidf
A053,"现代操作系统 (Andrew S. Tanenbaum, Herbert Bos) (Z-Library)_chunk_795",,dense
A053,"现代操作系统 (Andrew S. Tanenbaum, Herbert Bos) (Z-Library)_chunk_832",,bm25
A053,"现代操作系统 (Andrew S. Tanenbaum, Herbert Bos) (Z-Library)_chunk_836",,dense/dense_bm25
A053,"现代操作系统 (Andrew S. Tanenbaum, Herbert Bos) (Z-Library)_chunk_847",,dense_bm25
A053,"现代操作系统 (Andrew S. Tanenbaum, Herbert Bos) (Z-Library)_chunk_850",,bm25
A053,"现代操作系统 (Andrew S. Tanenbaum, Herbert Bos) (Z-Library)_chunk_851",,tfidf
A053,"现代操作系统 (Andrew S. Tanenbaum, Herbert Bos) (Z-Library)_chunk_853",,bm25/dense/dense_bm25/tfidf
A053,"现代操作系统 (Andrew S. Tanenbaum, Herbert Bos) (Z-Library)_chunk_854",,tfidf
A053,"现代操作系统 (Andrew S. Tanenbaum, Herbert Bos) (Z-Library)_chunk_855",,bm25/dense_bm25
A053,"现代操作系统 (Andrew S. Tanenbaum, Herbert Bos) (Z-Library)_chunk_856",,dense_bm25
A053,"现代操作系统 (Andrew S. Tanenbaum, Herbert Bos) (Z-Library)_chunk_859",,dense_bm25
A053,"现代操作系统 (Andrew S. Tanenbaum, Herbert Bos) (Z-Library)_chunk_865",,tfidf
A053,"现代操作系统 (Andrew S. Tanenbaum, Herbert Bos) (Z-Library)_chunk_930",,bm25/dense_bm25
A053,"现代操作系统 (Andrew S. Tanenbaum, Herbert Bos) (Z-Library)_chunk_931",,bm25
A053,"现代操作系统 (Andrew S. Tanenbaum, Herbert Bos) (Z-Library)_chunk_970",,bm25/dense_bm25
A053,计算机网络（原书第7版） 自顶向下方法 (James F. Kurose Keith W. Ross) (Z-Library)_chunk_69,,dense
A053,计算机网络（原书第7版） 自顶向下方法 (James F. Kurose Keith W. Ross) (Z-Library)_chunk_70,,dense
A054,2024年王道计算机网络复习指导 (王道计算机) (Z-Library)_chunk_331,,dense
A054,2024年王道计算机网络复习指导 (王道计算机) (Z-Library)_chunk_375,,tfidf
A054,2024年王道计算机网络复习指导 (王道计算机) (Z-Library)_chunk_422,,bm25/dense_bm25
A054,2024年王道计算机网络复习指导 (王道计算机) (Z-Library)_chunk_423,,dense/dense_bm25/tfidf
A054,2024年王道计算机网络复习指导 (王道计算机) (Z-Library)_chunk_426,,bm25/tfidf
A054,2024年王道计算机网络复习指导 (王道计算机) (Z-Library)_chunk_427,,dense/dense_bm25
A054,2024年王道计算机网络复习指导 (王道计算机) (Z-Library)_chunk_429,,dense_bm25
A054,2024年王道计算机网络复习指导 (王道计算机) (Z-Library)_chunk_430,,bm25/dense/dense_bm25/tfidf
A054,2024年王道计算机网络复习指导 (王道计算机) (Z-Library)_chunk_431,,tfidf
A054,2024年王道计算机网络复习指导 (王道计算机) (Z-Library)_chunk_433,,tfidf
A054,2024年王道计算机网络复习指导 (王道计算机) (Z-Library)_chunk_434,,tfidf
A054,2024年王道计算机网络复习指导 (王道计算机) (Z-Library)_chunk_436,,bm25
A054,2024年王道计算机网络复习指导 (王道计算机) (Z-Library)_chunk_438,,tfidf
A054,2024年王道计算机网络复习指导 (王道计算机) (Z-Library)_chunk_439,,dense/dense_bm25
A054,2024年王道计算机网络复习指导 (王道计算机) (Z-Library)_chunk_440,,dense/dense_bm25/tfidf
A054,2024年王道计算机网络复习指导 (王道计算机) (Z-Library)_chunk_445,,dense_bm25
A054,2024年王道计算机网络复习指导 (王道计算机) (Z-Library)_chunk_472,,dense_bm25
A054,2024年王道计算机网络复习指导 (王道计算机) (Z-Library)_chunk_487,,bm25/dense_bm25/tfidf
A054,2024年王道计算机网络复习指导 (王道计算机) (Z-Library)_chunk_521,,dense/dense_bm25
A054,Operating Systems Three Easy Pieces (Remzi H. Arpaci-Dusseau etc.) (Z-Library)_chunk_1424,,tfidf
A054,"计算机网络 (吴功宜,吴英) (Z-Library)(OCR)_chunk_322",,dense/dense_bm25
A054,"计算机网络 (吴功宜,吴英) (Z-Library)(OCR)_chunk_323",,dense
A054,"计算机网络 (吴功宜,吴英) (Z-Library)(OCR)_chunk_324",,dense/tfidf
A054,"计算机网络 (吴功宜,吴英) (Z-Library)(OCR)_chunk_326",,tfidf
A054,"计算机网络 (吴功宜,吴英) (Z-Library)(OCR)_chunk_329",,dense/tfidf
A054,"计算机网络 (吴功宜,吴英) (Z-Library)(OCR)_chunk_331",,dense
A054,"计算机网络 (吴功宜,吴英) (Z-Library)(OCR)_chunk_55",,bm25/dense/dense_bm25
A054,计算机网络（原书第7版） 自顶向下方法 (James F. Kurose Keith W. Ross) (Z-Library)_chunk_106,,bm25
A054,计算机网络（原书第7版） 自顶向下方法 (James F. Kurose Keith W. Ross) (Z-Library)_chunk_113,,dense/dense_bm25
A054,计算机网络（原书第7版） 自顶向下方法 (James F. Kurose Keith W. Ross) (Z-Library)_chunk_114,,dense/dense_bm25/tfidf
A054,计算机网络（原书第7版） 自顶向下方法 (James F. Kurose Keith W. Ross) (Z-Library)_chunk_137,,dense
A054,计算机网络（原书第7版） 自顶向下方法 (James F. Kurose Keith W. Ross) (Z-Library)_chunk_138,,dense
A054,计算机网络（原书第7版） 自顶向下方法 (James F. Kurose Keith W. Ross) (Z-Library)_chunk_139,,dense_bm25
A054,计算机网络（原书第7版） 自顶向下方法 (James F. Kurose Keith W. Ross) (Z-Library)_chunk_151,,dense
A054,计算机网络（原书第7版） 自顶向下方法 (James F. Kurose Keith W. Ross) (Z-Library)_chunk_169,,dense/dense_bm25
A054,计算机网络（原书第7版） 自顶向下方法 (James F. Kurose Keith W. Ross) (Z-Library)_chunk_171,,dense/dense_bm25
A054,计算机网络（原书第7版） 自顶向下方法 (James F. Kurose Keith W. Ross) (Z-Library)_chunk_172,,bm25
A054,计算机网络（原书第7版） 自顶向下方法 (James F. Kurose Keith W. Ross) (Z-Library)_chunk_174,,bm25
A054,计算机网络（原书第7版） 自顶向下方法 (James F. Kurose Keith W. Ross) (Z-Library)_chunk_179,,bm25
A054,计算机网络（原书第7版） 自顶向下方法 (James F. Kurose Keith W. Ross) (Z-Library)_chunk_185,,dense/dense_bm25
A054,计算机网络（原书第7版） 自顶向下方法 (James F. Kurose Keith W. Ross) (Z-Library)_chunk_229,,bm25
A054,计算机网络（原书第7版） 自顶向下方法 (James F. Kurose Keith W. Ross) (Z-Library)_chunk_320,,dense/dense_bm25
A054,计算机网络（原书第7版） 自顶向下方法 (James F. Kurose Keith W. Ross) (Z-Library)_chunk_445,,bm25
A054,计算机网络（原书第7版） 自顶向下方法 (James F. Kurose Keith W. Ross) (Z-Library)_chunk_587,,bm25/dense/dense_bm25/tfidf
A054,计算机网络（第8版） (谢希仁) (Z-Library)(OCR)_chunk_264,,dense_bm25
A054,计算机网络（第8版） (谢希仁) (Z-Library)(OCR)_chunk_266,,bm25/dense/dense_bm25/tfidf
A054,计算机网络（第8版） (谢希仁) (Z-Library)(OCR)_chunk_269,,dense_bm25
A054,计算机网络（第8版） (谢希仁) (Z-Library)(OCR)_chunk_270,,dense
A054,计算机网络（第8版） (谢希仁) (Z-Library)(OCR)_chunk_272,,bm25/tfidf
A054,计算机网络（第8版） (谢希仁) (Z-Library)(OCR)_chunk_273,,dense/tfidf
A054,计算机网络（第8版） (谢希仁) (Z-Library)(OCR)_chunk_274,,dense/dense_bm25/tfidf
A054,计算机网络（第8版） (谢希仁) (Z-Library)(OCR)_chunk_275,,dense/dense_bm25
A054,计算机网络（第8版） (谢希仁) (Z-Library)(OCR)_chunk_276,,dense
A054,计算机网络（第8版） (谢希仁) (Z-Library)(OCR)_chunk_283,,dense_bm25
A054,计算机网络（第8版） (谢希仁) (Z-Library)(OCR)_chunk_314,,dense_bm25
A054,计算机网络（第8版） (谢希仁) (Z-Library)(OCR)_chunk_382,,bm25
A054,计算机网络（第8版） (谢希仁) (Z-Library)(OCR)_chunk_415,,bm25/dense_bm25
A054,计算机网络（第8版） (谢希仁) (Z-Library)(OCR)_chunk_46,,bm25
A054,计算机网络（第8版） (谢希仁) (Z-Library)(OCR)_chunk_489,,dense
A054,计算机网络（第8版） (谢希仁) (Z-Library)(OCR)_chunk_492,,bm25
A054,计算机网络（第8版） (谢希仁) (Z-Library)(OCR)_chunk_547,,bm25/dense_bm25
A055,2024年王道计算机网络复习指导 (王道计算机) (Z-Library)_chunk_514,,dense
A055,Operating Systems Three Easy Pieces (Remzi H. Arpaci-Dusseau etc.) (Z-Library)_chunk_457,,dense/dense_bm25
A055,Operating Systems Three Easy Pieces (Remzi H. Arpaci-Dusseau etc.) (Z-Library)_chunk_459,,dense
A055,Operating Systems Three Easy Pieces (Remzi H. Arpaci-Dusseau etc.) (Z-Library)_chunk_546,,dense
A055,Operating Systems Three Easy Pieces (Remzi H. Arpaci-Dusseau etc.) (Z-Library)_chunk_548,,dense
A055,Python数据结构与算法分析 第3版 (米勒 拉努姆 罗曼) (Z-Library)_chunk_5,,dense
A055,操作系统导论-OSTEP (王海鹏 译) (Z-Library)_chunk_135,,tfidf
A055,操作系统导论-OSTEP (王海鹏 译) (Z-Library)_chunk_155,,dense/dense_bm25
A055,操作系统导论-OSTEP (王海鹏 译) (Z-Library)_chunk_164,,bm25/dense/dense_bm25/tfidf
A055,操作系统导论-OSTEP (王海鹏 译) (Z-Library)_chunk_184,,bm25/dense_bm25/tfidf
A055,操作系统导论-OSTEP (王海鹏 译) (Z-Library)_chunk_185,,bm25/dense_bm25
A055,操作系统导论-OSTEP (王海鹏 译) (Z-Library)_chunk_186,,dense/dense_bm25
A055,操作系统导论-OSTEP (王海鹏 译) (Z-Library)_chunk_187,,dense
A055,操作系统导论-OSTEP (王海鹏 译) (Z-Library)_chunk_192,,dense/dense_bm25
A055,操作系统导论-OSTEP (王海鹏 译) (Z-Library)_chunk_194,,dense/dense_bm25
A055,操作系统导论-OSTEP (王海鹏 译) (Z-Library)_chunk_199,,dense
A055,操作系统导论-OSTEP (王海鹏 译) (Z-Library)_chunk_227,,dense_bm25
A055,操作系统导论-OSTEP (王海鹏 译) (Z-Library)_chunk_555,,bm25
A055,操作系统导论-OSTEP (王海鹏 译) (Z-Library)_chunk_556,,bm25/dense_bm25/tfidf
A055,操作系统导论-OSTEP (王海鹏 译) (Z-Library)_chunk_558,,dense/dense_bm25
A055,"现代操作系统 (Andrew S. Tanenbaum, Herbert Bos) (Z-Library)_chunk_113",,dense/dense_bm25
A055,"现代操作系统 (Andrew S. Tanenbaum, Herbert Bos) (Z-Library)_chunk_204",,dense
A055,"现代操作系统 (Andrew S. Tanenbaum, Herbert Bos) (Z-Library)_chunk_208",,dense
A055,"现代操作系统 (Andrew S. Tanenbaum, Herbert Bos) (Z-Library)_chunk_209",,dense/dense_bm25
A055,"现代操作系统 (Andrew S. Tanenbaum, Herbert Bos) (Z-Library)_chunk_218",,dense
A055,"现代操作系统 (Andrew S. Tanenbaum, Herbert Bos) (Z-Library)_chunk_224",,dense
A055,"现代操作系统 (Andrew S. Tanenbaum, Herbert Bos) (Z-Library)_chunk_225",,dense/dense_bm25
A055,"现代操作系统 (Andrew S. Tanenbaum, Herbert Bos) (Z-Library)_chunk_228",,dense
A055,"现代操作系统 (Andrew S. Tanenbaum, Herbert Bos) (Z-Library)_chunk_235",,tfidf
A055,"现代操作系统 (Andrew S. Tanenbaum, Herbert Bos) (Z-Library)_chunk_245",,tfidf
A055,"现代操作系统 (Andrew S. Tanenbaum, Herbert Bos) (Z-Library)_chunk_246",,bm25/dense_bm25/tfidf
A055,"现代操作系统 (Andrew S. Tanenbaum, Herbert Bos) (Z-Library)_chunk_247",,bm25/dense/dense_bm25/tfidf
A055,"现代操作系统 (Andrew S. Tanenbaum, Herbert Bos) (Z-Library)_chunk_248",,bm25/dense/dense_bm25/tfidf
A055,"现代操作系统 (Andrew S. Tanenbaum, Herbert Bos) (Z-Library)_chunk_249",,bm25/dense/dense_bm25/tfidf
A055,"现代操作系统 (Andrew S. Tanenbaum, Herbert Bos) (Z-Library)_chunk_250",,bm25/dense_bm25/tfidf
A055,"现代操作系统 (Andrew S. Tanenbaum, Herbert Bos) (Z-Library)_chunk_252",,bm25/dense_bm25/tfidf
A055,"现代操作系统 (Andrew S. Tanenbaum, Herbert Bos) (Z-Library)_chunk_254",,bm25/dense_bm25/tfidf
A055,"现代操作系统 (Andrew S. Tanenbaum, Herbert Bos) (Z-Library)_chunk_255",,bm25/dense_bm25/tfidf
A055,"现代操作系统 (Andrew S. Tanenbaum, Herbert Bos) (Z-Library)_chunk_258",,dense/dense_bm25
A055,"现代操作系统 (Andrew S. Tanenbaum, Herbert Bos) (Z-Library)_chunk_264",,bm25/dense_bm25/tfidf
A055,"现代操作系统 (Andrew S. Tanenbaum, Herbert Bos) (Z-Library)_chunk_265",,bm25/dense/dense_bm25/tfidf
A055,"现代操作系统 (Andrew S. Tanenbaum, Herbert Bos) (Z-Library)_chunk_303",,bm25/dense_bm25
A055,"现代操作系统 (Andrew S. Tanenbaum, Herbert Bos) (Z-Library)_chunk_727",,dense_bm25
A055,"现代操作系统 (Andrew S. Tanenbaum, Herbert Bos) (Z-Library)_chunk_728",,dense
A055,"现代操作系统 (Andrew S. Tanenbaum, Herbert Bos) (Z-Library)_chunk_730",,tfidf
A055,"现代操作系统 (Andrew S. Tanenbaum, Herbert Bos) (Z-Library)_chunk_870",,dense/dense_bm25
A055,"现代操作系统 (Andrew S. Tanenbaum, Herbert Bos) (Z-Library)_chunk_880",,dense/dense_bm25
A055,计算机网络（原书第7版） 自顶向下方法 (James F. Kurose Keith W. Ross) (Z-Library)_chunk_228,,bm25/tfidf
A055,计算机网络（原书第7版） 自顶向下方法 (James F. Kurose Keith W. Ross) (Z-Library)_chunk_64,,bm25/tfidf
A055,计算机网络（原书第7版） 自顶向下方法 (James F. Kurose Keith W. Ross) (Z-Library)_chunk_65,,bm25/dense_bm25/tfidf
A055,计算机网络（第8版） (谢希仁) (Z-Library)(OCR)_chunk_492,,bm25
A056,2024年王道计算机网络复习指导 (王道计算机) (Z-Library)_chunk_110,,dense/dense_bm25
A056,2024年王道计算机网络复习指导 (王道计算机) (Z-Library)_chunk_114,,dense/dense_bm25
A056,2024年王道计算机网络复习指导 (王道计算机) (Z-Library)_chunk_117,,dense
A056,2024年王道计算机网络复习指导 (王道计算机) (Z-Library)_chunk_121,,dense/dense_bm25
A056,2024年王道计算机网络复习指导 (王道计算机) (Z-Library)_chunk_249,,dense
A056,2024年王道计算机网络复习指导 (王道计算机) (Z-Library)_chunk_264,,dense/dense_bm25
A056,2024年王道计算机网络复习指导 (王道计算机) (Z-Library)_chunk_267,,dense
A056,2024年王道计算机网络复习指导 (王道计算机) (Z-Library)_chunk_373,,dense
A056,2024年王道计算机网络复习指导 (王道计算机) (Z-Library)_chunk_38,,dense/dense_bm25
A056,2024年王道计算机网络复习指导 (王道计算机) (Z-Library)_chunk_406,,dense
A056,2024年王道计算机网络复习指导 (王道计算机) (Z-Library)_chunk_41,,dense/dense_bm25
A056,2024年王道计算机网络复习指导 (王道计算机) (Z-Library)_chunk_411,,dense
A056,2024年王道计算机网络复习指导 (王道计算机) (Z-Library)_chunk_42,,dense/dense_bm25
A056,2024年王道计算机网络复习指导 (王道计算机) (Z-Library)_chunk_428,,dense
A056,2024年王道计算机网络复习指导 (王道计算机) (Z-Library)_chunk_73,,dense
A056,Operating Systems Three Easy Pieces (Remzi H. Arpaci-Dusseau etc.) (Z-Library)_chunk_1015,,tfidf
A056,Operating Systems Three Easy Pieces (Remzi H. Arpaci-Dusseau etc.) (Z-Library)_chunk_1016,,tfidf
A056,Operating Systems Three Easy Pieces (Remzi H. Arpaci-Dusseau etc.) (Z-Library)_chunk_1027,,tfidf
A056,Operating Systems Three Easy Pieces (Remzi H. Arpaci-Dusseau etc.) (Z-Library)_chunk_1157,,tfidf
A056,Operating Systems Three Easy Pieces (Remzi H. Arpaci-Dusseau etc.) (Z-Library)_chunk_1158,,tfidf
A056,Operating Systems Three Easy Pieces (Remzi H. Arpaci-Dusseau etc.) (Z-Library)_chunk_185,,tfidf
A056,Operating Systems Three Easy Pieces (Remzi H. Arpaci-Dusseau etc.) (Z-Library)_chunk_269,,tfidf
A056,Operating Systems Three Easy Pieces (Remzi H. Arpaci-Dusseau etc.) (Z-Library)_chunk_467,,tfidf
A056,Operating Systems Three Easy Pieces (Remzi H. Arpaci-Dusseau etc.) (Z-Library)_chunk_51,,tfidf
A056,Operating Systems Three Easy Pieces (Remzi H. Arpaci-Dusseau etc.) (Z-Library)_chunk_515,,tfidf
A056,Operating Systems Three Easy Pieces (Remzi H. Arpaci-Dusseau etc.) (Z-Library)_chunk_539,,tfidf
A056,Operating Systems Three Easy Pieces (Remzi H. Arpaci-Dusseau etc.) (Z-Library)_chunk_540,,tfidf
A056,Operating Systems Three Easy Pieces (Remzi H. Arpaci-Dusseau etc.) (Z-Library)_chunk_685,,tfidf
A056,"[计算机科学丛书]数据结构与算法 Python语言实现 (Michael T. Goodrich, Roberto Tamassia etc.) (Z-Library)_chunk_170",,dense
A056,操作系统导论-OSTEP (王海鹏 译) (Z-Library)_chunk_31,,bm25
A056,操作系统导论-OSTEP (王海鹏 译) (Z-Library)_chunk_36,,bm25/dense_bm25
A056,操作系统导论-OSTEP (王海鹏 译) (Z-Library)_chunk_362,,dense_bm25
A056,操作系统导论-OSTEP (王海鹏 译) (Z-Library)_chunk_37,,bm25/dense_bm25/tfidf
A056,操作系统导论-OSTEP (王海鹏 译) (Z-Library)_chunk_542,,tfidf
A056,数据结构（C语言版 第2版） (严蔚敏) (Z-Library)_chunk_243,,dense/dense_bm25
A056,"现代操作系统 (Andrew S. Tanenbaum, Herbert Bos) (Z-Library)_chunk_108",,bm25
A056,"现代操作系统 (Andrew S. Tanenbaum, Herbert Bos) (Z-Library)_chunk_114",,bm25
A056,"现代操作系统 (Andrew S. Tanenbaum, Herbert Bos) (Z-Library)_chunk_122",,bm25/dense_bm25
A056,"现代操作系统 (Andrew S. Tanenbaum, Herbert Bos) (Z-Library)_chunk_123",,bm25/dense_bm25
A056,"现代操作系统 (Andrew S. Tanenbaum, Herbert Bos) (Z-Library)_chunk_126",,bm25/dense_bm25
A056,"现代操作系统 (Andrew S. Tanenbaum, Herbert Bos) (Z-Library)_chunk_146",,bm25
A056,"现代操作系统 (Andrew S. Tanenbaum, Herbert Bos) (Z-Library)_chunk_148",,bm25/dense_bm25
A056,"现代操作系统 (Andrew S. Tanenbaum, Herbert Bos) (Z-Library)_chunk_159",,bm25/dense_bm25
A056,"现代操作系统 (Andrew S. Tanenbaum, Herbert Bos) (Z-Library)_chunk_345",,dense
A056,"现代操作系统 (Andrew S. Tanenbaum, Herbert Bos) (Z-Library)_chunk_362",,dense_bm25
A056,"现代操作系统 (Andrew S. Tanenbaum, Herbert Bos) (Z-Library)_chunk_469",,bm25/dense_bm25
A056,"现代操作系统 (Andrew S. Tanenbaum, Herbert Bos) (Z-Library)_chunk_476",,bm25/dense_bm25
A056,"现代操作系统 (Andrew S. Tanenbaum, Herbert Bos) (Z-Library)_chunk_544",,bm25/dense_bm25/tfidf
A056,"现代操作系统 (Andrew S. Tanenbaum, Herbert Bos) (Z-Library)_chunk_545",,bm25/dense_bm25/tfidf
A056,"现代操作系统 (Andrew S. Tanenbaum, Herbert Bos) (Z-Library)_chunk_568",,bm25
A056,"现代操作系统 (Andrew S. Tanenbaum, Herbert Bos) (Z-Library)_chunk_720",,bm25/dense_bm25
A056,"现代操作系统 (Andrew S. Tanenbaum, Herbert Bos) (Z-Library)_chunk_834",,bm25/dense/dense_bm25
A056,"现代操作系统 (Andrew S. Tanenbaum, Herbert Bos) (Z-Library)_chunk_847",,bm25/dense_bm25
A056,"现代操作系统 (Andrew S. Tanenbaum, Herbert Bos) (Z-Library)_chunk_884",,dense/dense_bm25
A056,"计算机网络 (吴功宜,吴英) (Z-Library)(OCR)_chunk_190",,dense/dense_bm25
A056,"计算机网络 (吴功宜,吴英) (Z-Library)(OCR)_chunk_202",,dense/dense_bm25
A056,"计算机网络 (吴功宜,吴英) (Z-Library)(OCR)_chunk_203",,dense/dense_bm25
A056,"计算机网络 (吴功宜,吴英) (Z-Library)(OCR)_chunk_41",,dense
A056,"计算机网络 (吴功宜,吴英) (Z-Library)(OCR)_chunk_426",,dense/dense_bm25
A056,"计算机网络 (吴功宜,吴英) (Z-Library)(OCR)_chunk_50",,dense
A056,"计算机网络 (吴功宜,吴英) (Z-Library)(OCR)_chunk_52",,dense/dense_bm25
A056,计算机网络（原书第7版） 自顶向下方法 (James F. Kurose Keith W. Ross) (Z-Library)_chunk_197,,bm25
A056,计算机网络（原书第7版） 自顶向下方法 (James F. Kurose Keith W. Ross) (Z-Library)_chunk_201,,tfidf
A056,计算机网络（原书第7版） 自顶向下方法 (James F. Kurose Keith W. Ross) (Z-Library)_chunk_255,,dense
A056,计算机网络（原书第7版） 自顶向下方法 (James F. Kurose Keith W. Ross) (Z-Library)_chunk_490,,tfidf
A056,计算机网络（第8版） (谢希仁) (Z-Library)(OCR)_chunk_15,,tfidf
A056,计算机网络（第8版） (谢希仁) (Z-Library)(OCR)_chunk_37,,dense
A056,计算机网络（第8版） (谢希仁) (Z-Library)(OCR)_chunk_41,,dense
A057,2024年王道计算机网络复习指导 (王道计算机) (Z-Library)_chunk_418,,dense
A057,Operating Systems Three Easy Pieces (Remzi H. Arpaci-Dusseau etc.) (Z-Library)_chunk_314,,dense
A057,Operating Systems Three Easy Pieces (Remzi H. Arpaci-Dusseau etc.) (Z-Library)_chunk_392,,dense
A057,Operating Systems Three Easy Pieces (Remzi H. Arpaci-Dusseau etc.) (Z-Library)_chunk_689,,dense
A057,Python数据结构与算法分析 第3版 (米勒 拉努姆 罗曼) (Z-Library)_chunk_187,,tfidf
A057,Python数据结构与算法分析 第3版 (米勒 拉努姆 罗曼) (Z-Library)_chunk_189,,dense/tfidf
A057,Python数据结构与算法分析 第3版 (米勒 拉努姆 罗曼) (Z-Library)_chunk_190,,dense_bm25
A057,"[计算机科学丛书]数据结构与算法 Python语言实现 (Michael T. Goodrich, Roberto Tamassia etc.) (Z-Library)_chunk_227",,dense_bm25
A057,"[计算机科学丛书]数据结构与算法 Python语言实现 (Michael T. Goodrich, Roberto Tamassia etc.) (Z-Library)_chunk_360",,tfidf
A057,"[计算机科学丛书]数据结构与算法 Python语言实现 (Michael T. Goodrich, Roberto Tamassia etc.) (Z-Library)_chunk_362",,dense_bm25
A057,"[计算机科学丛书]数据结构与算法 Python语言实现 (Michael T. Goodrich, Roberto Tamassia etc.) (Z-Library)_chunk_367",,dense_bm25
A057,"[计算机科学丛书]数据结构与算法 Python语言实现 (Michael T. Goodrich, Roberto Tamassia etc.) (Z-Library)_chunk_369",,bm25/tfidf
A057,"[计算机科学丛书]数据结构与算法 Python语言实现 (Michael T. Goodrich, Roberto Tamassia etc.) (Z-Library)_chunk_370",,bm25/dense/dense_bm25/tfidf
A057,"[计算机科学丛书]数据结构与算法 Python语言实现 (Michael T. Goodrich, Roberto Tamassia etc.) (Z-Library)_chunk_384",,tfidf
A057,"[计算机科学丛书]数据结构与算法 Python语言实现 (Michael T. Goodrich, Roberto Tamassia etc.) (Z-Library)_chunk_646",,bm25
A057,操作系统导论-OSTEP (王海鹏 译) (Z-Library)_chunk_107,,bm25/dense_bm25
A057,操作系统导论-OSTEP (王海鹏 译) (Z-Library)_chunk_112,,bm25/dense_bm25
A057,操作系统导论-OSTEP (王海鹏 译) (Z-Library)_chunk_131,,bm25
A057,操作系统导论-OSTEP (王海鹏 译) (Z-Library)_chunk_132,,bm25
A057,操作系统导论-OSTEP (王海鹏 译) (Z-Library)_chunk_133,,bm25/dense_bm25
A057,操作系统导论-OSTEP (王海鹏 译) (Z-Library)_chunk_145,,dense_bm25
A057,操作系统导论-OSTEP (王海鹏 译) (Z-Library)_chunk_146,,tfidf
A057,操作系统导论-OSTEP (王海鹏 译) (Z-Library)_chunk_184,,bm25
A057,操作系统导论-OSTEP (王海鹏 译) (Z-Library)_chunk_185,,bm25/dense_bm25
A057,操作系统导论-OSTEP (王海鹏 译) (Z-Library)_chunk_225,,bm25
A057,操作系统导论-OSTEP (王海鹏 译) (Z-Library)_chunk_234,,bm25
A057,操作系统导论-OSTEP (王海鹏 译) (Z-Library)_chunk_235,,bm25/dense/dense_bm25/tfidf
A057,操作系统导论-OSTEP (王海鹏 译) (Z-Library)_chunk_30,,bm25
A057,操作系统导论-OSTEP (王海鹏 译) (Z-Library)_chunk_554,,bm25/dense_bm25
A057,数据结构 (邓俊辉) (Z-Library)_chunk_131,,dense/dense_bm25
A057,数据结构 (邓俊辉) (Z-Library)_chunk_132,,dense/dense_bm25
A057,数据结构 (邓俊辉) (Z-Library)_chunk_137,,dense/dense_bm25
A057,数据结构 (邓俊辉) (Z-Library)_chunk_138,,dense
A057,数据结构 (邓俊辉) (Z-Library)_chunk_400,,bm25/dense/dense_bm25/tfidf
A057,数据结构 (邓俊辉) (Z-Library)_chunk_401,,dense
A057,数据结构 (邓俊辉) (Z-Library)_chunk_408,,dense_bm25/tfidf
A057,数据结构 (邓俊辉) (Z-Library)_chunk_409,,tfidf
A057,数据结构 (邓俊辉) (Z-Library)_chunk_413,,dense/dense_bm25/tfidf
A057,数据结构 (邓俊辉) (Z-Library)_chunk_416,,tfidf
A057,数据结构 (邓俊辉) (Z-Library)_chunk_418,,bm25/tfidf
A057,数据结构 (邓俊辉) (Z-Library)_chunk_476,,tfidf
A057,数据结构（C语言版 第2版） (严蔚敏) (Z-Library)_chunk_111,,dense/dense_bm25/tfidf
A057,数据结构（C语言版 第2版） (严蔚敏) (Z-Library)_chunk_114,,dense/dense_bm25
A057,数据结构（C语言版 第2版） (严蔚敏) (Z-Library)_chunk_139,,dense
A057,数据结构（C语言版 第2版） (严蔚敏) (Z-Library)_chunk_162,,dense
A057,数据结构（C语言版 第2版） (严蔚敏) (Z-Library)_chunk_333,,dense_bm25
A057,数据结构（C语言版 第2版） (严蔚敏) (Z-Library)_chunk_334,,bm25/dense/dense_bm25/tfidf
A057,数据结构（C语言版 第2版） (严蔚敏) (Z-Library)_chunk_336,,dense_bm25
A057,数据结构（C语言版 第2版） (严蔚敏) (Z-Library)_chunk_372,,dense_bm25
A057,数据结构（C语言版 第2版） (严蔚敏) (Z-Library)_chunk_52,,dense
A057,数据结构（C语言版 第2版） (严蔚敏) (Z-Library)_chunk_69,,dense/dense_bm25/tfidf
A057,数据结构（C语言版 第2版） (严蔚敏) (Z-Library)_chunk_73,,dense/dense_bm25/tfidf
A057,数据结构（C语言版 第2版） (严蔚敏) (Z-Library)_chunk_74,,dense/dense_bm25/tfidf
A057,数据结构（C语言版 第2版） (严蔚敏) (Z-Library)_chunk_76,,dense
A057,数据结构（C语言版 第2版） (严蔚敏) (Z-Library)_chunk_77,,dense
A057,数据结构（C语言版 第2版） (严蔚敏) (Z-Library)_chunk_78,,dense
A057,数据结构（C语言版 第2版） (严蔚敏) (Z-Library)_chunk_80,,dense/dense_bm25
A057,数据结构（C语言版 第2版） (严蔚敏) (Z-Library)_chunk_81,,dense
A057,数据结构（C语言版 第2版） (严蔚敏) (Z-Library)_chunk_91,,dense_bm25
A057,数据结构（C语言版 第2版） (严蔚敏) (Z-Library)_chunk_93,,dense
A057,"现代操作系统 (Andrew S. Tanenbaum, Herbert Bos) (Z-Library)_chunk_613",,bm25
A057,"现代操作系统 (Andrew S. Tanenbaum, Herbert Bos) (Z-Library)_chunk_801",,bm25
A057,计算机网络（第8版） (谢希仁) (Z-Library)(OCR)_chunk_196,,dense/dense_bm25
A058,2024年王道计算机网络复习指导 (王道计算机) (Z-Library)_chunk_118,,dense
A058,2024年王道计算机网络复习指导 (王道计算机) (Z-Library)_chunk_125,,bm25/dense/dense_bm25/tfidf
A058,2024年王道计算机网络复习指导 (王道计算机) (Z-Library)_chunk_200,,bm25/dense_bm25
A058,2024年王道计算机网络复习指导 (王道计算机) (Z-Library)_chunk_234,,bm25
A058,2024年王道计算机网络复习指导 (王道计算机) (Z-Library)_chunk_31,,tfidf
A058,2024年王道计算机网络复习指导 (王道计算机) (Z-Library)_chunk_48,,bm25
A058,2024年王道计算机网络复习指导 (王道计算机) (Z-Library)_chunk_65,,bm25/dense_bm25
A058,2024年王道计算机网络复习指导 (王道计算机) (Z-Library)_chunk_76,,bm25/dense/dense_bm25/tfidf
A058,2024年王道计算机网络复习指导 (王道计算机) (Z-Library)_chunk_77,,bm25/dense_bm25
A058,2024年王道计算机网络复习指导 (王道计算机) (Z-Library)_chunk_95,,bm25/dense_bm25/tfidf
A058,Python数据结构与算法分析 第3版 (米勒 拉努姆 罗曼) (Z-Library)_chunk_101,,dense
A058,操作系统导论-OSTEP (王海鹏 译) (Z-Library)_chunk_265,,dense/dense_bm25
A058,操作系统导论-OSTEP (王海鹏 译) (Z-Library)_chunk_270,,dense
A058,操作系统导论-OSTEP (王海鹏 译) (Z-Library)_chunk_310,,dense/dense_bm25
A058,操作系统导论-OSTEP (王海鹏 译) (Z-Library)_chunk_344,,tfidf
A058,操作系统导论-OSTEP (王海鹏 译) (Z-Library)_chunk_345,,tfidf
A058,操作系统导论-OSTEP (王海鹏 译) (Z-Library)_chunk_68,,dense/dense_bm25
A058,数据结构（C语言版 第2版） (严蔚敏) (Z-Library)_chunk_311,,dense
A058,"现代操作系统 (Andrew S. Tanenbaum, Herbert Bos) (Z-Library)_chunk_1118",,bm25/dense_bm25
A058,"现代操作系统 (Andrew S. Tanenbaum, Herbert Bos) (Z-Library)_chunk_115",,dense/dense_bm25
A058,"现代操作系统 (Andrew S. Tanenbaum, Herbert Bos) (Z-Library)_chunk_117",,dense
A058,"现代操作系统 (Andrew S. Tanenbaum, Herbert Bos) (Z-Library)_chunk_148",,dense
A058,"现代操作系统 (Andrew S. Tanenbaum, Herbert Bos) (Z-Library)_chunk_172",,dense/dense_bm25
A058,"现代操作系统 (Andrew S. Tanenbaum, Herbert Bos) (Z-Library)_chunk_178",,dense
A058,"现代操作系统 (Andrew S. Tanenbaum, Herbert Bos) (Z-Library)_chunk_574",,dense_bm25
A058,"现代操作系统 (Andrew S. Tanenbaum, Herbert Bos) (Z-Library)_chunk_720",,bm25/dense_bm25/tfidf
A058,"现代操作系统 (Andrew S. Tanenbaum, Herbert Bos) (Z-Library)_chunk_824",,bm25/dense_bm25/tfidf
A058,"现代操作系统 (Andrew S. Tanenbaum, Herbert Bos) (Z-Library)_chunk_832",,dense/dense_bm25
A058,"现代操作系统 (Andrew S. Tanenbaum, Herbert Bos) (Z-Library)_chunk_834",,dense_bm25
A058,"现代操作系统 (Andrew S. Tanenbaum, Herbert Bos) (Z-Library)_chunk_847",,bm25/dense/dense_bm25/tfidf
A058,"现代操作系统 (Andrew S. Tanenbaum, Herbert Bos) (Z-Library)_chunk_859",,dense/dense_bm25/tfidf
A058,"现代操作系统 (Andrew S. Tanenbaum, Herbert Bos) (Z-Library)_chunk_863",,dense
A058,"现代操作系统 (Andrew S. Tanenbaum, Herbert Bos) (Z-Library)_chunk_936",,bm25/dense/dense_bm25/tfidf
A058,"计算机网络 (吴功宜,吴英) (Z-Library)(OCR)_chunk_102",,bm25/dense_bm25/tfidf
A058,"计算机网络 (吴功宜,吴英) (Z-Library)(OCR)_chunk_152",,bm25
A058,"计算机网络 (吴功宜,吴英) (Z-Library)(OCR)_chunk_75",,bm25/dense/dense_bm25/tfidf
A058,"计算机网络 (吴功宜,吴英) (Z-Library)(OCR)_chunk_76",,bm25/dense_bm25/tfidf
A058,"计算机网络 (吴功宜,吴英) (Z-Library)(OCR)_chunk_85",,tfidf
A058,"计算机网络 (吴功宜,吴英) (Z-Library)(OCR)_chunk_91",,dense
A058,"计算机网络 (吴功宜,吴英) (Z-Library)(OCR)_chunk_93",,tfidf
A058,"计算机网络 (吴功宜,吴英) (Z-Library)(OCR)_chunk_95",,dense_bm25
A058,计算机网络（原书第7版） 自顶向下方法 (James F. Kurose Keith W. Ross) (Z-Library)_chunk_252,,dense/dense_bm25
A058,计算机网络（原书第7版） 自顶向下方法 (James F. Kurose Keith W. Ross) (Z-Library)_chunk_319,,tfidf
A058,计算机网络（原书第7版） 自顶向下方法 (James F. Kurose Keith W. Ross) (Z-Library)_chunk_464,,dense/dense_bm25
A058,计算机网络（原书第7版） 自顶向下方法 (James F. Kurose Keith W. Ross) (Z-Library)_chunk_484,,dense/dense_bm25
A058,计算机网络（第8版） (谢希仁) (Z-Library)(OCR)_chunk_115,,dense
A058,计算机网络（第8版） (谢希仁) (Z-Library)(OCR)_chunk_116,,dense
A058,计算机网络（第8版） (谢希仁) (Z-Library)(OCR)_chunk_125,,bm25/dense_bm25/tfidf
A058,计算机网络（第8版） (谢希仁) (Z-Library)(OCR)_chunk_203,,dense
A058,计算机网络（第8版） (谢希仁) (Z-Library)(OCR)_chunk_38,,dense/dense_bm25/tfidf
A058,计算机网络（第8版） (谢希仁) (Z-Library)(OCR)_chunk_435,,dense/dense_bm25
A058,计算机网络（第8版） (谢希仁) (Z-Library)(OCR)_chunk_436,,dense
A058,计算机网络（第8版） (谢希仁) (Z-Library)(OCR)_chunk_74,,tfidf
A058,计算机网络（第8版） (谢希仁) (Z-Library)(OCR)_chunk_85,,bm25
A058,计算机网络（第8版） (谢希仁) (Z-Library)(OCR)_chunk_97,,bm25
A059,2024年王道计算机网络复习指导 (王道计算机) (Z-Library)_chunk_114,,dense
A059,2024年王道计算机网络复习指导 (王道计算机) (Z-Library)_chunk_123,,dense/dense_bm25
A059,2024年王道计算机网络复习指导 (王道计算机) (Z-Library)_chunk_124,,dense_bm25
A059,2024年王道计算机网络复习指导 (王道计算机) (Z-Library)_chunk_258,,dense/dense_bm25
A059,2024年王道计算机网络复习指导 (王道计算机) (Z-Library)_chunk_418,,dense
A059,Python数据结构与算法分析 第3版 (米勒 拉努姆 罗曼) (Z-Library)_chunk_121,,dense
A059,Python数据结构与算法分析 第3版 (米勒 拉努姆 罗曼) (Z-Library)_chunk_175,,dense
A059,Python数据结构与算法分析 第3版 (米勒 拉努姆 罗曼) (Z-Library)_chunk_218,,bm25/dense/dense_bm25/tfidf
A059,Python数据结构与算法分析 第3版 (米勒 拉努姆 罗曼) (Z-Library)_chunk_225,,dense/dense_bm25
A059,Python数据结构与算法分析 第3版 (米勒 拉努姆 罗曼) (Z-Library)_chunk_284,,dense/dense_bm25
A059,"[计算机科学丛书]数据结构与算法 Python语言实现 (Michael T. Goodrich, Roberto Tamassia etc.) (Z-Library)_chunk_576",,bm25/dense/dense_bm25/tfidf
A059,"[计算机科学丛书]数据结构与算法 Python语言实现 (Michael T. Goodrich, Roberto Tamassia etc.) (Z-Library)_chunk_577",,dense_bm25
A059,"[计算机科学丛书]数据结构与算法 Python语言实现 (Michael T. Goodrich, Roberto Tamassia etc.) (Z-Library)_chunk_578",,tfidf
A059,"[计算机科学丛书]数据结构与算法 Python语言实现 (Michael T. Goodrich, Roberto Tamassia etc.) (Z-Library)_chunk_579",,bm25/dense_bm25/tfidf
A059,"[计算机科学丛书]数据结构与算法 Python语言实现 (Michael T. Goodrich, Roberto Tamassia etc.) (Z-Library)_chunk_580",,bm25/dense_bm25/tfidf
A059,"[计算机科学丛书]数据结构与算法 Python语言实现 (Michael T. Goodrich, Roberto Tamassia etc.) (Z-Library)_chunk_581",,bm25/dense/dense_bm25
A059,"[计算机科学丛书]数据结构与算法 Python语言实现 (Michael T. Goodrich, Roberto Tamassia etc.) (Z-Library)_chunk_593",,bm25
A059,"[计算机科学丛书]数据结构与算法 Python语言实现 (Michael T. Goodrich, Roberto Tamassia etc.) (Z-Library)_chunk_596",,dense_bm25
A059,"[计算机科学丛书]数据结构与算法 Python语言实现 (Michael T. Goodrich, Roberto Tamassia etc.) (Z-Library)_chunk_602",,dense_bm25
A059,"[计算机科学丛书]数据结构与算法 Python语言实现 (Michael T. Goodrich, Roberto Tamassia etc.) (Z-Library)_chunk_610",,bm25/dense_bm25/tfidf
A059,"[计算机科学丛书]数据结构与算法 Python语言实现 (Michael T. Goodrich, Roberto Tamassia etc.) (Z-Library)_chunk_634",,bm25/tfidf
A059,"[计算机科学丛书]数据结构与算法 Python语言实现 (Michael T. Goodrich, Roberto Tamassia etc.) (Z-Library)_chunk_635",,tfidf
A059,"[计算机科学丛书]数据结构与算法 Python语言实现 (Michael T. Goodrich, Roberto Tamassia etc.) (Z-Library)_chunk_636",,bm25/tfidf
A059,"[计算机科学丛书]数据结构与算法 Python语言实现 (Michael T. Goodrich, Roberto Tamassia etc.) (Z-Library)_chunk_637",,dense_bm25
A059,数据结构 (邓俊辉) (Z-Library)_chunk_211,,bm25/dense/dense_bm25/tfidf
A059,数据结构 (邓俊辉) (Z-Library)_chunk_236,,bm25/dense/dense_bm25/tfidf
A059,数据结构 (邓俊辉) (Z-Library)_chunk_281,,dense
A059,数据结构 (邓俊辉) (Z-Library)_chunk_400,,dense
A059,数据结构 (邓俊辉) (Z-Library)_chunk_62,,dense/dense_bm25
A059,数据结构（C语言版 第2版） (严蔚敏) (Z-Library)_chunk_172,,dense
A059,数据结构（C语言版 第2版） (严蔚敏) (Z-Library)_chunk_178,,dense
A059,数据结构（C语言版 第2版） (严蔚敏) (Z-Library)_chunk_201,,bm25/dense_bm25/tfidf
A059,数据结构（C语言版 第2版） (严蔚敏) (Z-Library)_chunk_202,,bm25/dense/dense_bm25
A059,数据结构（C语言版 第2版） (严蔚敏) (Z-Library)_chunk_203,,bm25
A059,数据结构（C语言版 第2版） (严蔚敏) (Z-Library)_chunk_204,,bm25/dense/dense_bm25/tfidf
A059,数据结构（C语言版 第2版） (严蔚敏) (Z-Library)_chunk_210,,bm25/tfidf
A059,数据结构（C语言版 第2版） (严蔚敏) (Z-Library)_chunk_211,,dense_bm25
A059,数据结构（C语言版 第2版） (严蔚敏) (Z-Library)_chunk_215,,bm25/dense_bm25
A059,数据结构（C语言版 第2版） (严蔚敏) (Z-Library)_chunk_217,,tfidf
A059,数据结构（C语言版 第2版） (严蔚敏) (Z-Library)_chunk_239,,bm25/dense_bm25/tfidf
A059,数据结构（C语言版 第2版） (严蔚敏) (Z-Library)_chunk_253,,dense/dense_bm25
A059,数据结构（C语言版 第2版） (严蔚敏) (Z-Library)_chunk_254,,bm25/tfidf
A059,数据结构（C语言版 第2版） (严蔚敏) (Z-Library)_chunk_52,,dense
A059,"计算机网络 (吴功宜,吴英) (Z-Library)(OCR)_chunk_103",,dense
A059,"计算机网络 (吴功宜,吴英) (Z-Library)(OCR)_chunk_34",,dense
A059,"计算机网络 (吴功宜,吴英) (Z-Library)(OCR)_chunk_39",,dense
A059,"计算机网络 (吴功宜,吴英) (Z-Library)(OCR)_chunk_41",,dense/dense_bm25
A059,"计算机网络 (吴功宜,吴英) (Z-Library)(OCR)_chunk_448",,dense/dense_bm25
A059,"计算机网络 (吴功宜,吴英) (Z-Library)(OCR)_chunk_71",,dense
A059,计算机网络（原书第7版） 自顶向下方法 (James F. Kurose Keith W. Ross) (Z-Library)_chunk_100,,bm25/dense_bm25/tfidf
A059,计算机网络（原书第7版） 自顶向下方法 (James F. Kurose Keith W. Ross) (Z-Library)_chunk_136,,dense
A059,计算机网络（原书第7版） 自顶向下方法 (James F. Kurose Keith W. Ross) (Z-Library)_chunk_228,,tfidf
A059,计算机网络（原书第7版） 自顶向下方法 (James F. Kurose Keith W. Ross) (Z-Library)_chunk_239,,dense/dense_bm25
A059,计算机网络（原书第7版） 自顶向下方法 (James F. Kurose Keith W. Ross) (Z-Library)_chunk_398,,tfidf
A059,计算机网络（原书第7版） 自顶向下方法 (James F. Kurose Keith W. Ross) (Z-Library)_chunk_399,,dense_bm25
A060,Operating Systems Three Easy Pieces (Remzi H. Arpaci-Dusseau etc.) (Z-Library)_chunk_153,,dense
A060,Operating Systems Three Easy Pieces (Remzi H. Arpaci-Dusseau etc.) (Z-Library)_chunk_218,,dense
A060,Operating Systems Three Easy Pieces (Remzi H. Arpaci-Dusseau etc.) (Z-Library)_chunk_88,,dense
A060,操作系统导论-OSTEP (王海鹏 译) (Z-Library)_chunk_31,,dense/dense_bm25
A060,操作系统导论-OSTEP (王海鹏 译) (Z-Library)_chunk_40,,dense_bm25
A060,操作系统导论-OSTEP (王海鹏 译) (Z-Library)_chunk_546,,bm25/dense_bm25
A060,操作系统导论-OSTEP (王海鹏 译) (Z-Library)_chunk_547,,bm25
A060,操作系统导论-OSTEP (王海鹏 译) (Z-Library)_chunk_548,,bm25/tfidf
A060,操作系统导论-OSTEP (王海鹏 译) (Z-Library)_chunk_55,,dense/dense_bm25
A060,操作系统导论-OSTEP (王海鹏 译) (Z-Library)_chunk_551,,bm25
A060,操作系统导论-OSTEP (王海鹏 译) (Z-Library)_chunk_69,,dense_bm25
A060,操作系统导论-OSTEP (王海鹏 译) (Z-Library)_chunk_71,,bm25
A060,操作系统导论-OSTEP (王海鹏 译) (Z-Library)_chunk_72,,bm25
A060,操作系统导论-OSTEP (王海鹏 译) (Z-Library)_chunk_76,,bm25
A060,操作系统导论-OSTEP (王海鹏 译) (Z-Library)_chunk_80,,dense_bm25
A060,操作系统导论-OSTEP (王海鹏 译) (Z-Library)_chunk_81,,dense/dense_bm25
A060,操作系统导论-OSTEP (王海鹏 译) (Z-Library)_chunk_89,,tfidf
A060,操作系统导论-OSTEP (王海鹏 译) (Z-Library)_chunk_97,,tfidf
A060,"现代操作系统 (Andrew S. Tanenbaum, Herbert Bos) (Z-Library)_chunk_101",,dense
A060,"现代操作系统 (Andrew S. Tanenbaum, Herbert Bos) (Z-Library)_chunk_103",,dense
A060,"现代操作系统 (Andrew S. Tanenbaum, Herbert Bos) (Z-Library)_chunk_107",,dense
A060,"现代操作系统 (Andrew S. Tanenbaum, Herbert Bos) (Z-Library)_chunk_108",,dense/dense_bm25
A060,"现代操作系统 (Andrew S. Tanenbaum, Herbert Bos) (Z-Library)_chunk_109",,dense/dense_bm25/tfidf
A060,"现代操作系统 (Andrew S. Tanenbaum, Herbert Bos) (Z-Library)_chunk_110",,dense/dense_bm25
A060,"现代操作系统 (Andrew S. Tanenbaum, Herbert Bos) (Z-Library)_chunk_112",,dense
A060,"现代操作系统 (Andrew S. Tanenbaum, Herbert Bos) (Z-Library)_chunk_115",,dense/dense_bm25
A060,"现代操作系统 (Andrew S. Tanenbaum, Herbert Bos) (Z-Library)_chunk_132",,dense
A060,"现代操作系统 (Andrew S. Tanenbaum, Herbert Bos) (Z-Library)_chunk_148",,dense
A060,"现代操作系统 (Andrew S. Tanenbaum, Herbert Bos) (Z-Library)_chunk_156",,dense/dense_bm25/tfidf
A060,"现代操作系统 (Andrew S. Tanenbaum, Herbert Bos) (Z-Library)_chunk_159",,dense_bm25/tfidf
A060,"现代操作系统 (Andrew S. Tanenbaum, Herbert Bos) (Z-Library)_chunk_160",,bm25/dense_bm25/tfidf
A060,"现代操作系统 (Andrew S. Tanenbaum, Herbert Bos) (Z-Library)_chunk_161",,bm25/dense/dense_bm25/tfidf
A060,"现代操作系统 (Andrew S. Tanenbaum, Herbert Bos) (Z-Library)_chunk_163",,bm25/dense_bm25/tfidf
A060,"现代操作系统 (Andrew S. Tanenbaum, Herbert Bos) (Z-Library)_chunk_165",,tfidf
A060,"现代操作系统 (Andrew S. Tanenbaum, Herbert Bos) (Z-Library)_chunk_166",,bm25/dense/dense_bm25
A060,"现代操作系统 (Andrew S. Tanenbaum, Herbert Bos) (Z-Library)_chunk_168",,bm25/dense/dense_bm25
A060,"现代操作系统 (Andrew S. Tanenbaum, Herbert Bos) (Z-Library)_chunk_169",,tfidf
A060,"现代操作系统 (Andrew S. Tanenbaum, Herbert Bos) (Z-Library)_chunk_170",,tfidf
A060,"现代操作系统 (Andrew S. Tanenbaum, Herbert Bos) (Z-Library)_chunk_171",,bm25/dense/dense_bm25/tfidf
A060,"现代操作系统 (Andrew S. Tanenbaum, Herbert Bos) (Z-Library)_chunk_172",,dense/dense_bm25
A060,"现代操作系统 (Andrew S. Tanenbaum, Herbert Bos) (Z-Library)_chunk_177",,bm25/dense/dense_bm25/tfidf
A060,"现代操作系统 (Andrew S. Tanenbaum, Herbert Bos) (Z-Library)_chunk_178",,dense_bm25
A060,"现代操作系统 (Andrew S. Tanenbaum, Herbert Bos) (Z-Library)_chunk_182",,bm25/dense_bm25/tfidf
A060,"现代操作系统 (Andrew S. Tanenbaum, Herbert Bos) (Z-Library)_chunk_243",,bm25
A060,"现代操作系统 (Andrew S. Tanenbaum, Herbert Bos) (Z-Library)_chunk_447",,dense_bm25
A060,"现代操作系统 (Andrew S. Tanenbaum, Herbert Bos) (Z-Library)_chunk_476",,dense
A060,"现代操作系统 (Andrew S. Tanenbaum, Herbert Bos) (Z-Library)_chunk_530",,dense_bm25/tfidf
A060,"现代操作系统 (Andrew S. Tanenbaum, Herbert Bos) (Z-Library)_chunk_534",,tfidf
A060,"现代操作系统 (Andrew S. Tanenbaum, Herbert Bos) (Z-Library)_chunk_552",,dense_bm25/tfidf
A060,"现代操作系统 (Andrew S. Tanenbaum, Herbert Bos) (Z-Library)_chunk_553",,bm25/dense_bm25
A060,"现代操作系统 (Andrew S. Tanenbaum, Herbert Bos) (Z-Library)_chunk_718",,dense/dense_bm25/tfidf
A060,"现代操作系统 (Andrew S. Tanenbaum, Herbert Bos) (Z-Library)_chunk_719",,tfidf
A060,"现代操作系统 (Andrew S. Tanenbaum, Herbert Bos) (Z-Library)_chunk_850",,bm25
A060,"现代操作系统 (Andrew S. Tanenbaum, Herbert Bos) (Z-Library)_chunk_853",,dense_bm25
A060,"现代操作系统 (Andrew S. Tanenbaum, Herbert Bos) (Z-Library)_chunk_934",,bm25
A060,"现代操作系统 (Andrew S. Tanenbaum, Herbert Bos) (Z-Library)_chunk_970",,dense/dense_bm25
A060,"现代操作系统 (Andrew S. Tanenbaum, Herbert Bos) (Z-Library)_chunk_977",,bm25
A060,"现代操作系统 (Andrew S. Tanenbaum, Herbert Bos) (Z-Library)_chunk_98",,dense
A060,计算机网络（原书第7版） 自顶向下方法 (James F. Kurose Keith W. Ross) (Z-Library)_chunk_69,,dense
A060,计算机网络（原书第7版） 自顶向下方法 (James F. Kurose Keith W. Ross) (Z-Library)_chunk_70,,dense
A060,计算机网络（第8版） (谢希仁) (Z-Library)(OCR)_chunk_324,,dense
A061,Python数据结构与算法分析 第3版 (米勒 拉努姆 罗曼) (Z-Library)_chunk_153,,dense/dense_bm25
A061,Python数据结构与算法分析 第3版 (米勒 拉努姆 罗曼) (Z-Library)_chunk_156,,dense/dense_bm25
A061,Python数据结构与算法分析 第3版 (米勒 拉努姆 罗曼) (Z-Library)_chunk_159,,dense
A061,Python数据结构与算法分析 第3版 (米勒 拉努姆 罗曼) (Z-Library)_chunk_160,,dense/dense_bm25
A061,Python数据结构与算法分析 第3版 (米勒 拉努姆 罗曼) (Z-Library)_chunk_162,,dense_bm25
A061,Python数据结构与算法分析 第3版 (米勒 拉努姆 罗曼) (Z-Library)_chunk_163,,bm25/dense_bm25
A061,Python数据结构与算法分析 第3版 (米勒 拉努姆 罗曼) (Z-Library)_chunk_165,,bm25/dense_bm25
A061,Python数据结构与算法分析 第3版 (米勒 拉努姆 罗曼) (Z-Library)_chunk_167,,bm25
A061,Python数据结构与算法分析 第3版 (米勒 拉努姆 罗曼) (Z-Library)_chunk_172,,dense/dense_bm25
A061,"[计算机科学丛书]数据结构与算法 Python语言实现 (Michael T. Goodrich, Roberto Tamassia etc.) (Z-Library)_chunk_505",,bm25/dense/dense_bm25
A061,"[计算机科学丛书]数据结构与算法 Python语言实现 (Michael T. Goodrich, Roberto Tamassia etc.) (Z-Library)_chunk_506",,bm25/tfidf
A061,"[计算机科学丛书]数据结构与算法 Python语言实现 (Michael T. Goodrich, Roberto Tamassia etc.) (Z-Library)_chunk_510",,dense_bm25
A061,"[计算机科学丛书]数据结构与算法 Python语言实现 (Michael T. Goodrich, Roberto Tamassia etc.) (Z-Library)_chunk_514",,bm25/dense/dense_bm25/tfidf
A061,"[计算机科学丛书]数据结构与算法 Python语言实现 (Michael T. Goodrich, Roberto Tamassia etc.) (Z-Library)_chunk_515",,bm25/dense/dense_bm25
A061,"[计算机科学丛书]数据结构与算法 Python语言实现 (Michael T. Goodrich, Roberto Tamassia etc.) (Z-Library)_chunk_517",,bm25
A061,"[计算机科学丛书]数据结构与算法 Python语言实现 (Michael T. Goodrich, Roberto Tamassia etc.) (Z-Library)_chunk_518",,dense/dense_bm25
A061,"[计算机科学丛书]数据结构与算法 Python语言实现 (Michael T. Goodrich, Roberto Tamassia etc.) (Z-Library)_chunk_520",,dense/dense_bm25
A061,"[计算机科学丛书]数据结构与算法 Python语言实现 (Michael T. Goodrich, Roberto Tamassia etc.) (Z-Library)_chunk_523",,dense/dense_bm25
A061,"[计算机科学丛书]数据结构与算法 Python语言实现 (Michael T. Goodrich, Roberto Tamassia etc.) (Z-Library)_chunk_524",,dense_bm25
A061,"[计算机科学丛书]数据结构与算法 Python语言实现 (Michael T. Goodrich, Roberto Tamassia etc.) (Z-Library)_chunk_530",,bm25/dense_bm25/tfidf
A061,"[计算机科学丛书]数据结构与算法 Python语言实现 (Michael T. Goodrich, Roberto Tamassia etc.) (Z-Library)_chunk_531",,bm25/dense/dense_bm25/tfidf
A061,"[计算机科学丛书]数据结构与算法 Python语言实现 (Michael T. Goodrich, Roberto Tamassia etc.) (Z-Library)_chunk_538",,bm25/tfidf
A061,"[计算机科学丛书]数据结构与算法 Python语言实现 (Michael T. Goodrich, Roberto Tamassia etc.) (Z-Library)_chunk_539",,bm25
A061,"[计算机科学丛书]数据结构与算法 Python语言实现 (Michael T. Goodrich, Roberto Tamassia etc.) (Z-Library)_chunk_541",,bm25/tfidf
A061,"[计算机科学丛书]数据结构与算法 Python语言实现 (Michael T. Goodrich, Roberto Tamassia etc.) (Z-Library)_chunk_542",,dense/dense_bm25
A061,"[计算机科学丛书]数据结构与算法 Python语言实现 (Michael T. Goodrich, Roberto Tamassia etc.) (Z-Library)_chunk_762",,bm25
A061,数据结构 (邓俊辉) (Z-Library)_chunk_130,,tfidf
A061,数据结构 (邓俊辉) (Z-Library)_chunk_457,,tfidf
A061,数据结构 (邓俊辉) (Z-Library)_chunk_458,,bm25/dense/dense_bm25/tfidf
A061,数据结构 (邓俊辉) (Z-Library)_chunk_460,,dense/dense_bm25
A061,数据结构 (邓俊辉) (Z-Library)_chunk_90,,dense
A061,数据结构 (邓俊辉) (Z-Library)_chunk_95,,dense/dense_bm25/tfidf
A061,数据结构（C语言版 第2版） (严蔚敏) (Z-Library)_chunk_310,,dense
A061,数据结构（C语言版 第2版） (严蔚敏) (Z-Library)_chunk_311,,dense/dense_bm25/tfidf
A061,数据结构（C语言版 第2版） (严蔚敏) (Z-Library)_chunk_312,,dense/dense_bm25/tfidf
A061,数据结构（C语言版 第2版） (严蔚敏) (Z-Library)_chunk_313,,dense
A061,数据结构（C语言版 第2版） (严蔚敏) (Z-Library)_chunk_314,,tfidf
A061,数据结构（C语言版 第2版） (严蔚敏) (Z-Library)_chunk_317,,dense
A061,数据结构（C语言版 第2版） (严蔚敏) (Z-Library)_chunk_320,,dense
A061,数据结构（C语言版 第2版） (严蔚敏) (Z-Library)_chunk_323,,dense/dense_bm25
A061,数据结构（C语言版 第2版） (严蔚敏) (Z-Library)_chunk_331,,dense
A061,数据结构（C语言版 第2版） (严蔚敏) (Z-Library)_chunk_337,,dense/dense_bm25
A061,数据结构（C语言版 第2版） (严蔚敏) (Z-Library)_chunk_338,,dense/dense_bm25/tfidf
A061,数据结构（C语言版 第2版） (严蔚敏) (Z-Library)_chunk_346,,bm25/dense/dense_bm25/tfidf
A061,数据结构（C语言版 第2版） (严蔚敏) (Z-Library)_chunk_352,,tfidf
A061,数据结构（C语言版 第2版） (严蔚敏) (Z-Library)_chunk_353,,bm25/dense_bm25/tfidf
A061,数据结构（C语言版 第2版） (严蔚敏) (Z-Library)_chunk_354,,bm25/dense/dense_bm25/tfidf
A061,数据结构（C语言版 第2版） (严蔚敏) (Z-Library)_chunk_355,,bm25/dense_bm25/tfidf
A061,数据结构（C语言版 第2版） (严蔚敏) (Z-Library)_chunk_356,,bm25/tfidf
A061,计算机网络（原书第7版） 自顶向下方法 (James F. Kurose Keith W. Ross) (Z-Library)_chunk_39,,dense
A062,2024年王道计算机网络复习指导 (王道计算机) (Z-Library)_chunk_252,,dense_bm25
A062,2024年王道计算机网络复习指导 (王道计算机) (Z-Library)_chunk_52,,tfidf
A062,Operating Systems Three Easy Pieces (Remzi H. Arpaci-Dusseau etc.) (Z-Library)_chunk_303,,dense/dense_bm25
A062,Operating Systems Three Easy Pieces (Remzi H. Arpaci-Dusseau etc.) (Z-Library)_chunk_359,,dense
A062,Operating Systems Three Easy Pieces (Remzi H. Arpaci-Dusseau etc.) (Z-Library)_chunk_363,,dense
A062,Operating Systems Three Easy Pieces (Remzi H. Arpaci-Dusseau etc.) (Z-Library)_chunk_367,,dense/dense_bm25
A062,Operating Systems Three Easy Pieces (Remzi H. Arpaci-Dusseau etc.) (Z-Library)_chunk_374,,dense
A062,Operating Systems Three Easy Pieces (Remzi H. Arpaci-Dusseau etc.) (Z-Library)_chunk_385,,dense
A062,Operating Systems Three Easy Pieces (Remzi H. Arpaci-Dusseau etc.) (Z-Library)_chunk_388,,dense/dense_bm25
A062,Operating Systems Three Easy Pieces (Remzi H. Arpaci-Dusseau etc.) (Z-Library)_chunk_393,,dense/dense_bm25
A062,Operating Systems Three Easy Pieces (Remzi H. Arpaci-Dusseau etc.) (Z-Library)_chunk_412,,dense
A062,Operating Systems Three Easy Pieces (Remzi H. Arpaci-Dusseau etc.) (Z-Library)_chunk_45,,dense
A062,Operating Systems Three Easy Pieces (Remzi H. Arpaci-Dusseau etc.) (Z-Library)_chunk_460,,dense/dense_bm25
A062,Operating Systems Three Easy Pieces (Remzi H. Arpaci-Dusseau etc.) (Z-Library)_chunk_462,,dense/dense_bm25
A062,Operating Systems Three Easy Pieces (Remzi H. Arpaci-Dusseau etc.) (Z-Library)_chunk_489,,dense
A062,Operating Systems Three Easy Pieces (Remzi H. Arpaci-Dusseau etc.) (Z-Library)_chunk_604,,dense
A062,Operating Systems Three Easy Pieces (Remzi H. Arpaci-Dusseau etc.) (Z-Library)_chunk_652,,dense
A062,Operating Systems Three Easy Pieces (Remzi H. Arpaci-Dusseau etc.) (Z-Library)_chunk_657,,dense
A062,Operating Systems Three Easy Pieces (Remzi H. Arpaci-Dusseau etc.) (Z-Library)_chunk_658,,dense
A062,操作系统导论-OSTEP (王海鹏 译) (Z-Library)_chunk_103,,bm25
A062,操作系统导论-OSTEP (王海鹏 译) (Z-Library)_chunk_126,,bm25/dense_bm25/tfidf
A062,操作系统导论-OSTEP (王海鹏 译) (Z-Library)_chunk_129,,dense/dense_bm25
A062,操作系统导论-OSTEP (王海鹏 译) (Z-Library)_chunk_131,,dense_bm25
A062,操作系统导论-OSTEP (王海鹏 译) (Z-Library)_chunk_132,,dense/dense_bm25
A062,操作系统导论-OSTEP (王海鹏 译) (Z-Library)_chunk_133,,bm25/dense_bm25/tfidf
A062,操作系统导论-OSTEP (王海鹏 译) (Z-Library)_chunk_155,,tfidf
A062,操作系统导论-OSTEP (王海鹏 译) (Z-Library)_chunk_156,,dense/dense_bm25
A062,操作系统导论-OSTEP (王海鹏 译) (Z-Library)_chunk_162,,bm25
A062,操作系统导论-OSTEP (王海鹏 译) (Z-Library)_chunk_185,,bm25/dense/dense_bm25
A062,操作系统导论-OSTEP (王海鹏 译) (Z-Library)_chunk_197,,bm25/dense_bm25
A062,操作系统导论-OSTEP (王海鹏 译) (Z-Library)_chunk_226,,dense
A062,操作系统导论-OSTEP (王海鹏 译) (Z-Library)_chunk_231,,bm25
A062,"现代操作系统 (Andrew S. Tanenbaum, Herbert Bos) (Z-Library)_chunk_200",,tfidf
A062,"现代操作系统 (Andrew S. Tanenbaum, Herbert Bos) (Z-Library)_chunk_201",,bm25/dense_bm25/tfidf
A062,"现代操作系统 (Andrew S. Tanenbaum, Herbert Bos) (Z-Library)_chunk_202",,bm25/dense_bm25/tfidf
A062,"现代操作系统 (Andrew S. Tanenbaum, Herbert Bos) (Z-Library)_chunk_203",,bm25/dense/dense_bm25/tfidf
A062,"现代操作系统 (Andrew S. Tanenbaum, Herbert Bos) (Z-Library)_chunk_204",,bm25/tfidf
A062,"现代操作系统 (Andrew S. Tanenbaum, Herbert Bos) (Z-Library)_chunk_205",,bm25/dense/dense_bm25/tfidf
A062,"现代操作系统 (Andrew S. Tanenbaum, Herbert Bos) (Z-Library)_chunk_206",,dense_bm25
A062,"现代操作系统 (Andrew S. Tanenbaum, Herbert Bos) (Z-Library)_chunk_209",,bm25/dense_bm25/tfidf
A062,"现代操作系统 (Andrew S. Tanenbaum, Herbert Bos) (Z-Library)_chunk_233",,bm25
A062,"现代操作系统 (Andrew S. Tanenbaum, Herbert Bos) (Z-Library)_chunk_245",,dense/dense_bm25
A062,"现代操作系统 (Andrew S. Tanenbaum, Herbert Bos) (Z-Library)_chunk_251",,bm25
A062,"现代操作系统 (Andrew S. Tanenbaum, Herbert Bos) (Z-Library)_chunk_255",,bm25/dense/dense_bm25/tfidf
A062,"现代操作系统 (Andrew S. Tanenbaum, Herbert Bos) (Z-Library)_chunk_352",,bm25/dense_bm25/tfidf
A062,"现代操作系统 (Andrew S. Tanenbaum, Herbert Bos) (Z-Library)_chunk_487",,dense
A062,"现代操作系统 (Andrew S. Tanenbaum, Herbert Bos) (Z-Library)_chunk_541",,bm25/dense_bm25/tfidf
A062,"现代操作系统 (Andrew S. Tanenbaum, Herbert Bos) (Z-Library)_chunk_624",,dense/dense_bm25
A062,"现代操作系统 (Andrew S. Tanenbaum, Herbert Bos) (Z-Library)_chunk_729",,dense/dense_bm25
A062,"现代操作系统 (Andrew S. Tanenbaum, Herbert Bos) (Z-Library)_chunk_868",,tfidf
A062,"现代操作系统 (Andrew S. Tanenbaum, Herbert Bos) (Z-Library)_chunk_869",,dense_bm25
A062,"现代操作系统 (Andrew S. Tanenbaum, Herbert Bos) (Z-Library)_chunk_933",,bm25
A062,"计算机网络 (吴功宜,吴英) (Z-Library)(OCR)_chunk_121",,tfidf
A062,"计算机网络 (吴功宜,吴英) (Z-Library)(OCR)_chunk_142",,tfidf
A062,"计算机网络 (吴功宜,吴英) (Z-Library)(OCR)_chunk_160",,dense
A062,计算机网络（原书第7版） 自顶向下方法 (James F. Kurose Keith W. Ross) (Z-Library)_chunk_228,,tfidf
A062,计算机网络（原书第7版） 自顶向下方法 (James F. Kurose Keith W. Ross) (Z-Library)_chunk_398,,tfidf
A062,计算机网络（原书第7版） 自顶向下方法 (James F. Kurose Keith W. Ross) (Z-Library)_chunk_399,,dense_bm25
A062,计算机网络（第8版） (谢希仁) (Z-Library)(OCR)_chunk_166,,bm25/dense_bm25
A062,计算机网络（第8版） (谢希仁) (Z-Library)(OCR)_chunk_492,,tfidf
A063,2024年王道计算机网络复习指导 (王道计算机) (Z-Library)_chunk_123,,bm25
A063,2024年王道计算机网络复习指导 (王道计算机) (Z-Library)_chunk_258,,dense
A063,2024年王道计算机网络复习指导 (王道计算机) (Z-Library)_chunk_52,,bm25
A063,Python数据结构与算法分析 第3版 (米勒 拉努姆 罗曼) (Z-Library)_chunk_108,,bm25
A063,Python数据结构与算法分析 第3版 (米勒 拉努姆 罗曼) (Z-Library)_chunk_114,,tfidf
A063,Python数据结构与算法分析 第3版 (米勒 拉努姆 罗曼) (Z-Library)_chunk_251,,bm25/dense_bm25/tfidf
A063,"[计算机科学丛书]数据结构与算法 Python语言实现 (Michael T. Goodrich, Roberto Tamassia etc.) (Z-Library)_chunk_191",,tfidf
A063,"[计算机科学丛书]数据结构与算法 Python语言实现 (Michael T. Goodrich, Roberto Tamassia etc.) (Z-Library)_chunk_195",,tfidf
A063,"[计算机科学丛书]数据结构与算法 Python语言实现 (Michael T. Goodrich, Roberto Tamassia etc.) (Z-Library)_chunk_196",,tfidf
A063,"[计算机科学丛书]数据结构与算法 Python语言实现 (Michael T. Goodrich, Roberto Tamassia etc.) (Z-Library)_chunk_199",,tfidf
A063,"[计算机科学丛书]数据结构与算法 Python语言实现 (Michael T. Goodrich, Roberto Tamassia etc.) (Z-Library)_chunk_201",,tfidf
A063,"[计算机科学丛书]数据结构与算法 Python语言实现 (Michael T. Goodrich, Roberto Tamassia etc.) (Z-Library)_chunk_202",,tfidf
A063,"[计算机科学丛书]数据结构与算法 Python语言实现 (Michael T. Goodrich, Roberto Tamassia etc.) (Z-Library)_chunk_250",,bm25/dense_bm25/tfidf
A063,"[计算机科学丛书]数据结构与算法 Python语言实现 (Michael T. Goodrich, Roberto Tamassia etc.) (Z-Library)_chunk_251",,dense/dense_bm25
A063,"[计算机科学丛书]数据结构与算法 Python语言实现 (Michael T. Goodrich, Roberto Tamassia etc.) (Z-Library)_chunk_259",,bm25/dense/dense_bm25/tfidf
A063,"[计算机科学丛书]数据结构与算法 Python语言实现 (Michael T. Goodrich, Roberto Tamassia etc.) (Z-Library)_chunk_264",,dense_bm25
A063,"[计算机科学丛书]数据结构与算法 Python语言实现 (Michael T. Goodrich, Roberto Tamassia etc.) (Z-Library)_chunk_290",,bm25/dense/dense_bm25/tfidf
A063,"[计算机科学丛书]数据结构与算法 Python语言实现 (Michael T. Goodrich, Roberto Tamassia etc.) (Z-Library)_chunk_291",,bm25/dense/dense_bm25/tfidf
A063,"[计算机科学丛书]数据结构与算法 Python语言实现 (Michael T. Goodrich, Roberto Tamassia etc.) (Z-Library)_chunk_292",,tfidf
A063,"[计算机科学丛书]数据结构与算法 Python语言实现 (Michael T. Goodrich, Roberto Tamassia etc.) (Z-Library)_chunk_369",,bm25/dense_bm25
A063,"[计算机科学丛书]数据结构与算法 Python语言实现 (Michael T. Goodrich, Roberto Tamassia etc.) (Z-Library)_chunk_653",,bm25/dense_bm25
A063,"[计算机科学丛书]数据结构与算法 Python语言实现 (Michael T. Goodrich, Roberto Tamassia etc.) (Z-Library)_chunk_720",,tfidf
A063,"[计算机科学丛书]数据结构与算法 Python语言实现 (Michael T. Goodrich, Roberto Tamassia etc.) (Z-Library)_chunk_722",,bm25/dense/dense_bm25/tfidf
A063,操作系统导论-OSTEP (王海鹏 译) (Z-Library)_chunk_495,,bm25
A063,数据结构 (邓俊辉) (Z-Library)_chunk_102,,dense
A063,数据结构 (邓俊辉) (Z-Library)_chunk_131,,dense
A063,数据结构 (邓俊辉) (Z-Library)_chunk_159,,dense
A063,数据结构 (邓俊辉) (Z-Library)_chunk_45,,dense
A063,数据结构（C语言版 第2版） (严蔚敏) (Z-Library)_chunk_111,,dense/dense_bm25
A063,数据结构（C语言版 第2版） (严蔚敏) (Z-Library)_chunk_115,,bm25/dense_bm25
A063,数据结构（C语言版 第2版） (严蔚敏) (Z-Library)_chunk_131,,dense/dense_bm25/tfidf
A063,数据结构（C语言版 第2版） (严蔚敏) (Z-Library)_chunk_139,,dense
A063,数据结构（C语言版 第2版） (严蔚敏) (Z-Library)_chunk_143,,bm25/dense_bm25
A063,数据结构（C语言版 第2版） (严蔚敏) (Z-Library)_chunk_162,,dense/dense_bm25
A063,数据结构（C语言版 第2版） (严蔚敏) (Z-Library)_chunk_200,,dense
A063,数据结构（C语言版 第2版） (严蔚敏) (Z-Library)_chunk_216,,dense/dense_bm25
A063,数据结构（C语言版 第2版） (严蔚敏) (Z-Library)_chunk_299,,dense/dense_bm25
A063,数据结构（C语言版 第2版） (严蔚敏) (Z-Library)_chunk_372,,dense/dense_bm25
A063,数据结构（C语言版 第2版） (严蔚敏) (Z-Library)_chunk_39,,dense/dense_bm25
A063,数据结构（C语言版 第2版） (严蔚敏) (Z-Library)_chunk_4,,dense
A063,数据结构（C语言版 第2版） (严蔚敏) (Z-Library)_chunk_40,,dense/dense_bm25
A063,数据结构（C语言版 第2版） (严蔚敏) (Z-Library)_chunk_47,,dense_bm25/tfidf
A063,数据结构（C语言版 第2版） (严蔚敏) (Z-Library)_chunk_49,,dense/dense_bm25
A063,数据结构（C语言版 第2版） (严蔚敏) (Z-Library)_chunk_53,,bm25
A063,数据结构（C语言版 第2版） (严蔚敏) (Z-Library)_chunk_62,,dense/dense_bm25
A063,数据结构（C语言版 第2版） (严蔚敏) (Z-Library)_chunk_65,,bm25/dense/dense_bm25/tfidf
A063,数据结构（C语言版 第2版） (严蔚敏) (Z-Library)_chunk_68,,tfidf
A063,数据结构（C语言版 第2版） (严蔚敏) (Z-Library)_chunk_69,,dense/dense_bm25
A063,数据结构（C语言版 第2版） (严蔚敏) (Z-Library)_chunk_78,,dense
A063,数据结构（C语言版 第2版） (严蔚敏) (Z-Library)_chunk_83,,dense/dense_bm25
A063,数据结构（C语言版 第2版） (严蔚敏) (Z-Library)_chunk_93,,dense
A063,"现代操作系统 (Andrew S. Tanenbaum, Herbert Bos) (Z-Library)_chunk_718",,bm25/dense_bm25/tfidf
A063,"计算机网络 (吴功宜,吴英) (Z-Library)(OCR)_chunk_128",,dense/dense_bm25
A063,计算机网络（原书第7版） 自顶向下方法 (James F. Kurose Keith W. Ross) (Z-Library)_chunk_228,,bm25/dense_bm25
A063,计算机网络（原书第7版） 自顶向下方法 (James F. Kurose Keith W. Ross) (Z-Library)_chunk_285,,dense
A063,计算机网络（第8版） (谢希仁) (Z-Library)(OCR)_chunk_440,,bm25
A063,计算机网络（第8版） (谢希仁) (Z-Library)(OCR)_chunk_492,,bm25/dense_bm25
A064,2024年王道计算机网络复习指导 (王道计算机) (Z-Library)_chunk_353,,bm25/dense/dense_bm25/tfidf
A064,2024年王道计算机网络复习指导 (王道计算机) (Z-Library)_chunk_354,,bm25/dense/dense_bm25/tfidf
A064,2024年王道计算机网络复习指导 (王道计算机) (Z-Library)_chunk_355,,bm25/dense/dense_bm25/tfidf
A064,2024年王道计算机网络复习指导 (王道计算机) (Z-Library)_chunk_356,,dense/dense_bm25
A064,2024年王道计算机网络复习指导 (王道计算机) (Z-Library)_chunk_357,,dense/dense_bm25/tfidf
A064,2024年王道计算机网络复习指导 (王道计算机) (Z-Library)_chunk_358,,dense/dense_bm25/tfidf
A064,2024年王道计算机网络复习指导 (王道计算机) (Z-Library)_chunk_37,,dense/dense_bm25
A064,"计算机网络 (吴功宜,吴英) (Z-Library)(OCR)_chunk_217",,dense_bm25/tfidf
A064,"计算机网络 (吴功宜,吴英) (Z-Library)(OCR)_chunk_218",,dense
A064,"计算机网络 (吴功宜,吴英) (Z-Library)(OCR)_chunk_219",,dense/dense_bm25
A064,"计算机网络 (吴功宜,吴英) (Z-Library)(OCR)_chunk_225",,dense
A064,"计算机网络 (吴功宜,吴英) (Z-Library)(OCR)_chunk_298",,dense/dense_bm25/tfidf
A064,"计算机网络 (吴功宜,吴英) (Z-Library)(OCR)_chunk_299",,bm25/dense/dense_bm25/tfidf
A064,"计算机网络 (吴功宜,吴英) (Z-Library)(OCR)_chunk_304",,bm25/dense/dense_bm25
A064,"计算机网络 (吴功宜,吴英) (Z-Library)(OCR)_chunk_305",,dense/dense_bm25
A064,"计算机网络 (吴功宜,吴英) (Z-Library)(OCR)_chunk_307",,bm25/dense/dense_bm25/tfidf
A064,"计算机网络 (吴功宜,吴英) (Z-Library)(OCR)_chunk_308",,bm25/dense_bm25/tfidf
A064,"计算机网络 (吴功宜,吴英) (Z-Library)(OCR)_chunk_309",,bm25/dense/dense_bm25
A064,"计算机网络 (吴功宜,吴英) (Z-Library)(OCR)_chunk_310",,dense
A064,"计算机网络 (吴功宜,吴英) (Z-Library)(OCR)_chunk_317",,dense
A064,计算机网络（原书第7版） 自顶向下方法 (James F. Kurose Keith W. Ross) (Z-Library)_chunk_206,,dense/dense_bm25
A064,计算机网络（原书第7版） 自顶向下方法 (James F. Kurose Keith W. Ross) (Z-Library)_chunk_207,,dense/dense_bm25
A064,计算机网络（原书第7版） 自顶向下方法 (James F. Kurose Keith W. Ross) (Z-Library)_chunk_209,,dense
A064,计算机网络（原书第7版） 自顶向下方法 (James F. Kurose Keith W. Ross) (Z-Library)_chunk_219,,bm25/dense_bm25/tfidf
A064,计算机网络（原书第7版） 自顶向下方法 (James F. Kurose Keith W. Ross) (Z-Library)_chunk_220,,tfidf
A064,计算机网络（原书第7版） 自顶向下方法 (James F. Kurose Keith W. Ross) (Z-Library)_chunk_221,,dense/dense_bm25
A064,计算机网络（原书第7版） 自顶向下方法 (James F. Kurose Keith W. Ross) (Z-Library)_chunk_222,,bm25/dense/dense_bm25/tfidf
A064,计算机网络（原书第7版） 自顶向下方法 (James F. Kurose Keith W. Ross) (Z-Library)_chunk_223,,bm25/dense/dense_bm25/tfidf
A064,计算机网络（原书第7版） 自顶向下方法 (James F. Kurose Keith W. Ross) (Z-Library)_chunk_228,,bm25
A064,计算机网络（原书第7版） 自顶向下方法 (James F. Kurose Keith W. Ross) (Z-Library)_chunk_230,,bm25
A064,计算机网络（原书第7版） 自顶向下方法 (James F. Kurose Keith W. Ross) (Z-Library)_chunk_350,,bm25/dense_bm25
A064,计算机网络（第8版） (谢希仁) (Z-Library)(OCR)_chunk_187,,bm25/dense/dense_bm25/tfidf
A064,计算机网络（第8版） (谢希仁) (Z-Library)(OCR)_chunk_188,,bm25/dense/dense_bm25/tfidf
A064,计算机网络（第8版） (谢希仁) (Z-Library)(OCR)_chunk_190,,bm25
A064,计算机网络（第8版） (谢希仁) (Z-Library)(OCR)_chunk_191,,dense/dense_bm25/tfidf
A064,计算机网络（第8版） (谢希仁) (Z-Library)(OCR)_chunk_195,,dense/dense_bm25/tfidf
A064,计算机网络（第8版） (谢希仁) (Z-Library)(OCR)_chunk_196,,bm25/dense_bm25/tfidf
A064,计算机网络（第8版） (谢希仁) (Z-Library)(OCR)_chunk_197,,bm25/dense/dense_bm25/tfidf
A064,计算机网络（第8版） (谢希仁) (Z-Library)(OCR)_chunk_198,,dense/dense_bm25
A064,计算机网络（第8版） (谢希仁) (Z-Library)(OCR)_chunk_261,,bm25
A065,2024年王道计算机网络复习指导 (王道计算机) (Z-Library)_chunk_272,,bm25
A065,Operating Systems Three Easy Pieces (Remzi H. Arpaci-Dusseau etc.) (Z-Library)_chunk_935,,dense
A065,Operating Systems Three Easy Pieces (Remzi H. Arpaci-Dusseau etc.) (Z-Library)_chunk_938,,dense
A065,Operating Systems Three Easy Pieces (Remzi H. Arpaci-Dusseau etc.) (Z-Library)_chunk_939,,dense
A065,Operating Systems Three Easy Pieces (Remzi H. Arpaci-Dusseau etc.) (Z-Library)_chunk_940,,dense
A065,操作系统导论-OSTEP (王海鹏 译) (Z-Library)_chunk_256,,dense
A065,操作系统导论-OSTEP (王海鹏 译) (Z-Library)_chunk_268,,dense
A065,操作系统导论-OSTEP (王海鹏 译) (Z-Library)_chunk_333,,bm25/dense/dense_bm25/tfidf
A065,操作系统导论-OSTEP (王海鹏 译) (Z-Library)_chunk_334,,bm25/dense/dense_bm25/tfidf
A065,操作系统导论-OSTEP (王海鹏 译) (Z-Library)_chunk_336,,bm25
A065,操作系统导论-OSTEP (王海鹏 译) (Z-Library)_chunk_337,,bm25/dense/dense_bm25/tfidf
A065,操作系统导论-OSTEP (王海鹏 译) (Z-Library)_chunk_338,,dense_bm25/tfidf
A065,操作系统导论-OSTEP (王海鹏 译) (Z-Library)_chunk_568,,dense_bm25
A065,"现代操作系统 (Andrew S. Tanenbaum, Herbert Bos) (Z-Library)_chunk_440",,tfidf
A065,"现代操作系统 (Andrew S. Tanenbaum, Herbert Bos) (Z-Library)_chunk_444",,dense/dense_bm25/tfidf
A065,"现代操作系统 (Andrew S. Tanenbaum, Herbert Bos) (Z-Library)_chunk_445",,bm25/dense/dense_bm25/tfidf
A065,"现代操作系统 (Andrew S. Tanenbaum, Herbert Bos) (Z-Library)_chunk_447",,tfidf
A065,"现代操作系统 (Andrew S. Tanenbaum, Herbert Bos) (Z-Library)_chunk_448",,bm25/dense/dense_bm25/tfidf
A065,"现代操作系统 (Andrew S. Tanenbaum, Herbert Bos) (Z-Library)_chunk_449",,dense/dense_bm25/tfidf
A065,"现代操作系统 (Andrew S. Tanenbaum, Herbert Bos) (Z-Library)_chunk_452",,dense
A065,"现代操作系统 (Andrew S. Tanenbaum, Herbert Bos) (Z-Library)_chunk_453",,dense/dense_bm25
A065,"现代操作系统 (Andrew S. Tanenbaum, Herbert Bos) (Z-Library)_chunk_454",,dense_bm25
A065,"现代操作系统 (Andrew S. Tanenbaum, Herbert Bos) (Z-Library)_chunk_455",,dense/dense_bm25
A065,"现代操作系统 (Andrew S. Tanenbaum, Herbert Bos) (Z-Library)_chunk_456",,dense/dense_bm25
A065,"现代操作系统 (Andrew S. Tanenbaum, Herbert Bos) (Z-Library)_chunk_457",,dense/dense_bm25
A065,"现代操作系统 (Andrew S. Tanenbaum, Herbert Bos) (Z-Library)_chunk_458",,dense/dense_bm25
A065,"现代操作系统 (Andrew S. Tanenbaum, Herbert Bos) (Z-Library)_chunk_459",,bm25/dense/dense_bm25
A065,"现代操作系统 (Andrew S. Tanenbaum, Herbert Bos) (Z-Library)_chunk_461",,bm25/dense/dense_bm25/tfidf
A065,"现代操作系统 (Andrew S. Tanenbaum, Herbert Bos) (Z-Library)_chunk_462",,dense_bm25
A065,"现代操作系统 (Andrew S. Tanenbaum, Herbert Bos) (Z-Library)_chunk_464",,bm25
A065,"现代操作系统 (Andrew S. Tanenbaum, Herbert Bos) (Z-Library)_chunk_465",,bm25/dense/dense_bm25/tfidf
A065,"现代操作系统 (Andrew S. Tanenbaum, Herbert Bos) (Z-Library)_chunk_466",,bm25/dense/dense_bm25/tfidf
A065,"现代操作系统 (Andrew S. Tanenbaum, Herbert Bos) (Z-Library)_chunk_467",,dense/dense_bm25
A065,"现代操作系统 (Andrew S. Tanenbaum, Herbert Bos) (Z-Library)_chunk_468",,bm25/dense_bm25/tfidf
A065,"现代操作系统 (Andrew S. Tanenbaum, Herbert Bos) (Z-Library)_chunk_469",,bm25/dense/dense_bm25/tfidf
A065,"现代操作系统 (Andrew S. Tanenbaum, Herbert Bos) (Z-Library)_chunk_470",,bm25
A065,"现代操作系统 (Andrew S. Tanenbaum, Herbert Bos) (Z-Library)_chunk_471",,dense/dense_bm25/tfidf
A065,"现代操作系统 (Andrew S. Tanenbaum, Herbert Bos) (Z-Library)_chunk_473",,dense/dense_bm25/tfidf
A065,"现代操作系统 (Andrew S. Tanenbaum, Herbert Bos) (Z-Library)_chunk_474",,bm25
A065,"现代操作系统 (Andrew S. Tanenbaum, Herbert Bos) (Z-Library)_chunk_475",,bm25/dense_bm25/tfidf
A065,"现代操作系统 (Andrew S. Tanenbaum, Herbert Bos) (Z-Library)_chunk_476",,dense/dense_bm25
A065,"现代操作系统 (Andrew S. Tanenbaum, Herbert Bos) (Z-Library)_chunk_477",,tfidf
A065,"现代操作系统 (Andrew S. Tanenbaum, Herbert Bos) (Z-Library)_chunk_525",,bm25/dense_bm25
A065,"现代操作系统 (Andrew S. Tanenbaum, Herbert Bos) (Z-Library)_chunk_91",,bm25/dense_bm25
A065,"现代操作系统 (Andrew S. Tanenbaum, Herbert Bos) (Z-Library)_chunk_974",,bm25/dense/dense_bm25/tfidf
A065,计算机网络（第8版） (谢希仁) (Z-Library)(OCR)_chunk_407,,dense
A066,2024年王道计算机网络复习指导 (王道计算机) (Z-Library)_chunk_118,,dense
A066,2024年王道计算机网络复习指导 (王道计算机) (Z-Library)_chunk_123,,bm25
A066,2024年王道计算机网络复习指导 (王道计算机) (Z-Library)_chunk_17,,dense
A066,2024年王道计算机网络复习指导 (王道计算机) (Z-Library)_chunk_52,,bm25/dense_bm25
A066,Operating Systems Three Easy Pieces (Remzi H. Arpaci-Dusseau etc.) (Z-Library)_chunk_1009,,dense
A066,Operating Systems Three Easy Pieces (Remzi H. Arpaci-Dusseau etc.) (Z-Library)_chunk_1239,,dense/dense_bm25
A066,Operating Systems Three Easy Pieces (Remzi H. Arpaci-Dusseau etc.) (Z-Library)_chunk_1257,,dense
A066,Operating Systems Three Easy Pieces (Remzi H. Arpaci-Dusseau etc.) (Z-Library)_chunk_1259,,dense/dense_bm25
A066,Operating Systems Three Easy Pieces (Remzi H. Arpaci-Dusseau etc.) (Z-Library)_chunk_1263,,dense
A066,Operating Systems Three Easy Pieces (Remzi H. Arpaci-Dusseau etc.) (Z-Library)_chunk_1331,,dense/dense_bm25
A066,Operating Systems Three Easy Pieces (Remzi H. Arpaci-Dusseau etc.) (Z-Library)_chunk_1347,,dense
A066,Operating Systems Three Easy Pieces (Remzi H. Arpaci-Dusseau etc.) (Z-Library)_chunk_1365,,dense
A066,Operating Systems Three Easy Pieces (Remzi H. Arpaci-Dusseau etc.) (Z-Library)_chunk_1367,,dense
A066,Operating Systems Three Easy Pieces (Remzi H. Arpaci-Dusseau etc.) (Z-Library)_chunk_1457,,dense
A066,Operating Systems Three Easy Pieces (Remzi H. Arpaci-Dusseau etc.) (Z-Library)_chunk_1461,,dense
A066,Operating Systems Three Easy Pieces (Remzi H. Arpaci-Dusseau etc.) (Z-Library)_chunk_1537,,dense
A066,Operating Systems Three Easy Pieces (Remzi H. Arpaci-Dusseau etc.) (Z-Library)_chunk_1538,,dense/dense_bm25
A066,Operating Systems Three Easy Pieces (Remzi H. Arpaci-Dusseau etc.) (Z-Library)_chunk_1540,,dense/dense_bm25
A066,Python数据结构与算法分析 第3版 (米勒 拉努姆 罗曼) (Z-Library)_chunk_226,,bm25/tfidf
A066,Python数据结构与算法分析 第3版 (米勒 拉努姆 罗曼) (Z-Library)_chunk_231,,bm25/dense_bm25/tfidf
A066,"[计算机科学丛书]数据结构与算法 Python语言实现 (Michael T. Goodrich, Roberto Tamassia etc.) (Z-Library)_chunk_595",,tfidf
A066,"[计算机科学丛书]数据结构与算法 Python语言实现 (Michael T. Goodrich, Roberto Tamassia etc.) (Z-Library)_chunk_601",,bm25/tfidf
A066,"[计算机科学丛书]数据结构与算法 Python语言实现 (Michael T. Goodrich, Roberto Tamassia etc.) (Z-Library)_chunk_602",,tfidf
A066,"[计算机科学丛书]数据结构与算法 Python语言实现 (Michael T. Goodrich, Roberto Tamassia etc.) (Z-Library)_chunk_603",,bm25/dense_bm25/tfidf
A066,"[计算机科学丛书]数据结构与算法 Python语言实现 (Michael T. Goodrich, Roberto Tamassia etc.) (Z-Library)_chunk_604",,bm25/dense_bm25/tfidf
A066,"[计算机科学丛书]数据结构与算法 Python语言实现 (Michael T. Goodrich, Roberto Tamassia etc.) (Z-Library)_chunk_605",,bm25/dense_bm25/tfidf
A066,"[计算机科学丛书]数据结构与算法 Python语言实现 (Michael T. Goodrich, Roberto Tamassia etc.) (Z-Library)_chunk_634",,bm25
A066,"[计算机科学丛书]数据结构与算法 Python语言实现 (Michael T. Goodrich, Roberto Tamassia etc.) (Z-Library)_chunk_635",,bm25/dense_bm25
A066,"[计算机科学丛书]数据结构与算法 Python语言实现 (Michael T. Goodrich, Roberto Tamassia etc.) (Z-Library)_chunk_636",,bm25/dense_bm25/tfidf
A066,"[计算机科学丛书]数据结构与算法 Python语言实现 (Michael T. Goodrich, Roberto Tamassia etc.) (Z-Library)_chunk_645",,tfidf
A066,"[计算机科学丛书]数据结构与算法 Python语言实现 (Michael T. Goodrich, Roberto Tamassia etc.) (Z-Library)_chunk_653",,dense
A066,操作系统导论-OSTEP (王海鹏 译) (Z-Library)_chunk_101,,bm25
A066,操作系统导论-OSTEP (王海鹏 译) (Z-Library)_chunk_416,,dense
A066,操作系统导论-OSTEP (王海鹏 译) (Z-Library)_chunk_433,,dense/dense_bm25
A066,操作系统导论-OSTEP (王海鹏 译) (Z-Library)_chunk_440,,dense/dense_bm25
A066,操作系统导论-OSTEP (王海鹏 译) (Z-Library)_chunk_500,,dense
A066,数据结构 (邓俊辉) (Z-Library)_chunk_226,,bm25/dense_bm25/tfidf
A066,数据结构 (邓俊辉) (Z-Library)_chunk_228,,tfidf
A066,数据结构 (邓俊辉) (Z-Library)_chunk_229,,tfidf
A066,数据结构 (邓俊辉) (Z-Library)_chunk_230,,tfidf
A066,数据结构 (邓俊辉) (Z-Library)_chunk_233,,bm25/dense_bm25/tfidf
A066,数据结构 (邓俊辉) (Z-Library)_chunk_234,,tfidf
A066,数据结构 (邓俊辉) (Z-Library)_chunk_235,,dense_bm25/tfidf
A066,数据结构 (邓俊辉) (Z-Library)_chunk_240,,tfidf
A066,数据结构 (邓俊辉) (Z-Library)_chunk_242,,bm25/dense_bm25
A066,数据结构 (邓俊辉) (Z-Library)_chunk_243,,bm25/dense_bm25/tfidf
A066,数据结构 (邓俊辉) (Z-Library)_chunk_247,,bm25/dense_bm25/tfidf
A066,"现代操作系统 (Andrew S. Tanenbaum, Herbert Bos) (Z-Library)_chunk_299",,dense
A066,"现代操作系统 (Andrew S. Tanenbaum, Herbert Bos) (Z-Library)_chunk_302",,dense/dense_bm25
A066,"现代操作系统 (Andrew S. Tanenbaum, Herbert Bos) (Z-Library)_chunk_507",,dense/dense_bm25
A066,"现代操作系统 (Andrew S. Tanenbaum, Herbert Bos) (Z-Library)_chunk_749",,dense/dense_bm25
A066,"现代操作系统 (Andrew S. Tanenbaum, Herbert Bos) (Z-Library)_chunk_757",,dense/dense_bm25
A066,"现代操作系统 (Andrew S. Tanenbaum, Herbert Bos) (Z-Library)_chunk_892",,dense/dense_bm25
A066,"现代操作系统 (Andrew S. Tanenbaum, Herbert Bos) (Z-Library)_chunk_98",,dense
A066,计算机网络（原书第7版） 自顶向下方法 (James F. Kurose Keith W. Ross) (Z-Library)_chunk_228,,bm25/dense_bm25
A066,计算机网络（第8版） (谢希仁) (Z-Library)(OCR)_chunk_440,,bm25
A066,计算机网络（第8版） (谢希仁) (Z-Library)(OCR)_chunk_454,,dense/dense_bm25
A066,计算机网络（第8版） (谢希仁) (Z-Library)(OCR)_chunk_455,,dense/dense_bm25
A066,计算机网络（第8版） (谢希仁) (Z-Library)(OCR)_chunk_492,,bm25/dense_bm25
A066,计算机网络（第8版） (谢希仁) (Z-Library)(OCR)_chunk_86,,dense_bm25
