qid,evidence_id,rel,legacy_chunk_id,annotation_source
A001,ev_b1364c95ead3bb57b3b2,2,Operating Systems Three Easy Pieces (Remzi H. Arpaci-Dusseau etc.) (Z-Library)_chunk_937,dense
A001,ev_1918c54622ad00ae4606,2,Operating Systems Three Easy Pieces (Remzi H. Arpaci-Dusseau etc.) (Z-Library)_chunk_938,dense
A001,ev_c986377f1a183bdea29c,1,操作系统导论-OSTEP (王海鹏 译) (Z-Library)_chunk_259,dense
A001,ev_5dc8d754dd71a256cdb8,1,操作系统导论-OSTEP (王海鹏 译) (Z-Library)_chunk_261,dense
A001,ev_d40f1e20f8f4decad708,1,操作系统导论-OSTEP (王海鹏 译) (Z-Library)_chunk_268,dense
A001,ev_6ff6ce1c55ead19c5244,1,操作系统导论-OSTEP (王海鹏 译) (Z-Library)_chunk_296,dense
A001,ev_fb0a823f80558945d6e1,2,操作系统导论-OSTEP (王海鹏 译) (Z-Library)_chunk_333,bm25/dense/dense_bm25/tfidf
A001,ev_f1647dc7c0cfd7f120db,2,操作系统导论-OSTEP (王海鹏 译) (Z-Library)_chunk_334,dense/dense_bm25
A001,ev_f790906411a6d92dbd90,1,操作系统导论-OSTEP (王海鹏 译) (Z-Library)_chunk_337,bm25/dense/dense_bm25/tfidf
A001,ev_dccab22931ba0cdee705,1,操作系统导论-OSTEP (王海鹏 译) (Z-Library)_chunk_338,dense/dense_bm25/tfidf
A001,ev_b05c88a8a69d7cd25f20,1,操作系统导论-OSTEP (王海鹏 译) (Z-Library)_chunk_568,bm25/dense/dense_bm25
A001,ev_9dbec55a66a480461214,1,"现代操作系统 (Andrew S. Tanenbaum, Herbert Bos) (Z-Library)_chunk_440",bm25/dense_bm25/tfidf
A001,ev_e1bb663f2d1c6849f799,1,"现代操作系统 (Andrew S. Tanenbaum, Herbert Bos) (Z-Library)_chunk_444",bm25/dense/dense_bm25/tfidf
A001,ev_67ff0a1c2697eb10ea6f,3,"现代操作系统 (Andrew S. Tanenbaum, Herbert Bos) (Z-Library)_chunk_445",bm25/dense/dense_bm25/tfidf
A001,ev_4cee92c8f5c26a33f19b,1,"现代操作系统 (Andrew S. Tanenbaum, Herbert Bos) (Z-Library)_chunk_446",bm25/dense_bm25
A001,ev_88cd1f850db723547150,1,"现代操作系统 (Andrew S. Tanenbaum, Herbert Bos) (Z-Library)_chunk_447",tfidf
A001,ev_fea55a4f986881756bdd,1,"现代操作系统 (Andrew S. Tanenbaum, Herbert Bos) (Z-Library)_chunk_448",bm25/dense/dense_bm25/tfidf
A001,ev_1b60e19e15dffe5edcc6,1,"现代操作系统 (Andrew S. Tanenbaum, Herbert Bos) (Z-Library)_chunk_449",bm25/dense/dense_bm25/tfidf
A001,ev_2537c98d94a0924163a7,1,"现代操作系统 (Andrew S. Tanenbaum, Herbert Bos) (Z-Library)_chunk_452",dense
A001,ev_b8e7e88cc710232960e0,1,"现代操作系统 (Andrew S. Tanenbaum, Herbert Bos) (Z-Library)_chunk_453",bm25/dense/dense_bm25/tfidf
A001,ev_ba867224d92045c1f180,1,"现代操作系统 (Andrew S. Tanenbaum, Herbert Bos) (Z-Library)_chunk_454",dense_bm25
A001,ev_4ecdf5b67b1b23ae0052,1,"现代操作系统 (Andrew S. Tanenbaum, Herbert Bos) (Z-Library)_chunk_455",dense/dense_bm25
A001,ev_3993407f31148d9a4c11,1,"现代操作系统 (Andrew S. Tanenbaum, Herbert Bos) (Z-Library)_chunk_456",bm25/dense/dense_bm25
A001,ev_434706cfddc243ccf8b9,1,"现代操作系统 (Andrew S. Tanenbaum, Herbert Bos) (Z-Library)_chunk_457",dense/dense_bm25
A001,ev_04e26049c5f9c6dec825,1,"现代操作系统 (Andrew S. Tanenbaum, Herbert Bos) (Z-Library)_chunk_458",dense/dense_bm25
A001,ev_b908f147faaa2b3a0cf0,1,"现代操作系统 (Andrew S. Tanenbaum, Herbert Bos) (Z-Library)_chunk_461",bm25/dense/dense_bm25/tfidf
A001,ev_d0021f0695a27256bc20,1,"现代操作系统 (Andrew S. Tanenbaum, Herbert Bos) (Z-Library)_chunk_465",dense/dense_bm25
A001,ev_ade822ff06c5f27ad6e7,1,"现代操作系统 (Andrew S. Tanenbaum, Herbert Bos) (Z-Library)_chunk_466",bm25/dense/dense_bm25/tfidf
A001,ev_e2dfc6e1b1f33c6a0b8d,1,"现代操作系统 (Andrew S. Tanenbaum, Herbert Bos) (Z-Library)_chunk_467",dense
A001,ev_68bb6d8e578a3b2cfaa1,1,"现代操作系统 (Andrew S. Tanenbaum, Herbert Bos) (Z-Library)_chunk_468",bm25/dense_bm25/tfidf
A001,ev_72b1d9ea17de53bf9201,1,"现代操作系统 (Andrew S. Tanenbaum, Herbert Bos) (Z-Library)_chunk_469",bm25/dense/dense_bm25/tfidf
A001,ev_825da9e816b142848567,1,"现代操作系统 (Andrew S. Tanenbaum, Herbert Bos) (Z-Library)_chunk_470",bm25/dense_bm25
A001,ev_9bd685aa3dfacca48a89,1,"现代操作系统 (Andrew S. Tanenbaum, Herbert Bos) (Z-Library)_chunk_471",bm25/dense/dense_bm25/tfidf
A001,ev_3f6db27bef07099d8b2a,1,"现代操作系统 (Andrew S. Tanenbaum, Herbert Bos) (Z-Library)_chunk_473",dense/dense_bm25/tfidf
A001,ev_f69da20f57e6cf96c946,1,"现代操作系统 (Andrew S. Tanenbaum, Herbert Bos) (Z-Library)_chunk_474",bm25/dense_bm25
A001,ev_fd1853eeba692b035384,1,"现代操作系统 (Andrew S. Tanenbaum, Herbert Bos) (Z-Library)_chunk_475",dense_bm25/tfidf
A001,ev_24af2ce3e7908af3398c,1,"现代操作系统 (Andrew S. Tanenbaum, Herbert Bos) (Z-Library)_chunk_476",dense_bm25
A001,ev_1bd8cd76120805135be0,1,"现代操作系统 (Andrew S. Tanenbaum, Herbert Bos) (Z-Library)_chunk_477",tfidf
A001,ev_ee4810ab502ebb66d7e6,1,"现代操作系统 (Andrew S. Tanenbaum, Herbert Bos) (Z-Library)_chunk_91",bm25/dense/dense_bm25/tfidf
A001,ev_1fdc1ed49ae1c186d51b,1,"现代操作系统 (Andrew S. Tanenbaum, Herbert Bos) (Z-Library)_chunk_974",dense/dense_bm25/tfidf
A001,ev_f231de424bcbdcc65bb4,0,计算机网络（第8版） (谢希仁) (Z-Library)(OCR)_chunk_260,bm25
A002,ev_f10b39eafdb513555fbc,1,2024年王道计算机网络复习指导 (王道计算机) (Z-Library)_chunk_124,tfidf
A002,ev_811b27e2f46b4c9de918,1,2024年王道计算机网络复习指导 (王道计算机) (Z-Library)_chunk_132,bm25
A002,ev_b4ca374ae91f28fa7acf,1,2024年王道计算机网络复习指导 (王道计算机) (Z-Library)_chunk_147,bm25
A002,ev_0c58ea45bbd8883579e3,1,2024年王道计算机网络复习指导 (王道计算机) (Z-Library)_chunk_149,bm25/dense_bm25
A002,ev_7200a50be48377b1e6df,1,2024年王道计算机网络复习指导 (王道计算机) (Z-Library)_chunk_261,bm25/tfidf
A002,ev_b04e9cc1b91fc477fe08,1,2024年王道计算机网络复习指导 (王道计算机) (Z-Library)_chunk_425,bm25/dense/dense_bm25/tfidf
A002,ev_cb268b3f4d4e3a13a9a7,1,2024年王道计算机网络复习指导 (王道计算机) (Z-Library)_chunk_427,dense
A002,ev_a9ec788418a3c417c1f1,1,2024年王道计算机网络复习指导 (王道计算机) (Z-Library)_chunk_428,bm25/dense_bm25/tfidf
A002,ev_43d57d9e6182fb4c543a,1,2024年王道计算机网络复习指导 (王道计算机) (Z-Library)_chunk_429,bm25/dense_bm25
A002,ev_978fe594d1fa720c377b,1,2024年王道计算机网络复习指导 (王道计算机) (Z-Library)_chunk_430,bm25
A002,ev_14b69ef9ade2ff6dc4b9,1,2024年王道计算机网络复习指导 (王道计算机) (Z-Library)_chunk_438,bm25
A002,ev_79d0b16a53bae7a23d55,1,2024年王道计算机网络复习指导 (王道计算机) (Z-Library)_chunk_439,dense_bm25
A002,ev_1b0e6b434c08fa818023,1,2024年王道计算机网络复习指导 (王道计算机) (Z-Library)_chunk_440,dense/dense_bm25/tfidf
A002,ev_ca1b8fd1918f1df7c9b9,1,2024年王道计算机网络复习指导 (王道计算机) (Z-Library)_chunk_443,tfidf
A002,ev_96767742b66f59cc140d,3,2024年王道计算机网络复习指导 (王道计算机) (Z-Library)_chunk_445,bm25/dense_bm25/tfidf
A002,ev_f8157ff88a337beff6a4,1,2024年王道计算机网络复习指导 (王道计算机) (Z-Library)_chunk_449,dense
A002,ev_48f89a9d3da59820e38c,1,2024年王道计算机网络复习指导 (王道计算机) (Z-Library)_chunk_48,bm25
A002,ev_ba328efadfd5950b2d49,1,2024年王道计算机网络复习指导 (王道计算机) (Z-Library)_chunk_489,dense/dense_bm25
A002,ev_a4e8e60fa5f935d57105,1,2024年王道计算机网络复习指导 (王道计算机) (Z-Library)_chunk_522,dense/dense_bm25
A002,ev_88420321ce3d2ab1fdbd,1,2024年王道计算机网络复习指导 (王道计算机) (Z-Library)_chunk_54,bm25/tfidf
A002,ev_a17c86183cc90187797c,1,Operating Systems Three Easy Pieces (Remzi H. Arpaci-Dusseau etc.) (Z-Library)_chunk_1446,dense
A002,ev_a577d5da2ad6f48355eb,1,"现代操作系统 (Andrew S. Tanenbaum, Herbert Bos) (Z-Library)_chunk_562",dense
A002,ev_ec846c63e0a9d59eb9f0,1,"计算机网络 (吴功宜,吴英) (Z-Library)(OCR)_chunk_329",dense_bm25/tfidf
A002,ev_64320e2c5ce40f125378,1,"计算机网络 (吴功宜,吴英) (Z-Library)(OCR)_chunk_331",dense
A002,ev_e27c7a99c1995b556041,1,"计算机网络 (吴功宜,吴英) (Z-Library)(OCR)_chunk_336",dense/dense_bm25/tfidf
A002,ev_979335942472ff240e41,1,"计算机网络 (吴功宜,吴英) (Z-Library)(OCR)_chunk_337",dense_bm25/tfidf
A002,ev_18adeaea7dc94aa191ac,1,"计算机网络 (吴功宜,吴英) (Z-Library)(OCR)_chunk_338",bm25/dense_bm25
A002,ev_58e4d71d12c93437556f,1,"计算机网络 (吴功宜,吴英) (Z-Library)(OCR)_chunk_55",dense/dense_bm25
A002,ev_4c4d0f537c533fe12aa2,1,计算机网络（原书第7版） 自顶向下方法 (James F. Kurose Keith W. Ross) (Z-Library)_chunk_114,dense_bm25
A002,ev_f4c40eeae4809b4b1d87,1,计算机网络（原书第7版） 自顶向下方法 (James F. Kurose Keith W. Ross) (Z-Library)_chunk_118,bm25/dense/dense_bm25/tfidf
A002,ev_ead1280ca4db797fe85f,1,计算机网络（原书第7版） 自顶向下方法 (James F. Kurose Keith W. Ross) (Z-Library)_chunk_122,bm25
A002,ev_7a138a39648935fdb1c5,3,计算机网络（原书第7版） 自顶向下方法 (James F. Kurose Keith W. Ross) (Z-Library)_chunk_137,bm25/dense/dense_bm25/tfidf
A002,ev_938b3ace2522ab2d4f27,1,计算机网络（原书第7版） 自顶向下方法 (James F. Kurose Keith W. Ross) (Z-Library)_chunk_138,dense
A002,ev_b7dad107b180df8f8879,1,计算机网络（原书第7版） 自顶向下方法 (James F. Kurose Keith W. Ross) (Z-Library)_chunk_151,dense/dense_bm25/tfidf
A002,ev_41dbdfa50b94f13a4166,1,计算机网络（原书第7版） 自顶向下方法 (James F. Kurose Keith W. Ross) (Z-Library)_chunk_152,dense
A002,ev_a8e546d49835c39e3742,1,计算机网络（原书第7版） 自顶向下方法 (James F. Kurose Keith W. Ross) (Z-Library)_chunk_161,dense
A002,ev_a2e48289c46fbf212dcf,1,计算机网络（原书第7版） 自顶向下方法 (James F. Kurose Keith W. Ross) (Z-Library)_chunk_167,dense
A002,ev_18385a5d5a9161e085e5,1,计算机网络（原书第7版） 自顶向下方法 (James F. Kurose Keith W. Ross) (Z-Library)_chunk_168,dense_bm25
A002,ev_6d2f0f82e61a8c0b95ac,1,计算机网络（原书第7版） 自顶向下方法 (James F. Kurose Keith W. Ross) (Z-Library)_chunk_169,dense
A002,ev_84f975d623769ac61dd9,1,计算机网络（原书第7版） 自顶向下方法 (James F. Kurose Keith W. Ross) (Z-Library)_chunk_170,bm25/tfidf
A002,ev_fd9de08c38c0511a6dfb,1,计算机网络（原书第7版） 自顶向下方法 (James F. Kurose Keith W. Ross) (Z-Library)_chunk_171,dense
A002,ev_56ee774d00d8d35932fc,1,计算机网络（原书第7版） 自顶向下方法 (James F. Kurose Keith W. Ross) (Z-Library)_chunk_182,tfidf
A002,ev_3d3f4471a53f0f75d728,1,计算机网络（原书第7版） 自顶向下方法 (James F. Kurose Keith W. Ross) (Z-Library)_chunk_183,dense
A002,ev_649d5b38460688920c5b,1,计算机网络（原书第7版） 自顶向下方法 (James F. Kurose Keith W. Ross) (Z-Library)_chunk_185,dense/dense_bm25
A002,ev_17ecc89aa629eaaae877,1,计算机网络（原书第7版） 自顶向下方法 (James F. Kurose Keith W. Ross) (Z-Library)_chunk_587,dense/dense_bm25
A002,ev_fb3c3f840aa1f0bb34b7,1,计算机网络（原书第7版） 自顶向下方法 (James F. Kurose Keith W. Ross) (Z-Library)_chunk_591,bm25/dense_bm25
A002,ev_5b022960accd6855bc87,1,计算机网络（第8版） (谢希仁) (Z-Library)(OCR)_chunk_264,bm25/dense_bm25/tfidf
A002,ev_c4858999b1b5bab956ac,1,计算机网络（第8版） (谢希仁) (Z-Library)(OCR)_chunk_266,dense/dense_bm25
A002,ev_014d614965836c457f88,1,计算机网络（第8版） (谢希仁) (Z-Library)(OCR)_chunk_270,dense_bm25
A002,ev_9af0c6e1221d01a52f97,1,计算机网络（第8版） (谢希仁) (Z-Library)(OCR)_chunk_273,dense/tfidf
A002,ev_368df5c2cd713ba59998,1,计算机网络（第8版） (谢希仁) (Z-Library)(OCR)_chunk_276,dense
A002,ev_89de3ed34311edc05e12,1,计算机网络（第8版） (谢希仁) (Z-Library)(OCR)_chunk_277,dense_bm25/tfidf
A002,ev_8c63004cf0889306e32a,1,计算机网络（第8版） (谢希仁) (Z-Library)(OCR)_chunk_297,dense/dense_bm25
A002,ev_2be4f2065a67d53bf795,1,计算机网络（第8版） (谢希仁) (Z-Library)(OCR)_chunk_309,dense
A002,ev_f4a31913a4395afbf4b2,1,计算机网络（第8版） (谢希仁) (Z-Library)(OCR)_chunk_312,dense
A002,ev_9e213ca83ed261f4d841,1,计算机网络（第8版） (谢希仁) (Z-Library)(OCR)_chunk_314,dense_bm25
A002,ev_90ec91619ba9cdf50530,1,计算机网络（第8版） (谢希仁) (Z-Library)(OCR)_chunk_489,dense/dense_bm25
A002,ev_6fae170c7e86cacd44e1,1,计算机网络（第8版） (谢希仁) (Z-Library)(OCR)_chunk_547,bm25/dense_bm25
A002,ev_c8575bbfdf50e3857a2f,1,计算机网络（第8版） (谢希仁) (Z-Library)(OCR)_chunk_96,tfidf
A003,ev_e25bf05ee2e88dcc05c5,0,2024年王道计算机网络复习指导 (王道计算机) (Z-Library)_chunk_17,bm25/dense_bm25
A003,ev_35d9ce306ee62a18c564,0,2024年王道计算机网络复习指导 (王道计算机) (Z-Library)_chunk_7,tfidf
A003,ev_b7204828f0cecaa48ba7,2,Operating Systems Three Easy Pieces (Remzi H. Arpaci-Dusseau etc.) (Z-Library)_chunk_34,dense
A003,ev_915dc7b911fcac79bef9,2,Operating Systems Three Easy Pieces (Remzi H. Arpaci-Dusseau etc.) (Z-Library)_chunk_35,dense
A003,ev_e445332169e15554ea27,1,操作系统导论-OSTEP (王海鹏 译) (Z-Library)_chunk_108,bm25/dense_bm25/tfidf
A003,ev_157491e992354587eddb,2,操作系统导论-OSTEP (王海鹏 译) (Z-Library)_chunk_11,dense/dense_bm25
A003,ev_9753262108d8e383b3b0,2,操作系统导论-OSTEP (王海鹏 译) (Z-Library)_chunk_13,bm25
A003,ev_42ce0094f444fe0622cc,1,操作系统导论-OSTEP (王海鹏 译) (Z-Library)_chunk_20,dense/dense_bm25
A003,ev_2e106b22622a97a3fc58,1,操作系统导论-OSTEP (王海鹏 译) (Z-Library)_chunk_21,dense
A003,ev_3c29fc18fc1e59637b1e,2,操作系统导论-OSTEP (王海鹏 译) (Z-Library)_chunk_24,dense/dense_bm25
A003,ev_281d84920b83b8f1a549,1,操作系统导论-OSTEP (王海鹏 译) (Z-Library)_chunk_357,dense
A003,ev_d7bdc9b910d3312a5ce4,1,操作系统导论-OSTEP (王海鹏 译) (Z-Library)_chunk_513,tfidf
A003,ev_c63db6d3d32b2d6131b1,1,操作系统导论-OSTEP (王海鹏 译) (Z-Library)_chunk_520,tfidf
A003,ev_5e88b953f44587bb9160,1,操作系统导论-OSTEP (王海鹏 译) (Z-Library)_chunk_53,bm25
A003,ev_6605a3b3095eb13958cf,1,操作系统导论-OSTEP (王海鹏 译) (Z-Library)_chunk_540,bm25/dense_bm25/tfidf
A003,ev_7a64f4a287b6765c2c43,1,操作系统导论-OSTEP (王海鹏 译) (Z-Library)_chunk_55,tfidf
A003,ev_9a68dc59aa59f8d9bea7,1,操作系统导论-OSTEP (王海鹏 译) (Z-Library)_chunk_552,bm25/dense_bm25/tfidf
A003,ev_8b1fac83837791eecf73,3,"现代操作系统 (Andrew S. Tanenbaum, Herbert Bos) (Z-Library)_chunk_11",dense/dense_bm25/tfidf
A003,ev_1f018eb603403fc93a1a,2,"现代操作系统 (Andrew S. Tanenbaum, Herbert Bos) (Z-Library)_chunk_12",dense/dense_bm25
A003,ev_efae5b9475149b03c94d,1,"现代操作系统 (Andrew S. Tanenbaum, Herbert Bos) (Z-Library)_chunk_13",tfidf
A003,ev_6954919c5c8caea10f42,1,"现代操作系统 (Andrew S. Tanenbaum, Herbert Bos) (Z-Library)_chunk_18",dense
A003,ev_9345d173e16e7d45caff,1,"现代操作系统 (Andrew S. Tanenbaum, Herbert Bos) (Z-Library)_chunk_268",bm25
A003,ev_950afd7b5dea28f2ee44,1,"现代操作系统 (Andrew S. Tanenbaum, Herbert Bos) (Z-Library)_chunk_28",dense/dense_bm25
A003,ev_8c12e261ed1fefc4d171,0,"现代操作系统 (Andrew S. Tanenbaum, Herbert Bos) (Z-Library)_chunk_3",bm25
A003,ev_5a1fffef0676859ac0b6,1,"现代操作系统 (Andrew S. Tanenbaum, Herbert Bos) (Z-Library)_chunk_344",dense/dense_bm25
A003,ev_183456c9b9510e7ec8a2,1,"现代操作系统 (Andrew S. Tanenbaum, Herbert Bos) (Z-Library)_chunk_366",bm25/dense_bm25
A003,ev_1588b305999bd4f04b7a,1,"现代操作系统 (Andrew S. Tanenbaum, Herbert Bos) (Z-Library)_chunk_368",bm25
A003,ev_5b81b18108d5d3d38e20,1,"现代操作系统 (Andrew S. Tanenbaum, Herbert Bos) (Z-Library)_chunk_391",dense_bm25
A003,ev_4dae9ef9c1ff2e88e93b,1,"现代操作系统 (Andrew S. Tanenbaum, Herbert Bos) (Z-Library)_chunk_423",dense
A003,ev_92fee6f9eb554f139c33,1,"现代操作系统 (Andrew S. Tanenbaum, Herbert Bos) (Z-Library)_chunk_43",dense/dense_bm25/tfidf
A003,ev_4e20f38aab4a0054a9fe,1,"现代操作系统 (Andrew S. Tanenbaum, Herbert Bos) (Z-Library)_chunk_434",dense
A003,ev_1758cbc9634d0ad3585c,1,"现代操作系统 (Andrew S. Tanenbaum, Herbert Bos) (Z-Library)_chunk_48",dense/dense_bm25
A003,ev_48f1c9b97f53d31a9e96,1,"现代操作系统 (Andrew S. Tanenbaum, Herbert Bos) (Z-Library)_chunk_52",dense/dense_bm25
A003,ev_4333895b82a9f3c6e0fb,1,"现代操作系统 (Andrew S. Tanenbaum, Herbert Bos) (Z-Library)_chunk_522",tfidf
A003,ev_9e87a1d5e0f290d5d0e0,1,"现代操作系统 (Andrew S. Tanenbaum, Herbert Bos) (Z-Library)_chunk_55",dense
A003,ev_ce3de8e6a4339335a001,0,"现代操作系统 (Andrew S. Tanenbaum, Herbert Bos) (Z-Library)_chunk_557",dense
A003,ev_b172c2899c8a20874f15,1,"现代操作系统 (Andrew S. Tanenbaum, Herbert Bos) (Z-Library)_chunk_57",dense_bm25
A003,ev_bd7dcc773c2ead788c12,1,"现代操作系统 (Andrew S. Tanenbaum, Herbert Bos) (Z-Library)_chunk_580",dense
A003,ev_a85e3a178bca0d91186c,1,"现代操作系统 (Andrew S. Tanenbaum, Herbert Bos) (Z-Library)_chunk_63",bm25/dense/dense_bm25/tfidf
A003,ev_6a7f433e385f1a703bcd,1,"现代操作系统 (Andrew S. Tanenbaum, Herbert Bos) (Z-Library)_chunk_683",dense
A003,ev_cb0705fd5c9d6c82926f,1,"现代操作系统 (Andrew S. Tanenbaum, Herbert Bos) (Z-Library)_chunk_693",dense_bm25
A003,ev_754d72e016954507e279,1,"现代操作系统 (Andrew S. Tanenbaum, Herbert Bos) (Z-Library)_chunk_733",dense
A003,ev_da4f7f2e902b8acaee9c,1,"现代操作系统 (Andrew S. Tanenbaum, Herbert Bos) (Z-Library)_chunk_737",tfidf
A003,ev_14733cb426951f6222cd,1,"现代操作系统 (Andrew S. Tanenbaum, Herbert Bos) (Z-Library)_chunk_738",dense
A003,ev_d120ee50d27811ef7eb9,1,"现代操作系统 (Andrew S. Tanenbaum, Herbert Bos) (Z-Library)_chunk_75",dense
A003,ev_5bbf358d07572e878972,1,"现代操作系统 (Andrew S. Tanenbaum, Herbert Bos) (Z-Library)_chunk_8",dense/dense_bm25/tfidf
A003,ev_9a2bb3c2d4ed9b6edafc,1,"现代操作系统 (Andrew S. Tanenbaum, Herbert Bos) (Z-Library)_chunk_825",bm25/dense_bm25
A003,ev_a714deaf2ddb25cfa581,1,"现代操作系统 (Andrew S. Tanenbaum, Herbert Bos) (Z-Library)_chunk_827",dense_bm25
A003,ev_e28387b125f4746d5d16,1,"现代操作系统 (Andrew S. Tanenbaum, Herbert Bos) (Z-Library)_chunk_9",dense_bm25/tfidf
A003,ev_c96aa6bf487529d48b4d,2,"现代操作系统 (Andrew S. Tanenbaum, Herbert Bos) (Z-Library)_chunk_90",dense
A003,ev_870f29ff040163eea5aa,1,"现代操作系统 (Andrew S. Tanenbaum, Herbert Bos) (Z-Library)_chunk_910",bm25/dense_bm25
A003,ev_08a2834d88f906692034,1,"现代操作系统 (Andrew S. Tanenbaum, Herbert Bos) (Z-Library)_chunk_918",tfidf
A003,ev_63a44deac5fc2104b793,1,"现代操作系统 (Andrew S. Tanenbaum, Herbert Bos) (Z-Library)_chunk_920",bm25/dense_bm25/tfidf
A003,ev_12e1d049502fc2206353,1,"现代操作系统 (Andrew S. Tanenbaum, Herbert Bos) (Z-Library)_chunk_922",bm25
A003,ev_f7efc821850118289eb1,1,"现代操作系统 (Andrew S. Tanenbaum, Herbert Bos) (Z-Library)_chunk_927",dense_bm25
A003,ev_ff56efcb5b463e32d8cd,3,"现代操作系统 (Andrew S. Tanenbaum, Herbert Bos) (Z-Library)_chunk_93",dense/dense_bm25/tfidf
A003,ev_1060dcd1a8a5557b2ee5,1,"现代操作系统 (Andrew S. Tanenbaum, Herbert Bos) (Z-Library)_chunk_943",tfidf
A003,ev_28b4dbc594fe2e30924b,0,"现代操作系统 (Andrew S. Tanenbaum, Herbert Bos) (Z-Library)_chunk_969",dense/dense_bm25
A003,ev_2ca5d2a0bf3d81b5029a,1,"现代操作系统 (Andrew S. Tanenbaum, Herbert Bos) (Z-Library)_chunk_99",dense
A003,ev_3564f276adba74f83c45,0,"计算机网络 (吴功宜,吴英) (Z-Library)(OCR)_chunk_317",bm25
A003,ev_2256f9d0e4681ee71e4a,0,"计算机网络 (吴功宜,吴英) (Z-Library)(OCR)_chunk_359",bm25
A003,ev_17093a8828be0cc9ed70,0,"计算机网络 (吴功宜,吴英) (Z-Library)(OCR)_chunk_455",bm25
A003,ev_bb6d07695194a4571f2e,0,计算机网络（原书第7版） 自顶向下方法 (James F. Kurose Keith W. Ross) (Z-Library)_chunk_228,bm25/dense_bm25/tfidf
A003,ev_2e87fbdde458528c9a4a,0,计算机网络（第8版） (谢希仁) (Z-Library)(OCR)_chunk_440,bm25/dense_bm25
A004,ev_99db76ecf0ed5b4ae2e7,1,Operating Systems Three Easy Pieces (Remzi H. Arpaci-Dusseau etc.) (Z-Library)_chunk_103,dense
A004,ev_76e7ffbe1ae1957ba840,0,"[计算机科学丛书]数据结构与算法 Python语言实现 (Michael T. Goodrich, Roberto Tamassia etc.) (Z-Library)_chunk_115",dense/dense_bm25
A004,ev_2ab956f9c9915dc67c66,0,"[计算机科学丛书]数据结构与算法 Python语言实现 (Michael T. Goodrich, Roberto Tamassia etc.) (Z-Library)_chunk_119",dense
A004,ev_891cd55a8fd77500ea21,0,"[计算机科学丛书]数据结构与算法 Python语言实现 (Michael T. Goodrich, Roberto Tamassia etc.) (Z-Library)_chunk_748",dense
A004,ev_56f92bc0122003cb5b72,0,"[计算机科学丛书]数据结构与算法 Python语言实现 (Michael T. Goodrich, Roberto Tamassia etc.) (Z-Library)_chunk_75",dense
A004,ev_6133042c2249ecbef848,0,操作系统导论-OSTEP (王海鹏 译) (Z-Library)_chunk_209,dense
A004,ev_2185411038309c5c2c72,1,操作系统导论-OSTEP (王海鹏 译) (Z-Library)_chunk_28,dense_bm25
A004,ev_0913555f608ecd225bec,1,操作系统导论-OSTEP (王海鹏 译) (Z-Library)_chunk_31,dense/dense_bm25
A004,ev_467f9f4cf133550dfb87,2,操作系统导论-OSTEP (王海鹏 译) (Z-Library)_chunk_546,bm25/dense_bm25/tfidf
A004,ev_5a3316c24fe1bd5ba631,2,操作系统导论-OSTEP (王海鹏 译) (Z-Library)_chunk_65,bm25/dense/dense_bm25/tfidf
A004,ev_56880ad136723521e7ed,2,操作系统导论-OSTEP (王海鹏 译) (Z-Library)_chunk_69,bm25/dense_bm25
A004,ev_a5ccdb7d7b2d1a79f940,2,操作系统导论-OSTEP (王海鹏 译) (Z-Library)_chunk_75,dense_bm25
A004,ev_e74e50254f41e8696d31,1,操作系统导论-OSTEP (王海鹏 译) (Z-Library)_chunk_80,dense_bm25
A004,ev_1769b51c8004c2980844,1,操作系统导论-OSTEP (王海鹏 译) (Z-Library)_chunk_81,dense_bm25
A004,ev_0d351610636aac8a5507,2,操作系统导论-OSTEP (王海鹏 译) (Z-Library)_chunk_87,bm25
A004,ev_9893a411706ba0178ff9,1,操作系统导论-OSTEP (王海鹏 译) (Z-Library)_chunk_97,tfidf
A004,ev_d22a1ac6ce8a9bb3d3d9,0,数据结构 (邓俊辉) (Z-Library)_chunk_141,dense
A004,ev_7d04a951802d4bb434f0,0,数据结构 (邓俊辉) (Z-Library)_chunk_306,dense
A004,ev_62b6faa2adac73cc18f3,0,数据结构（C语言版 第2版） (严蔚敏) (Z-Library)_chunk_12,bm25
A004,ev_96f3909be864e8d98c2f,0,数据结构（C语言版 第2版） (严蔚敏) (Z-Library)_chunk_314,bm25/dense_bm25
A004,ev_8e02a1682f78deb0e5e6,1,"现代操作系统 (Andrew S. Tanenbaum, Herbert Bos) (Z-Library)_chunk_101",dense
A004,ev_a76c7468c6c46deffffe,1,"现代操作系统 (Andrew S. Tanenbaum, Herbert Bos) (Z-Library)_chunk_104",dense/tfidf
A004,ev_d1a0fd35b5c996b19e2a,1,"现代操作系统 (Andrew S. Tanenbaum, Herbert Bos) (Z-Library)_chunk_107",dense/tfidf
A004,ev_5da1b557bfef500c2762,1,"现代操作系统 (Andrew S. Tanenbaum, Herbert Bos) (Z-Library)_chunk_108",dense/dense_bm25/tfidf
A004,ev_fa6aa95c65ec1e2f8d13,1,"现代操作系统 (Andrew S. Tanenbaum, Herbert Bos) (Z-Library)_chunk_109",bm25/dense/dense_bm25/tfidf
A004,ev_d441089fd6a0212932d0,1,"现代操作系统 (Andrew S. Tanenbaum, Herbert Bos) (Z-Library)_chunk_110",dense/dense_bm25
A004,ev_1e8e3b96d3885ac323d0,2,"现代操作系统 (Andrew S. Tanenbaum, Herbert Bos) (Z-Library)_chunk_111",dense
A004,ev_668a0f19eaf50b7186d5,1,"现代操作系统 (Andrew S. Tanenbaum, Herbert Bos) (Z-Library)_chunk_156",bm25/dense_bm25/tfidf
A004,ev_39d7f4870fe46fb00fa9,1,"现代操作系统 (Andrew S. Tanenbaum, Herbert Bos) (Z-Library)_chunk_159",dense_bm25/tfidf
A004,ev_e2c264b6ab498750058e,3,"现代操作系统 (Andrew S. Tanenbaum, Herbert Bos) (Z-Library)_chunk_160",dense/dense_bm25
A004,ev_33d82c409c1c16d84fba,2,"现代操作系统 (Andrew S. Tanenbaum, Herbert Bos) (Z-Library)_chunk_161",dense/dense_bm25
A004,ev_bd8ae94ae45d04f247b7,2,"现代操作系统 (Andrew S. Tanenbaum, Herbert Bos) (Z-Library)_chunk_162",bm25/dense_bm25/tfidf
A004,ev_8a78dbf90086f1ac4637,2,"现代操作系统 (Andrew S. Tanenbaum, Herbert Bos) (Z-Library)_chunk_163",dense_bm25
A004,ev_bf15f63dbdd0a72c8b1f,1,"现代操作系统 (Andrew S. Tanenbaum, Herbert Bos) (Z-Library)_chunk_165",bm25/tfidf
A004,ev_1116bfa2235f5be572f7,1,"现代操作系统 (Andrew S. Tanenbaum, Herbert Bos) (Z-Library)_chunk_166",dense_bm25
A004,ev_c5fb1367a2463c3a92c8,2,"现代操作系统 (Andrew S. Tanenbaum, Herbert Bos) (Z-Library)_chunk_169",bm25/tfidf
A004,ev_f9a5c3b6971b5532f90d,1,"现代操作系统 (Andrew S. Tanenbaum, Herbert Bos) (Z-Library)_chunk_171",bm25/dense/dense_bm25/tfidf
A004,ev_db4310f91437a227cf54,1,"现代操作系统 (Andrew S. Tanenbaum, Herbert Bos) (Z-Library)_chunk_172",bm25/dense/dense_bm25
A004,ev_5888b4cd36f6c61d5250,2,"现代操作系统 (Andrew S. Tanenbaum, Herbert Bos) (Z-Library)_chunk_177",bm25/dense/dense_bm25/tfidf
A004,ev_c2fa9343a48a4a48df18,1,"现代操作系统 (Andrew S. Tanenbaum, Herbert Bos) (Z-Library)_chunk_181",dense
A004,ev_b44680491eeac923cf09,2,"现代操作系统 (Andrew S. Tanenbaum, Herbert Bos) (Z-Library)_chunk_182",dense/dense_bm25
A004,ev_a5c09a3ebb0604224ca3,2,"现代操作系统 (Andrew S. Tanenbaum, Herbert Bos) (Z-Library)_chunk_183",dense_bm25
A004,ev_913456f7e27a1a1e57cb,1,"现代操作系统 (Andrew S. Tanenbaum, Herbert Bos) (Z-Library)_chunk_184",dense
A004,ev_4cee92c8f5c26a33f19b,1,"现代操作系统 (Andrew S. Tanenbaum, Herbert Bos) (Z-Library)_chunk_446",dense
A004,ev_834ce816b626b8612914,1,"现代操作系统 (Andrew S. Tanenbaum, Herbert Bos) (Z-Library)_chunk_49",tfidf
A004,ev_3474f9c78434ac1a0166,1,"现代操作系统 (Andrew S. Tanenbaum, Herbert Bos) (Z-Library)_chunk_529",dense
A004,ev_9b78846a0772458239cd,1,"现代操作系统 (Andrew S. Tanenbaum, Herbert Bos) (Z-Library)_chunk_530",dense_bm25
A004,ev_a18445914e4bd050933a,1,"现代操作系统 (Andrew S. Tanenbaum, Herbert Bos) (Z-Library)_chunk_552",bm25/tfidf
A004,ev_1fc83bf1e8ec732e54c4,1,"现代操作系统 (Andrew S. Tanenbaum, Herbert Bos) (Z-Library)_chunk_553",tfidf
A004,ev_b4e29d33f1327c7b7fcf,1,"现代操作系统 (Andrew S. Tanenbaum, Herbert Bos) (Z-Library)_chunk_704",tfidf
A004,ev_e580ee62dbbeaa80450b,1,"现代操作系统 (Andrew S. Tanenbaum, Herbert Bos) (Z-Library)_chunk_711",bm25
A004,ev_855b34272856649b91fd,1,"现代操作系统 (Andrew S. Tanenbaum, Herbert Bos) (Z-Library)_chunk_718",dense_bm25
A004,ev_ff8e9e4bbce084ba76e0,1,"现代操作系统 (Andrew S. Tanenbaum, Herbert Bos) (Z-Library)_chunk_719",tfidf
A004,ev_33420a0020218372baa2,1,"现代操作系统 (Andrew S. Tanenbaum, Herbert Bos) (Z-Library)_chunk_795",dense_bm25
A004,ev_00c943b6b4f8a3b45e72,1,"现代操作系统 (Andrew S. Tanenbaum, Herbert Bos) (Z-Library)_chunk_836",bm25/dense/dense_bm25
A004,ev_580b978f59815f2f5b9d,1,"现代操作系统 (Andrew S. Tanenbaum, Herbert Bos) (Z-Library)_chunk_847",dense/dense_bm25
A004,ev_814f6d60470c7d0d92f8,1,"现代操作系统 (Andrew S. Tanenbaum, Herbert Bos) (Z-Library)_chunk_865",bm25
A004,ev_0e6d534b38e4b0268d76,1,"计算机网络 (吴功宜,吴英) (Z-Library)(OCR)_chunk_316",bm25
A004,ev_c1278e72691f8a312752,0,"计算机网络 (吴功宜,吴英) (Z-Library)(OCR)_chunk_43",dense
A004,ev_c02cd825087622cf8a42,0,"计算机网络 (吴功宜,吴英) (Z-Library)(OCR)_chunk_449",bm25
A004,ev_ca9cf14044e7e580ed24,0,"计算机网络 (吴功宜,吴英) (Z-Library)(OCR)_chunk_450",tfidf
A005,ev_a58fa80783fddf3c5b90,0,Python数据结构与算法分析 第3版 (米勒 拉努姆 罗曼) (Z-Library)_chunk_176,dense
A005,ev_514fee3c9f8683ac6a54,0,Python数据结构与算法分析 第3版 (米勒 拉努姆 罗曼) (Z-Library)_chunk_180,dense
A005,ev_b3db2c73e7fcc9abb8ca,0,Python数据结构与算法分析 第3版 (米勒 拉努姆 罗曼) (Z-Library)_chunk_190,tfidf
A005,ev_0e461e16d5bbb0c24cbf,0,Python数据结构与算法分析 第3版 (米勒 拉努姆 罗曼) (Z-Library)_chunk_194,bm25/dense_bm25
A005,ev_c80685eb585badaa0a99,0,"[计算机科学丛书]数据结构与算法 Python语言实现 (Michael T. Goodrich, Roberto Tamassia etc.) (Z-Library)_chunk_145",tfidf
A005,ev_80b34a9dd9e03e62e25d,0,"[计算机科学丛书]数据结构与算法 Python语言实现 (Michael T. Goodrich, Roberto Tamassia etc.) (Z-Library)_chunk_305",dense
A005,ev_c0c556c2545b92cf3f28,0,"[计算机科学丛书]数据结构与算法 Python语言实现 (Michael T. Goodrich, Roberto Tamassia etc.) (Z-Library)_chunk_308",dense_bm25
A005,ev_3c07322ffc3e6df22bd7,0,"[计算机科学丛书]数据结构与算法 Python语言实现 (Michael T. Goodrich, Roberto Tamassia etc.) (Z-Library)_chunk_325",dense
A005,ev_42bc1c8562add831591b,0,"[计算机科学丛书]数据结构与算法 Python语言实现 (Michael T. Goodrich, Roberto Tamassia etc.) (Z-Library)_chunk_364",dense_bm25
A005,ev_1b744ceba90b4bfee333,0,"[计算机科学丛书]数据结构与算法 Python语言实现 (Michael T. Goodrich, Roberto Tamassia etc.) (Z-Library)_chunk_466",dense_bm25
A005,ev_2b75963db79172100a87,3,"[计算机科学丛书]数据结构与算法 Python语言实现 (Michael T. Goodrich, Roberto Tamassia etc.) (Z-Library)_chunk_490",bm25/dense/dense_bm25/tfidf
A005,ev_df7a06b73d57113fa31a,1,"[计算机科学丛书]数据结构与算法 Python语言实现 (Michael T. Goodrich, Roberto Tamassia etc.) (Z-Library)_chunk_492",bm25/dense/dense_bm25/tfidf
A005,ev_e8dd5187d23e55d58117,1,"[计算机科学丛书]数据结构与算法 Python语言实现 (Michael T. Goodrich, Roberto Tamassia etc.) (Z-Library)_chunk_493",dense/dense_bm25
A005,ev_3239721d692b90ed232f,1,"[计算机科学丛书]数据结构与算法 Python语言实现 (Michael T. Goodrich, Roberto Tamassia etc.) (Z-Library)_chunk_494",dense/dense_bm25
A005,ev_dadbd70de37084c4594e,1,"[计算机科学丛书]数据结构与算法 Python语言实现 (Michael T. Goodrich, Roberto Tamassia etc.) (Z-Library)_chunk_496",dense/dense_bm25
A005,ev_2957a85f016863edc858,1,"[计算机科学丛书]数据结构与算法 Python语言实现 (Michael T. Goodrich, Roberto Tamassia etc.) (Z-Library)_chunk_497",bm25/dense/dense_bm25/tfidf
A005,ev_bf7517162b7a6dda7a7e,0,"[计算机科学丛书]数据结构与算法 Python语言实现 (Michael T. Goodrich, Roberto Tamassia etc.) (Z-Library)_chunk_580",dense
A005,ev_b2070ae4218b7388194d,1,"[计算机科学丛书]数据结构与算法 Python语言实现 (Michael T. Goodrich, Roberto Tamassia etc.) (Z-Library)_chunk_752",dense/dense_bm25
A005,ev_2d53ff67ba2b4c9713ba,1,"[计算机科学丛书]数据结构与算法 Python语言实现 (Michael T. Goodrich, Roberto Tamassia etc.) (Z-Library)_chunk_753",bm25/dense_bm25/tfidf
A005,ev_13a27447af0a20306993,1,"[计算机科学丛书]数据结构与算法 Python语言实现 (Michael T. Goodrich, Roberto Tamassia etc.) (Z-Library)_chunk_754",bm25/dense/dense_bm25/tfidf
A005,ev_ed836299f97307fe59e3,1,"[计算机科学丛书]数据结构与算法 Python语言实现 (Michael T. Goodrich, Roberto Tamassia etc.) (Z-Library)_chunk_757",dense/dense_bm25
A005,ev_f699e7d5fa1fcdda56f7,0,操作系统导论-OSTEP (王海鹏 译) (Z-Library)_chunk_466,tfidf
A005,ev_bbb3784fe82a49cfc8c2,0,数据结构 (邓俊辉) (Z-Library)_chunk_160,dense
A005,ev_346f5064dfba3e5e717c,0,数据结构 (邓俊辉) (Z-Library)_chunk_274,dense_bm25
A005,ev_fda6eef37c720f2777d5,1,数据结构 (邓俊辉) (Z-Library)_chunk_288,dense_bm25/tfidf
A005,ev_a88c2d7aedb207d11ec2,3,数据结构 (邓俊辉) (Z-Library)_chunk_322,bm25/dense/dense_bm25
A005,ev_88ed8769eac728f50709,1,数据结构 (邓俊辉) (Z-Library)_chunk_323,bm25/dense/dense_bm25/tfidf
A005,ev_e845a2ad873b87bd65df,1,数据结构 (邓俊辉) (Z-Library)_chunk_324,bm25/tfidf
A005,ev_78578ac349f927df5f5a,1,数据结构 (邓俊辉) (Z-Library)_chunk_326,bm25/dense_bm25/tfidf
A005,ev_5fd2bc2c90dd97594c01,1,数据结构 (邓俊辉) (Z-Library)_chunk_327,bm25/dense_bm25/tfidf
A005,ev_1960c854d8cdf9b0ecbe,1,数据结构 (邓俊辉) (Z-Library)_chunk_328,bm25/dense/dense_bm25/tfidf
A005,ev_ca87a2ab2a6324fe7f88,1,数据结构 (邓俊辉) (Z-Library)_chunk_333,bm25/dense_bm25/tfidf
A005,ev_668a6284712dd4f5d9a8,1,数据结构 (邓俊辉) (Z-Library)_chunk_334,dense/dense_bm25/tfidf
A005,ev_ce318a4ab6e37f27d07c,0,数据结构（C语言版 第2版） (严蔚敏) (Z-Library)_chunk_135,bm25
A005,ev_35917f159870920cb2d5,0,数据结构（C语言版 第2版） (严蔚敏) (Z-Library)_chunk_148,dense
A005,ev_7a94de1e443de0d5767e,0,数据结构（C语言版 第2版） (严蔚敏) (Z-Library)_chunk_150,dense
A005,ev_837c03c05ce1a04d4141,0,数据结构（C语言版 第2版） (严蔚敏) (Z-Library)_chunk_151,dense/dense_bm25
A005,ev_b344d4d1d736c2491f6c,0,数据结构（C语言版 第2版） (严蔚敏) (Z-Library)_chunk_158,bm25/dense_bm25/tfidf
A005,ev_0f1ce2ac4c8bcb2d1987,0,数据结构（C语言版 第2版） (严蔚敏) (Z-Library)_chunk_159,dense/dense_bm25
A005,ev_89a0b754b0da456dbc3e,0,数据结构（C语言版 第2版） (严蔚敏) (Z-Library)_chunk_178,dense/dense_bm25
A005,ev_3c0fd5873ceaa26f595e,0,数据结构（C语言版 第2版） (严蔚敏) (Z-Library)_chunk_181,dense
A005,ev_71821879e67025091337,0,数据结构（C语言版 第2版） (严蔚敏) (Z-Library)_chunk_183,dense
A005,ev_c5b6118b980082034a5d,0,数据结构（C语言版 第2版） (严蔚敏) (Z-Library)_chunk_184,dense
A005,ev_0893483adc5ca0bb9cc8,0,数据结构（C语言版 第2版） (严蔚敏) (Z-Library)_chunk_197,dense
A005,ev_79a9512f84927907e5d0,0,数据结构（C语言版 第2版） (严蔚敏) (Z-Library)_chunk_268,dense
A005,ev_237e9df74c192ca8b092,0,数据结构（C语言版 第2版） (严蔚敏) (Z-Library)_chunk_335,dense
A005,ev_e43b6cc8077739817b08,0,"现代操作系统 (Andrew S. Tanenbaum, Herbert Bos) (Z-Library)_chunk_170",bm25/dense_bm25/tfidf
A005,ev_14c0f89ff0f636ea0d2c,0,"现代操作系统 (Andrew S. Tanenbaum, Herbert Bos) (Z-Library)_chunk_267",bm25
A005,ev_12b1b006c707c10694b1,0,"现代操作系统 (Andrew S. Tanenbaum, Herbert Bos) (Z-Library)_chunk_46",bm25/tfidf
A005,ev_331f59c802a6f2be4fff,0,"现代操作系统 (Andrew S. Tanenbaum, Herbert Bos) (Z-Library)_chunk_511",tfidf
A005,ev_9c9f9819f6e6bb7363d0,0,"现代操作系统 (Andrew S. Tanenbaum, Herbert Bos) (Z-Library)_chunk_676",bm25/dense_bm25
A005,ev_648e172127b2f361b520,0,计算机网络（原书第7版） 自顶向下方法 (James F. Kurose Keith W. Ross) (Z-Library)_chunk_455,bm25/dense_bm25
A006,ev_0b543287bc0277be78b6,0,2024年王道计算机网络复习指导 (王道计算机) (Z-Library)_chunk_113,tfidf
A006,ev_a6c4e02a205f0fae0d1f,0,2024年王道计算机网络复习指导 (王道计算机) (Z-Library)_chunk_389,bm25
A006,ev_edd3ec34b20fe4f55e45,0,Python数据结构与算法分析 第3版 (米勒 拉努姆 罗曼) (Z-Library)_chunk_175,dense
A006,ev_a58fa80783fddf3c5b90,0,Python数据结构与算法分析 第3版 (米勒 拉努姆 罗曼) (Z-Library)_chunk_176,dense
A006,ev_514fee3c9f8683ac6a54,0,Python数据结构与算法分析 第3版 (米勒 拉努姆 罗曼) (Z-Library)_chunk_180,dense_bm25
A006,ev_60191b208c5173fa541c,0,Python数据结构与算法分析 第3版 (米勒 拉努姆 罗曼) (Z-Library)_chunk_207,bm25
A006,ev_32d506ee07da1894ee5c,0,Python数据结构与算法分析 第3版 (米勒 拉努姆 罗曼) (Z-Library)_chunk_237,bm25
A006,ev_8e380b29e429717ac10e,0,Python数据结构与算法分析 第3版 (米勒 拉努姆 罗曼) (Z-Library)_chunk_325,dense
A006,ev_4a9deb9af83a87be653f,0,"[计算机科学丛书]数据结构与算法 Python语言实现 (Michael T. Goodrich, Roberto Tamassia etc.) (Z-Library)_chunk_304",dense
A006,ev_80b34a9dd9e03e62e25d,0,"[计算机科学丛书]数据结构与算法 Python语言实现 (Michael T. Goodrich, Roberto Tamassia etc.) (Z-Library)_chunk_305",dense
A006,ev_c0c556c2545b92cf3f28,0,"[计算机科学丛书]数据结构与算法 Python语言实现 (Michael T. Goodrich, Roberto Tamassia etc.) (Z-Library)_chunk_308",dense
A006,ev_9f9b7a9a5d9dbc2abd54,0,"[计算机科学丛书]数据结构与算法 Python语言实现 (Michael T. Goodrich, Roberto Tamassia etc.) (Z-Library)_chunk_340",dense_bm25
A006,ev_53903940fe7fc5828cfe,0,"[计算机科学丛书]数据结构与算法 Python语言实现 (Michael T. Goodrich, Roberto Tamassia etc.) (Z-Library)_chunk_346",dense_bm25
A006,ev_1b7353f4f4304d433698,0,"[计算机科学丛书]数据结构与算法 Python语言实现 (Michael T. Goodrich, Roberto Tamassia etc.) (Z-Library)_chunk_350",tfidf
A006,ev_1a66351262e6e184d0be,0,"[计算机科学丛书]数据结构与算法 Python语言实现 (Michael T. Goodrich, Roberto Tamassia etc.) (Z-Library)_chunk_351",dense_bm25
A006,ev_b3c081662924a7055c72,0,"[计算机科学丛书]数据结构与算法 Python语言实现 (Michael T. Goodrich, Roberto Tamassia etc.) (Z-Library)_chunk_460",tfidf
A006,ev_780486c94715747ab471,0,"[计算机科学丛书]数据结构与算法 Python语言实现 (Michael T. Goodrich, Roberto Tamassia etc.) (Z-Library)_chunk_483",dense_bm25
A006,ev_e15cee492aa068c5b2e3,0,"[计算机科学丛书]数据结构与算法 Python语言实现 (Michael T. Goodrich, Roberto Tamassia etc.) (Z-Library)_chunk_489",dense/tfidf
A006,ev_2b75963db79172100a87,0,"[计算机科学丛书]数据结构与算法 Python语言实现 (Michael T. Goodrich, Roberto Tamassia etc.) (Z-Library)_chunk_490",dense_bm25
A006,ev_85bd8f943bbcfcf1c50c,0,"[计算机科学丛书]数据结构与算法 Python语言实现 (Michael T. Goodrich, Roberto Tamassia etc.) (Z-Library)_chunk_568",tfidf
A006,ev_bf7517162b7a6dda7a7e,0,"[计算机科学丛书]数据结构与算法 Python语言实现 (Michael T. Goodrich, Roberto Tamassia etc.) (Z-Library)_chunk_580",dense
A006,ev_d60a626010518c76b956,0,"[计算机科学丛书]数据结构与算法 Python语言实现 (Michael T. Goodrich, Roberto Tamassia etc.) (Z-Library)_chunk_604",dense_bm25
A006,ev_1a3283e1b9ca1eb2041d,0,"[计算机科学丛书]数据结构与算法 Python语言实现 (Michael T. Goodrich, Roberto Tamassia etc.) (Z-Library)_chunk_654",dense_bm25/tfidf
A006,ev_143b58edbed7f48e093b,0,"[计算机科学丛书]数据结构与算法 Python语言实现 (Michael T. Goodrich, Roberto Tamassia etc.) (Z-Library)_chunk_655",bm25/tfidf
A006,ev_8d738ef16ecce0eeb984,0,"[计算机科学丛书]数据结构与算法 Python语言实现 (Michael T. Goodrich, Roberto Tamassia etc.) (Z-Library)_chunk_656",bm25/dense/dense_bm25/tfidf
A006,ev_86e6262e6d7cf789680c,0,"[计算机科学丛书]数据结构与算法 Python语言实现 (Michael T. Goodrich, Roberto Tamassia etc.) (Z-Library)_chunk_662",dense
A006,ev_ce9fc55b7020434c5892,0,"[计算机科学丛书]数据结构与算法 Python语言实现 (Michael T. Goodrich, Roberto Tamassia etc.) (Z-Library)_chunk_693",tfidf
A006,ev_706b946353c06e99a89d,0,"[计算机科学丛书]数据结构与算法 Python语言实现 (Michael T. Goodrich, Roberto Tamassia etc.) (Z-Library)_chunk_732",dense_bm25
A006,ev_bbb3784fe82a49cfc8c2,0,数据结构 (邓俊辉) (Z-Library)_chunk_160,dense
A006,ev_b7e02d4ad4e00fcb4fe9,0,数据结构 (邓俊辉) (Z-Library)_chunk_162,dense
A006,ev_29ce69fed20fb819167f,0,数据结构 (邓俊辉) (Z-Library)_chunk_198,dense_bm25
A006,ev_a49d8771594e47e15504,0,数据结构 (邓俊辉) (Z-Library)_chunk_278,dense_bm25
A006,ev_fda6eef37c720f2777d5,1,数据结构 (邓俊辉) (Z-Library)_chunk_288,bm25
A006,ev_b056a74f426fab5cfe3b,1,数据结构 (邓俊辉) (Z-Library)_chunk_300,bm25
A006,ev_00ef629ef861cfc6136d,3,数据结构 (邓俊辉) (Z-Library)_chunk_301,bm25/dense/dense_bm25/tfidf
A006,ev_ac4aeaab800507103f20,1,数据结构 (邓俊辉) (Z-Library)_chunk_302,tfidf
A006,ev_7d04a951802d4bb434f0,2,数据结构 (邓俊辉) (Z-Library)_chunk_306,bm25/tfidf
A006,ev_78490874dabd28a849af,1,数据结构 (邓俊辉) (Z-Library)_chunk_311,bm25
A006,ev_88ed8769eac728f50709,0,数据结构 (邓俊辉) (Z-Library)_chunk_323,dense/dense_bm25
A006,ev_1960c854d8cdf9b0ecbe,0,数据结构 (邓俊辉) (Z-Library)_chunk_328,dense_bm25
A006,ev_668a6284712dd4f5d9a8,0,数据结构 (邓俊辉) (Z-Library)_chunk_334,dense_bm25
A006,ev_52a14e05dc41ef8a6fb2,0,数据结构 (邓俊辉) (Z-Library)_chunk_342,bm25
A006,ev_35917f159870920cb2d5,0,数据结构（C语言版 第2版） (严蔚敏) (Z-Library)_chunk_148,bm25/dense/dense_bm25/tfidf
A006,ev_7da756e15796c99e31e6,0,数据结构（C语言版 第2版） (严蔚敏) (Z-Library)_chunk_149,bm25/dense/dense_bm25/tfidf
A006,ev_7a94de1e443de0d5767e,0,数据结构（C语言版 第2版） (严蔚敏) (Z-Library)_chunk_150,dense
A006,ev_837c03c05ce1a04d4141,0,数据结构（C语言版 第2版） (严蔚敏) (Z-Library)_chunk_151,dense/dense_bm25
A006,ev_b8e828943af0246d2387,0,数据结构（C语言版 第2版） (严蔚敏) (Z-Library)_chunk_156,dense
A006,ev_b344d4d1d736c2491f6c,0,数据结构（C语言版 第2版） (严蔚敏) (Z-Library)_chunk_158,dense
A006,ev_0f1ce2ac4c8bcb2d1987,0,数据结构（C语言版 第2版） (严蔚敏) (Z-Library)_chunk_159,dense
A006,ev_aea6fa625ba937d6e4e3,0,数据结构（C语言版 第2版） (严蔚敏) (Z-Library)_chunk_168,dense/dense_bm25
A006,ev_89a0b754b0da456dbc3e,0,数据结构（C语言版 第2版） (严蔚敏) (Z-Library)_chunk_178,dense
A006,ev_ee94ad69e838a664df2d,0,数据结构（C语言版 第2版） (严蔚敏) (Z-Library)_chunk_179,dense
A006,ev_871532f13136e5a7bc52,0,数据结构（C语言版 第2版） (严蔚敏) (Z-Library)_chunk_180,dense/dense_bm25
A006,ev_3c0fd5873ceaa26f595e,0,数据结构（C语言版 第2版） (严蔚敏) (Z-Library)_chunk_181,dense
A006,ev_71821879e67025091337,0,数据结构（C语言版 第2版） (严蔚敏) (Z-Library)_chunk_183,dense_bm25
A006,ev_4a6ab48904ec20e85d07,0,数据结构（C语言版 第2版） (严蔚敏) (Z-Library)_chunk_196,dense_bm25
A006,ev_0893483adc5ca0bb9cc8,0,数据结构（C语言版 第2版） (严蔚敏) (Z-Library)_chunk_197,dense/dense_bm25
A006,ev_8026f78a9e81abe63563,0,数据结构（C语言版 第2版） (严蔚敏) (Z-Library)_chunk_270,tfidf
A006,ev_0e4cf690d6b7dc7eff42,0,数据结构（C语言版 第2版） (严蔚敏) (Z-Library)_chunk_278,dense_bm25
A006,ev_f7b91457ec34cd16eeab,3,数据结构（C语言版 第2版） (严蔚敏) (Z-Library)_chunk_281,bm25/dense_bm25/tfidf
A006,ev_a7702a66c04ab01e53cf,2,数据结构（C语言版 第2版） (严蔚敏) (Z-Library)_chunk_282,bm25/dense/dense_bm25
A006,ev_326c260576cf74284570,2,数据结构（C语言版 第2版） (严蔚敏) (Z-Library)_chunk_284,bm25/tfidf
A006,ev_55c80a86a5cf79289241,2,数据结构（C语言版 第2版） (严蔚敏) (Z-Library)_chunk_286,bm25
A006,ev_7fef2c49d77934ca8e7b,3,数据结构（C语言版 第2版） (严蔚敏) (Z-Library)_chunk_288,bm25/dense/dense_bm25/tfidf
A006,ev_96961025e6cf28038a9e,1,数据结构（C语言版 第2版） (严蔚敏) (Z-Library)_chunk_304,bm25/dense_bm25/tfidf
A006,ev_66989a435ef1916e3cab,1,数据结构（C语言版 第2版） (严蔚敏) (Z-Library)_chunk_307,bm25/dense/dense_bm25/tfidf
A007,ev_794f5dd9f8a06e6a51b0,1,2024年王道计算机网络复习指导 (王道计算机) (Z-Library)_chunk_272,tfidf
A007,ev_b04e9cc1b91fc477fe08,1,2024年王道计算机网络复习指导 (王道计算机) (Z-Library)_chunk_425,dense
A007,ev_cb268b3f4d4e3a13a9a7,1,2024年王道计算机网络复习指导 (王道计算机) (Z-Library)_chunk_427,dense_bm25
A007,ev_1b0e6b434c08fa818023,1,2024年王道计算机网络复习指导 (王道计算机) (Z-Library)_chunk_440,tfidf
A007,ev_ca1b8fd1918f1df7c9b9,1,2024年王道计算机网络复习指导 (王道计算机) (Z-Library)_chunk_443,dense
A007,ev_96767742b66f59cc140d,1,2024年王道计算机网络复习指导 (王道计算机) (Z-Library)_chunk_445,dense
A007,ev_f8157ff88a337beff6a4,1,2024年王道计算机网络复习指导 (王道计算机) (Z-Library)_chunk_449,dense/dense_bm25
A007,ev_8524cb2e1abc13dc2036,3,2024年王道计算机网络复习指导 (王道计算机) (Z-Library)_chunk_450,bm25/dense/dense_bm25/tfidf
A007,ev_f5860509f2934a19abb1,2,2024年王道计算机网络复习指导 (王道计算机) (Z-Library)_chunk_451,bm25/tfidf
A007,ev_60756c0059ab9fd08d68,1,2024年王道计算机网络复习指导 (王道计算机) (Z-Library)_chunk_455,dense_bm25
A007,ev_0d620fc7339f7a5a4a22,1,2024年王道计算机网络复习指导 (王道计算机) (Z-Library)_chunk_456,dense
A007,ev_f1854b6443a6a4a55d88,1,2024年王道计算机网络复习指导 (王道计算机) (Z-Library)_chunk_457,dense_bm25
A007,ev_529101be21bf0312c566,1,2024年王道计算机网络复习指导 (王道计算机) (Z-Library)_chunk_458,bm25/dense_bm25
A007,ev_162c579fd145d33e4402,1,2024年王道计算机网络复习指导 (王道计算机) (Z-Library)_chunk_471,bm25
A007,ev_a577d5da2ad6f48355eb,1,"现代操作系统 (Andrew S. Tanenbaum, Herbert Bos) (Z-Library)_chunk_562",dense
A007,ev_ec846c63e0a9d59eb9f0,1,"计算机网络 (吴功宜,吴英) (Z-Library)(OCR)_chunk_329",bm25/dense_bm25/tfidf
A007,ev_64320e2c5ce40f125378,1,"计算机网络 (吴功宜,吴英) (Z-Library)(OCR)_chunk_331",dense_bm25
A007,ev_e27c7a99c1995b556041,1,"计算机网络 (吴功宜,吴英) (Z-Library)(OCR)_chunk_336",dense/dense_bm25
A007,ev_979335942472ff240e41,1,"计算机网络 (吴功宜,吴英) (Z-Library)(OCR)_chunk_337",dense
A007,ev_8c2fa9fe31794cf597ed,1,"计算机网络 (吴功宜,吴英) (Z-Library)(OCR)_chunk_343",dense/dense_bm25
A007,ev_fa34d4c5bf898cf26195,2,"计算机网络 (吴功宜,吴英) (Z-Library)(OCR)_chunk_347",bm25/tfidf
A007,ev_b0852f019f2f3d85a728,2,"计算机网络 (吴功宜,吴英) (Z-Library)(OCR)_chunk_348",bm25/dense_bm25/tfidf
A007,ev_93181d9b274a8e0af2d1,2,"计算机网络 (吴功宜,吴英) (Z-Library)(OCR)_chunk_349",bm25
A007,ev_58e4d71d12c93437556f,1,"计算机网络 (吴功宜,吴英) (Z-Library)(OCR)_chunk_55",dense/dense_bm25
A007,ev_4c4d0f537c533fe12aa2,0,计算机网络（原书第7版） 自顶向下方法 (James F. Kurose Keith W. Ross) (Z-Library)_chunk_114,dense_bm25
A007,ev_907425cbedbc09b94403,0,计算机网络（原书第7版） 自顶向下方法 (James F. Kurose Keith W. Ross) (Z-Library)_chunk_115,bm25/dense_bm25/tfidf
A007,ev_7a138a39648935fdb1c5,1,计算机网络（原书第7版） 自顶向下方法 (James F. Kurose Keith W. Ross) (Z-Library)_chunk_137,dense
A007,ev_938b3ace2522ab2d4f27,1,计算机网络（原书第7版） 自顶向下方法 (James F. Kurose Keith W. Ross) (Z-Library)_chunk_138,dense
A007,ev_b7dad107b180df8f8879,1,计算机网络（原书第7版） 自顶向下方法 (James F. Kurose Keith W. Ross) (Z-Library)_chunk_151,dense
A007,ev_41dbdfa50b94f13a4166,1,计算机网络（原书第7版） 自顶向下方法 (James F. Kurose Keith W. Ross) (Z-Library)_chunk_152,dense
A007,ev_2b32fde7e15bb07df1de,1,计算机网络（原书第7版） 自顶向下方法 (James F. Kurose Keith W. Ross) (Z-Library)_chunk_155,bm25/dense/dense_bm25/tfidf
A007,ev_8cfe2537a886e5137e38,1,计算机网络（原书第7版） 自顶向下方法 (James F. Kurose Keith W. Ross) (Z-Library)_chunk_160,bm25/dense/dense_bm25/tfidf
A007,ev_a8e546d49835c39e3742,1,计算机网络（原书第7版） 自顶向下方法 (James F. Kurose Keith W. Ross) (Z-Library)_chunk_161,bm25/dense/dense_bm25
A007,ev_6cf563ae2887572b4885,1,计算机网络（原书第7版） 自顶向下方法 (James F. Kurose Keith W. Ross) (Z-Library)_chunk_162,bm25/dense_bm25/tfidf
A007,ev_4fe941a8b504fb986eca,3,计算机网络（原书第7版） 自顶向下方法 (James F. Kurose Keith W. Ross) (Z-Library)_chunk_165,bm25/dense/dense_bm25/tfidf
A007,ev_488cd94c6cd17bf0b297,1,计算机网络（原书第7版） 自顶向下方法 (James F. Kurose Keith W. Ross) (Z-Library)_chunk_166,bm25/tfidf
A007,ev_a2e48289c46fbf212dcf,1,计算机网络（原书第7版） 自顶向下方法 (James F. Kurose Keith W. Ross) (Z-Library)_chunk_167,dense/dense_bm25
A007,ev_18385a5d5a9161e085e5,1,计算机网络（原书第7版） 自顶向下方法 (James F. Kurose Keith W. Ross) (Z-Library)_chunk_168,bm25
A007,ev_6d2f0f82e61a8c0b95ac,1,计算机网络（原书第7版） 自顶向下方法 (James F. Kurose Keith W. Ross) (Z-Library)_chunk_169,bm25/dense/dense_bm25/tfidf
A007,ev_fd9de08c38c0511a6dfb,0,计算机网络（原书第7版） 自顶向下方法 (James F. Kurose Keith W. Ross) (Z-Library)_chunk_171,dense/dense_bm25
A007,ev_c8b57f5829e30157c115,1,计算机网络（原书第7版） 自顶向下方法 (James F. Kurose Keith W. Ross) (Z-Library)_chunk_184,bm25
A007,ev_649d5b38460688920c5b,1,计算机网络（原书第7版） 自顶向下方法 (James F. Kurose Keith W. Ross) (Z-Library)_chunk_185,dense_bm25
A007,ev_55aaf2b07dab252a45d2,1,计算机网络（原书第7版） 自顶向下方法 (James F. Kurose Keith W. Ross) (Z-Library)_chunk_396,bm25/tfidf
A007,ev_5b022960accd6855bc87,1,计算机网络（第8版） (谢希仁) (Z-Library)(OCR)_chunk_264,dense/dense_bm25
A007,ev_9af0c6e1221d01a52f97,1,计算机网络（第8版） (谢希仁) (Z-Library)(OCR)_chunk_273,dense
A007,ev_c08e3c6da0da227ba6cb,1,计算机网络（第8版） (谢希仁) (Z-Library)(OCR)_chunk_274,dense
A007,ev_8c63004cf0889306e32a,1,计算机网络（第8版） (谢希仁) (Z-Library)(OCR)_chunk_297,dense
A007,ev_7abe8f0fda724a5767a0,1,计算机网络（第8版） (谢希仁) (Z-Library)(OCR)_chunk_299,dense/dense_bm25
A007,ev_3f1303affa537f432571,1,计算机网络（第8版） (谢希仁) (Z-Library)(OCR)_chunk_301,tfidf
A007,ev_f15c5ea824fa8702d48e,3,计算机网络（第8版） (谢希仁) (Z-Library)(OCR)_chunk_302,dense/dense_bm25/tfidf
A007,ev_ad4703ef3a704ac11816,2,计算机网络（第8版） (谢希仁) (Z-Library)(OCR)_chunk_303,tfidf
A007,ev_07599c1f056a637648ae,1,计算机网络（第8版） (谢希仁) (Z-Library)(OCR)_chunk_307,dense_bm25
A007,ev_2be4f2065a67d53bf795,1,计算机网络（第8版） (谢希仁) (Z-Library)(OCR)_chunk_309,dense/dense_bm25
A007,ev_f4a31913a4395afbf4b2,1,计算机网络（第8版） (谢希仁) (Z-Library)(OCR)_chunk_312,dense
A007,ev_38ccdeaab67f2d4375a1,1,计算机网络（第8版） (谢希仁) (Z-Library)(OCR)_chunk_319,bm25/tfidf
A007,ev_007e8db91ba8eb2b8452,1,计算机网络（第8版） (谢希仁) (Z-Library)(OCR)_chunk_323,dense_bm25
A007,ev_5420445b5471bfd243f5,1,计算机网络（第8版） (谢希仁) (Z-Library)(OCR)_chunk_488,tfidf
A007,ev_6fae170c7e86cacd44e1,1,计算机网络（第8版） (谢希仁) (Z-Library)(OCR)_chunk_547,dense_bm25
A008,ev_274121698f420b0ceca6,0,2024年王道计算机网络复习指导 (王道计算机) (Z-Library)_chunk_280,dense
A008,ev_fb9e7d2c62c1072dec2d,2,Operating Systems Three Easy Pieces (Remzi H. Arpaci-Dusseau etc.) (Z-Library)_chunk_627,dense/dense_bm25
A008,ev_1ccab1bf73199f4e8f5f,1,Operating Systems Three Easy Pieces (Remzi H. Arpaci-Dusseau etc.) (Z-Library)_chunk_635,dense/dense_bm25
A008,ev_cd0afec8ccc47e3898ef,0,Python数据结构与算法分析 第3版 (米勒 拉努姆 罗曼) (Z-Library)_chunk_136,dense/dense_bm25
A008,ev_6ea598cca8cf79ee7881,0,Python数据结构与算法分析 第3版 (米勒 拉努姆 罗曼) (Z-Library)_chunk_239,dense/dense_bm25
A008,ev_0eb57d18b882e0955330,0,Python数据结构与算法分析 第3版 (米勒 拉努姆 罗曼) (Z-Library)_chunk_70,dense
A008,ev_026c5ca70ce16bd33415,0,"[计算机科学丛书]数据结构与算法 Python语言实现 (Michael T. Goodrich, Roberto Tamassia etc.) (Z-Library)_chunk_184",dense
A008,ev_71378d36427fb9ee7a14,0,"[计算机科学丛书]数据结构与算法 Python语言实现 (Michael T. Goodrich, Roberto Tamassia etc.) (Z-Library)_chunk_575",dense
A008,ev_232ea4c4a060bdec3b63,2,"[计算机科学丛书]数据结构与算法 Python语言实现 (Michael T. Goodrich, Roberto Tamassia etc.) (Z-Library)_chunk_651",bm25/dense_bm25/tfidf
A008,ev_0269df5724f583a4ba62,1,"[计算机科学丛书]数据结构与算法 Python语言实现 (Michael T. Goodrich, Roberto Tamassia etc.) (Z-Library)_chunk_661",dense/dense_bm25
A008,ev_e259d71851fa3b98e402,1,操作系统导论-OSTEP (王海鹏 译) (Z-Library)_chunk_159,dense_bm25
A008,ev_fbfd12a9c61b60fae0b3,1,操作系统导论-OSTEP (王海鹏 译) (Z-Library)_chunk_216,dense
A008,ev_bda95d2646bc0ff40709,0,数据结构 (邓俊辉) (Z-Library)_chunk_13,dense
A008,ev_1516f057ea08a2a1af24,0,数据结构 (邓俊辉) (Z-Library)_chunk_180,dense
A008,ev_38b8155d6296781576bf,0,数据结构 (邓俊辉) (Z-Library)_chunk_3,dense/dense_bm25
A008,ev_1d38e3ef04da4bcfd538,0,数据结构 (邓俊辉) (Z-Library)_chunk_38,dense
A008,ev_cd84dcd4610eb52142ec,0,数据结构 (邓俊辉) (Z-Library)_chunk_4,dense
A008,ev_647bd03f22e76733cda8,0,数据结构 (邓俊辉) (Z-Library)_chunk_51,dense
A008,ev_1bd52f54bad884fba2e9,0,数据结构（C语言版 第2版） (严蔚敏) (Z-Library)_chunk_165,dense
A008,ev_43f802ea6fee3fa4c585,1,"现代操作系统 (Andrew S. Tanenbaum, Herbert Bos) (Z-Library)_chunk_204",dense_bm25
A008,ev_9da19be4412517aaca20,1,"现代操作系统 (Andrew S. Tanenbaum, Herbert Bos) (Z-Library)_chunk_211",bm25/dense/dense_bm25/tfidf
A008,ev_f94698249082b4b24306,2,"现代操作系统 (Andrew S. Tanenbaum, Herbert Bos) (Z-Library)_chunk_212",bm25/dense/dense_bm25/tfidf
A008,ev_e8475d6c43216ce9bfb4,2,"现代操作系统 (Andrew S. Tanenbaum, Herbert Bos) (Z-Library)_chunk_213",dense/dense_bm25
A008,ev_5a139f09709f3756e2a5,2,"现代操作系统 (Andrew S. Tanenbaum, Herbert Bos) (Z-Library)_chunk_214",bm25/dense/dense_bm25/tfidf
A008,ev_802b4ee12de35a45f0ba,2,"现代操作系统 (Andrew S. Tanenbaum, Herbert Bos) (Z-Library)_chunk_215",bm25/dense/dense_bm25/tfidf
A008,ev_7d4291d42e48e1bcb788,2,"现代操作系统 (Andrew S. Tanenbaum, Herbert Bos) (Z-Library)_chunk_216",bm25/dense/dense_bm25/tfidf
A008,ev_ef9bc4ad12ea817b74ef,2,"现代操作系统 (Andrew S. Tanenbaum, Herbert Bos) (Z-Library)_chunk_217",bm25/dense_bm25/tfidf
A008,ev_582b83a3fb5464e94a23,1,"现代操作系统 (Andrew S. Tanenbaum, Herbert Bos) (Z-Library)_chunk_218",bm25/dense_bm25/tfidf
A008,ev_803e5cd3083a4e076ca8,2,"现代操作系统 (Andrew S. Tanenbaum, Herbert Bos) (Z-Library)_chunk_219",dense/dense_bm25
A008,ev_ded27ec6e24da5d4c21b,1,"现代操作系统 (Andrew S. Tanenbaum, Herbert Bos) (Z-Library)_chunk_221",bm25/dense_bm25
A008,ev_d9f786f909f9130a3c34,1,"现代操作系统 (Andrew S. Tanenbaum, Herbert Bos) (Z-Library)_chunk_222",bm25/tfidf
A008,ev_ca4e529bde7117781533,2,"现代操作系统 (Andrew S. Tanenbaum, Herbert Bos) (Z-Library)_chunk_223",bm25/tfidf
A008,ev_ce1b48fdd0fcf7d071fa,3,"现代操作系统 (Andrew S. Tanenbaum, Herbert Bos) (Z-Library)_chunk_224",bm25/dense/dense_bm25/tfidf
A008,ev_50cc87e7149c4e00abe0,1,"现代操作系统 (Andrew S. Tanenbaum, Herbert Bos) (Z-Library)_chunk_225",bm25/dense_bm25/tfidf
A008,ev_0db6febe250ad7846dfd,1,"现代操作系统 (Andrew S. Tanenbaum, Herbert Bos) (Z-Library)_chunk_226",bm25/dense_bm25/tfidf
A008,ev_6d1a1c03145cd8e8e210,0,"现代操作系统 (Andrew S. Tanenbaum, Herbert Bos) (Z-Library)_chunk_228",tfidf
A008,ev_ecbe43d89a4698edeac2,1,"现代操作系统 (Andrew S. Tanenbaum, Herbert Bos) (Z-Library)_chunk_237",dense_bm25
A008,ev_2e12b5e37c610553a0a8,0,"现代操作系统 (Andrew S. Tanenbaum, Herbert Bos) (Z-Library)_chunk_243",bm25/tfidf
A008,ev_f1278e395e83d31199fe,0,"现代操作系统 (Andrew S. Tanenbaum, Herbert Bos) (Z-Library)_chunk_244",dense/dense_bm25
A008,ev_f833c60430f8e35ea71e,1,"现代操作系统 (Andrew S. Tanenbaum, Herbert Bos) (Z-Library)_chunk_259",bm25/dense_bm25
A008,ev_ad7e3613250aee08a5c6,1,"现代操作系统 (Andrew S. Tanenbaum, Herbert Bos) (Z-Library)_chunk_260",bm25/dense/dense_bm25/tfidf
A008,ev_e89da6993695c6adef67,1,"现代操作系统 (Andrew S. Tanenbaum, Herbert Bos) (Z-Library)_chunk_261",bm25/dense_bm25/tfidf
A008,ev_2fdd64a6437b176f44e1,1,"现代操作系统 (Andrew S. Tanenbaum, Herbert Bos) (Z-Library)_chunk_262",bm25/dense_bm25/tfidf
A008,ev_86761f9be0fd0c839674,0,"现代操作系统 (Andrew S. Tanenbaum, Herbert Bos) (Z-Library)_chunk_870",tfidf
A008,ev_ae3109baf9f59bcd51b3,0,"现代操作系统 (Andrew S. Tanenbaum, Herbert Bos) (Z-Library)_chunk_879",dense_bm25/tfidf
A008,ev_02ffb6367ade0fb2e721,1,"现代操作系统 (Andrew S. Tanenbaum, Herbert Bos) (Z-Library)_chunk_971",bm25
A008,ev_1f194a184d21ed507666,0,"计算机网络 (吴功宜,吴英) (Z-Library)(OCR)_chunk_246",dense
A008,ev_3aa26a4a18286ff26e4b,0,计算机网络（第8版） (谢希仁) (Z-Library)(OCR)_chunk_181,dense
A008,ev_46d17aabc3015cf30e15,0,计算机网络（第8版） (谢希仁) (Z-Library)(OCR)_chunk_342,dense/dense_bm25
A009,ev_0c494070eaf2c27f63f3,0,Operating Systems Three Easy Pieces (Remzi H. Arpaci-Dusseau etc.) (Z-Library)_chunk_310,dense/dense_bm25
A009,ev_b3fc4400c78e4a2fd9b4,1,Operating Systems Three Easy Pieces (Remzi H. Arpaci-Dusseau etc.) (Z-Library)_chunk_403,dense
A009,ev_e6a8cb2159d29fee437c,0,"[计算机科学丛书]数据结构与算法 Python语言实现 (Michael T. Goodrich, Roberto Tamassia etc.) (Z-Library)_chunk_166",dense
A009,ev_49182ad252ff82678aa9,0,"[计算机科学丛书]数据结构与算法 Python语言实现 (Michael T. Goodrich, Roberto Tamassia etc.) (Z-Library)_chunk_181",bm25/dense_bm25/tfidf
A009,ev_44fe0f0e4adae5441ceb,0,"[计算机科学丛书]数据结构与算法 Python语言实现 (Michael T. Goodrich, Roberto Tamassia etc.) (Z-Library)_chunk_520",dense
A009,ev_f139fc9b0db6eb988d26,1,"[计算机科学丛书]数据结构与算法 Python语言实现 (Michael T. Goodrich, Roberto Tamassia etc.) (Z-Library)_chunk_640",dense_bm25
A009,ev_a8f32cb159cd8c454fab,1,"[计算机科学丛书]数据结构与算法 Python语言实现 (Michael T. Goodrich, Roberto Tamassia etc.) (Z-Library)_chunk_641",dense/tfidf
A009,ev_7164d5ea44d0835791d1,3,"[计算机科学丛书]数据结构与算法 Python语言实现 (Michael T. Goodrich, Roberto Tamassia etc.) (Z-Library)_chunk_642",bm25/tfidf
A009,ev_ba0fe56fb68bd9e68b79,0,"[计算机科学丛书]数据结构与算法 Python语言实现 (Michael T. Goodrich, Roberto Tamassia etc.) (Z-Library)_chunk_657",dense
A009,ev_92ac4f3a8228ed12675f,0,操作系统导论-OSTEP (王海鹏 译) (Z-Library)_chunk_105,tfidf
A009,ev_64be3809d973fa4cbf1a,0,操作系统导论-OSTEP (王海鹏 译) (Z-Library)_chunk_107,dense_bm25
A009,ev_157491e992354587eddb,0,操作系统导论-OSTEP (王海鹏 译) (Z-Library)_chunk_11,dense/dense_bm25
A009,ev_12d80b796b0eb91caf7a,0,操作系统导论-OSTEP (王海鹏 译) (Z-Library)_chunk_116,bm25
A009,ev_5fcbc6cbdde89fdc9ade,0,操作系统导论-OSTEP (王海鹏 译) (Z-Library)_chunk_117,bm25/dense_bm25/tfidf
A009,ev_4cdf76e3e0646bdcb9ac,0,操作系统导论-OSTEP (王海鹏 译) (Z-Library)_chunk_118,bm25/dense_bm25/tfidf
A009,ev_65224cd7abc0c2612d9e,1,操作系统导论-OSTEP (王海鹏 译) (Z-Library)_chunk_128,dense_bm25/tfidf
A009,ev_8d25f055b00280a1140c,0,操作系统导论-OSTEP (王海鹏 译) (Z-Library)_chunk_134,bm25/dense_bm25
A009,ev_96456b5e7659bae344f3,1,操作系统导论-OSTEP (王海鹏 译) (Z-Library)_chunk_136,bm25/dense_bm25/tfidf
A009,ev_8e82d9c18805d0afa734,3,操作系统导论-OSTEP (王海鹏 译) (Z-Library)_chunk_137,bm25
A009,ev_ed2894b4358c0431fdd2,3,操作系统导论-OSTEP (王海鹏 译) (Z-Library)_chunk_149,dense/dense_bm25
A009,ev_80ecd2897e2d0045113d,0,操作系统导论-OSTEP (王海鹏 译) (Z-Library)_chunk_15,bm25
A009,ev_5b0437656f598d1b45c6,1,操作系统导论-OSTEP (王海鹏 译) (Z-Library)_chunk_151,bm25/dense/dense_bm25
A009,ev_935596445d3df9441171,0,操作系统导论-OSTEP (王海鹏 译) (Z-Library)_chunk_157,tfidf
A009,ev_56511b554e53ba0eb6f9,0,操作系统导论-OSTEP (王海鹏 译) (Z-Library)_chunk_158,bm25
A009,ev_4f9b6d7f9533c0d00b38,0,操作系统导论-OSTEP (王海鹏 译) (Z-Library)_chunk_205,bm25/tfidf
A009,ev_1fb88f3e40c938509de5,0,操作系统导论-OSTEP (王海鹏 译) (Z-Library)_chunk_30,bm25/tfidf
A009,ev_b309238ba5c3f358dcca,0,操作系统导论-OSTEP (王海鹏 译) (Z-Library)_chunk_33,dense
A009,ev_9a68dc59aa59f8d9bea7,1,操作系统导论-OSTEP (王海鹏 译) (Z-Library)_chunk_552,dense/dense_bm25/tfidf
A009,ev_52b30e03135114a0e9c0,1,操作系统导论-OSTEP (王海鹏 译) (Z-Library)_chunk_553,dense
A009,ev_ab74a83c30e27538fe1a,0,数据结构（C语言版 第2版） (严蔚敏) (Z-Library)_chunk_73,dense
A009,ev_1f018eb603403fc93a1a,0,"现代操作系统 (Andrew S. Tanenbaum, Herbert Bos) (Z-Library)_chunk_12",dense/dense_bm25
A009,ev_6954919c5c8caea10f42,0,"现代操作系统 (Andrew S. Tanenbaum, Herbert Bos) (Z-Library)_chunk_18",dense/dense_bm25
A009,ev_9e4be4d26970f330c921,0,"现代操作系统 (Andrew S. Tanenbaum, Herbert Bos) (Z-Library)_chunk_187",bm25/tfidf
A009,ev_117e5feb282d8e4a7a04,0,"现代操作系统 (Andrew S. Tanenbaum, Herbert Bos) (Z-Library)_chunk_188",bm25/dense/dense_bm25/tfidf
A009,ev_2439aa1adfe2faa643cc,1,"现代操作系统 (Andrew S. Tanenbaum, Herbert Bos) (Z-Library)_chunk_193",dense
A009,ev_277831c110ab1b2141d0,1,"现代操作系统 (Andrew S. Tanenbaum, Herbert Bos) (Z-Library)_chunk_194",bm25/dense_bm25/tfidf
A009,ev_056c969ce01d7317ce1c,1,"现代操作系统 (Andrew S. Tanenbaum, Herbert Bos) (Z-Library)_chunk_195",dense
A009,ev_87bfa9b23a42a7aadec9,1,"现代操作系统 (Andrew S. Tanenbaum, Herbert Bos) (Z-Library)_chunk_196",dense/dense_bm25/tfidf
A009,ev_e8475d6c43216ce9bfb4,0,"现代操作系统 (Andrew S. Tanenbaum, Herbert Bos) (Z-Library)_chunk_213",dense/dense_bm25
A009,ev_ded27ec6e24da5d4c21b,0,"现代操作系统 (Andrew S. Tanenbaum, Herbert Bos) (Z-Library)_chunk_221",bm25
A009,ev_50cc87e7149c4e00abe0,0,"现代操作系统 (Andrew S. Tanenbaum, Herbert Bos) (Z-Library)_chunk_225",bm25/dense_bm25/tfidf
A009,ev_ecbe43d89a4698edeac2,1,"现代操作系统 (Andrew S. Tanenbaum, Herbert Bos) (Z-Library)_chunk_237",bm25/dense_bm25
A009,ev_3ef15ad168c3dab7ce95,0,"现代操作系统 (Andrew S. Tanenbaum, Herbert Bos) (Z-Library)_chunk_241",dense_bm25
A009,ev_2005913b857dd217db17,0,"现代操作系统 (Andrew S. Tanenbaum, Herbert Bos) (Z-Library)_chunk_253",dense/dense_bm25
A009,ev_f78507d9f649e35ed7fe,1,"现代操作系统 (Andrew S. Tanenbaum, Herbert Bos) (Z-Library)_chunk_254",dense/dense_bm25
A009,ev_950afd7b5dea28f2ee44,0,"现代操作系统 (Andrew S. Tanenbaum, Herbert Bos) (Z-Library)_chunk_28",dense/dense_bm25
A009,ev_7927aada07c7e017bd49,0,"现代操作系统 (Andrew S. Tanenbaum, Herbert Bos) (Z-Library)_chunk_350",tfidf
A009,ev_92fee6f9eb554f139c33,0,"现代操作系统 (Andrew S. Tanenbaum, Herbert Bos) (Z-Library)_chunk_43",tfidf
A009,ev_4e20f38aab4a0054a9fe,0,"现代操作系统 (Andrew S. Tanenbaum, Herbert Bos) (Z-Library)_chunk_434",dense/dense_bm25
A009,ev_00fbeea030fc4711da8a,1,"现代操作系统 (Andrew S. Tanenbaum, Herbert Bos) (Z-Library)_chunk_51",dense_bm25
A009,ev_4333895b82a9f3c6e0fb,0,"现代操作系统 (Andrew S. Tanenbaum, Herbert Bos) (Z-Library)_chunk_522",dense/dense_bm25
A009,ev_de4dae370875aacf2441,0,"现代操作系统 (Andrew S. Tanenbaum, Herbert Bos) (Z-Library)_chunk_524",dense
A009,ev_c761742e4cc4c86dbe9f,1,"现代操作系统 (Andrew S. Tanenbaum, Herbert Bos) (Z-Library)_chunk_62",dense
A009,ev_dd944b8b6f230fda7b49,3,"现代操作系统 (Andrew S. Tanenbaum, Herbert Bos) (Z-Library)_chunk_728",dense/dense_bm25/tfidf
A009,ev_b2ce594a120a7e789eda,0,"现代操作系统 (Andrew S. Tanenbaum, Herbert Bos) (Z-Library)_chunk_909",bm25
A009,ev_be65a05b9178176dc4a5,0,"现代操作系统 (Andrew S. Tanenbaum, Herbert Bos) (Z-Library)_chunk_973",dense/dense_bm25
A009,ev_2ca5d2a0bf3d81b5029a,0,"现代操作系统 (Andrew S. Tanenbaum, Herbert Bos) (Z-Library)_chunk_99",dense
A010,ev_00cc53f8b8d0350ca9d4,0,2024年王道计算机网络复习指导 (王道计算机) (Z-Library)_chunk_134,bm25/dense_bm25
A010,ev_63b85b2c1df80191d852,0,Python数据结构与算法分析 第3版 (米勒 拉努姆 罗曼) (Z-Library)_chunk_109,dense
A010,ev_c98552f4b86551ddec90,0,Python数据结构与算法分析 第3版 (米勒 拉努姆 罗曼) (Z-Library)_chunk_138,dense/dense_bm25
A010,ev_02747aebf71976c7c068,0,Python数据结构与算法分析 第3版 (米勒 拉努姆 罗曼) (Z-Library)_chunk_193,dense
A010,ev_852e04c542e736069344,1,Python数据结构与算法分析 第3版 (米勒 拉努姆 罗曼) (Z-Library)_chunk_218,bm25/dense_bm25/tfidf
A010,ev_3929b4a06a31a86f58fb,3,Python数据结构与算法分析 第3版 (米勒 拉努姆 罗曼) (Z-Library)_chunk_238,bm25/dense_bm25/tfidf
A010,ev_22eec91e220320bb519a,1,Python数据结构与算法分析 第3版 (米勒 拉努姆 罗曼) (Z-Library)_chunk_241,dense/dense_bm25
A010,ev_a0466502cb86ca6eb2d0,2,Python数据结构与算法分析 第3版 (米勒 拉努姆 罗曼) (Z-Library)_chunk_247,bm25/dense_bm25/tfidf
A010,ev_5d3b96f64f37eb71a2db,0,Python数据结构与算法分析 第3版 (米勒 拉努姆 罗曼) (Z-Library)_chunk_257,dense
A010,ev_c70c83f805d32f33cfc3,0,Python数据结构与算法分析 第3版 (米勒 拉努姆 罗曼) (Z-Library)_chunk_284,dense
A010,ev_37ef8ec25c2bc7c4a704,1,"[计算机科学丛书]数据结构与算法 Python语言实现 (Michael T. Goodrich, Roberto Tamassia etc.) (Z-Library)_chunk_576",tfidf
A010,ev_4596b276eddc27e8fb1a,1,"[计算机科学丛书]数据结构与算法 Python语言实现 (Michael T. Goodrich, Roberto Tamassia etc.) (Z-Library)_chunk_577",dense/dense_bm25
A010,ev_05ef90937ddecfbf379a,0,"[计算机科学丛书]数据结构与算法 Python语言实现 (Michael T. Goodrich, Roberto Tamassia etc.) (Z-Library)_chunk_606",dense/dense_bm25
A010,ev_84146ee609a217e26ae5,3,"[计算机科学丛书]数据结构与算法 Python语言实现 (Michael T. Goodrich, Roberto Tamassia etc.) (Z-Library)_chunk_610",dense/dense_bm25
A010,ev_53eecfc75cee0993d4b9,0,"[计算机科学丛书]数据结构与算法 Python语言实现 (Michael T. Goodrich, Roberto Tamassia etc.) (Z-Library)_chunk_621",bm25/tfidf
A010,ev_7ebe6fdbd7e7860986fb,0,"[计算机科学丛书]数据结构与算法 Python语言实现 (Michael T. Goodrich, Roberto Tamassia etc.) (Z-Library)_chunk_635",bm25/tfidf
A010,ev_ab26aa5614ca1792211f,0,"[计算机科学丛书]数据结构与算法 Python语言实现 (Michael T. Goodrich, Roberto Tamassia etc.) (Z-Library)_chunk_636",tfidf
A010,ev_b945fe59387af8e7920d,0,"[计算机科学丛书]数据结构与算法 Python语言实现 (Michael T. Goodrich, Roberto Tamassia etc.) (Z-Library)_chunk_637",dense/dense_bm25
A010,ev_807a0ae3a190c209bc11,3,数据结构 (邓俊辉) (Z-Library)_chunk_236,bm25/dense_bm25/tfidf
A010,ev_b9e6cecc1b97f99a916b,3,数据结构 (邓俊辉) (Z-Library)_chunk_237,bm25/dense_bm25/tfidf
A010,ev_cf3a83a73f713436743f,2,数据结构 (邓俊辉) (Z-Library)_chunk_240,bm25/dense/dense_bm25/tfidf
A010,ev_38b8155d6296781576bf,0,数据结构 (邓俊辉) (Z-Library)_chunk_3,dense
A010,ev_c6108d4b983264f3d09a,0,数据结构 (邓俊辉) (Z-Library)_chunk_78,dense/dense_bm25
A010,ev_29daccd8b93f5fe3f50a,0,数据结构 (邓俊辉) (Z-Library)_chunk_9,dense/dense_bm25
A010,ev_f02d298d2d8784919b42,0,数据结构 (邓俊辉) (Z-Library)_chunk_96,dense
A010,ev_f062d7684a69863bbc5a,0,数据结构 (邓俊辉) (Z-Library)_chunk_97,dense
A010,ev_d9bae672b1ae52907cd3,0,数据结构（C语言版 第2版） (严蔚敏) (Z-Library)_chunk_199,dense/dense_bm25
A010,ev_38626f52cb8a2f138f7b,1,数据结构（C语言版 第2版） (严蔚敏) (Z-Library)_chunk_201,tfidf
A010,ev_e7cc30a6993daaf387c2,0,数据结构（C语言版 第2版） (严蔚敏) (Z-Library)_chunk_209,dense_bm25
A010,ev_391459c904641885241a,0,数据结构（C语言版 第2版） (严蔚敏) (Z-Library)_chunk_215,bm25/dense_bm25
A010,ev_77114e079605e05d94a5,1,数据结构（C语言版 第2版） (严蔚敏) (Z-Library)_chunk_226,tfidf
A010,ev_31d699715f14c7273bdf,0,数据结构（C语言版 第2版） (严蔚敏) (Z-Library)_chunk_237,dense/dense_bm25
A010,ev_cb67d7853d08ac9784be,3,数据结构（C语言版 第2版） (严蔚敏) (Z-Library)_chunk_239,bm25/dense_bm25/tfidf
A010,ev_fc03d71e6be1574dbc73,2,数据结构（C语言版 第2版） (严蔚敏) (Z-Library)_chunk_240,dense
A010,ev_a23f1b2f870f065a7de4,2,数据结构（C语言版 第2版） (严蔚敏) (Z-Library)_chunk_241,dense
A010,ev_33c1907dbff6af37c84c,1,数据结构（C语言版 第2版） (严蔚敏) (Z-Library)_chunk_243,bm25/dense_bm25
A010,ev_407c0501659a940e8c5a,2,数据结构（C语言版 第2版） (严蔚敏) (Z-Library)_chunk_253,dense
A010,ev_2b791a0288cbcb4c6365,2,数据结构（C语言版 第2版） (严蔚敏) (Z-Library)_chunk_254,bm25
A010,ev_a85f128a5d2baa1a936a,1,数据结构（C语言版 第2版） (严蔚敏) (Z-Library)_chunk_255,dense/dense_bm25
A010,ev_b3022259cbd0ba29d606,1,数据结构（C语言版 第2版） (严蔚敏) (Z-Library)_chunk_256,dense_bm25
A010,ev_1feebcf2734c6d826c72,0,数据结构（C语言版 第2版） (严蔚敏) (Z-Library)_chunk_259,dense
A010,ev_61d98ff6ba61d963c334,0,数据结构（C语言版 第2版） (严蔚敏) (Z-Library)_chunk_261,dense
A010,ev_ac54d2cf368bdce9437b,0,数据结构（C语言版 第2版） (严蔚敏) (Z-Library)_chunk_269,dense
A010,ev_d8086449c40741d313a1,0,数据结构（C语言版 第2版） (严蔚敏) (Z-Library)_chunk_308,dense/dense_bm25
A010,ev_96673e5a40877ab3bf6b,0,数据结构（C语言版 第2版） (严蔚敏) (Z-Library)_chunk_31,tfidf
A010,ev_af5352a10406966cdcf3,0,数据结构（C语言版 第2版） (严蔚敏) (Z-Library)_chunk_358,dense/dense_bm25
A010,ev_03e79a333058e30f6872,0,数据结构（C语言版 第2版） (严蔚敏) (Z-Library)_chunk_61,dense/dense_bm25
A010,ev_50c0234369c86bf11ec6,0,"现代操作系统 (Andrew S. Tanenbaum, Herbert Bos) (Z-Library)_chunk_141",bm25
A010,ev_a9a54d36eab243431d47,1,"现代操作系统 (Andrew S. Tanenbaum, Herbert Bos) (Z-Library)_chunk_271",bm25/dense_bm25/tfidf
A010,ev_40bed7bbd883083eda15,1,"现代操作系统 (Andrew S. Tanenbaum, Herbert Bos) (Z-Library)_chunk_292",bm25/dense_bm25/tfidf
A010,ev_5667433bdaa0bb52fbaf,2,"现代操作系统 (Andrew S. Tanenbaum, Herbert Bos) (Z-Library)_chunk_450",dense
A010,ev_3474f9c78434ac1a0166,0,"现代操作系统 (Andrew S. Tanenbaum, Herbert Bos) (Z-Library)_chunk_529",dense/dense_bm25
A010,ev_cafb7dc50df0d591f142,0,"现代操作系统 (Andrew S. Tanenbaum, Herbert Bos) (Z-Library)_chunk_760",bm25/dense_bm25/tfidf
A010,ev_3c72565b1c5bfac6a29d,0,"现代操作系统 (Andrew S. Tanenbaum, Herbert Bos) (Z-Library)_chunk_968",tfidf
A010,ev_0868cee823cb3d904992,0,"计算机网络 (吴功宜,吴英) (Z-Library)(OCR)_chunk_243",bm25
A010,ev_edb117c79de2b24a0e56,0,计算机网络（原书第7版） 自顶向下方法 (James F. Kurose Keith W. Ross) (Z-Library)_chunk_100,bm25/tfidf
A010,ev_3d40f83bea06874b2a91,0,计算机网络（第8版） (谢希仁) (Z-Library)(OCR)_chunk_184,bm25
A010,ev_0a7000105049ed7a467c,0,计算机网络（第8版） (谢希仁) (Z-Library)(OCR)_chunk_50,tfidf
A011,ev_336538911387f895dec2,1,2024年王道计算机网络复习指导 (王道计算机) (Z-Library)_chunk_130,bm25
A011,ev_811b27e2f46b4c9de918,0,2024年王道计算机网络复习指导 (王道计算机) (Z-Library)_chunk_132,dense/dense_bm25
A011,ev_a4721ff5fbd6e6ac8fb3,0,2024年王道计算机网络复习指导 (王道计算机) (Z-Library)_chunk_194,dense
A011,ev_cda06dff4ea33a9528b4,0,2024年王道计算机网络复习指导 (王道计算机) (Z-Library)_chunk_210,dense/dense_bm25
A011,ev_ab77e76cbbd00de7fbaf,0,2024年王道计算机网络复习指导 (王道计算机) (Z-Library)_chunk_219,dense/dense_bm25
A011,ev_fc626c6bf9cce4506d08,0,2024年王道计算机网络复习指导 (王道计算机) (Z-Library)_chunk_227,dense
A011,ev_8824fd511bdf34d8059a,1,2024年王道计算机网络复习指导 (王道计算机) (Z-Library)_chunk_30,dense
A011,ev_6ad65ccd8d9871305f21,1,2024年王道计算机网络复习指导 (王道计算机) (Z-Library)_chunk_32,bm25/dense_bm25/tfidf
A011,ev_76a31f06261ce6ee7763,1,2024年王道计算机网络复习指导 (王道计算机) (Z-Library)_chunk_35,bm25/dense_bm25/tfidf
A011,ev_a241a7800d62c4bb19a3,1,2024年王道计算机网络复习指导 (王道计算机) (Z-Library)_chunk_37,bm25/dense_bm25/tfidf
A011,ev_782aa3429a27af52ecb7,1,2024年王道计算机网络复习指导 (王道计算机) (Z-Library)_chunk_38,bm25/dense_bm25/tfidf
A011,ev_29c10cd318bbf50bb285,0,2024年王道计算机网络复习指导 (王道计算机) (Z-Library)_chunk_399,dense/dense_bm25
A011,ev_d5b7c9b1e67d42ae1ff4,1,2024年王道计算机网络复习指导 (王道计算机) (Z-Library)_chunk_40,bm25/dense_bm25
A011,ev_40bcf7eab3774b724e42,1,2024年王道计算机网络复习指导 (王道计算机) (Z-Library)_chunk_41,bm25/dense_bm25/tfidf
A011,ev_7d917417eb3e65c6281e,0,2024年王道计算机网络复习指导 (王道计算机) (Z-Library)_chunk_410,dense/dense_bm25
A011,ev_2f0890bc3b8b53305d72,2,2024年王道计算机网络复习指导 (王道计算机) (Z-Library)_chunk_419,bm25/dense/dense_bm25/tfidf
A011,ev_f599f2d38a57007297c6,1,2024年王道计算机网络复习指导 (王道计算机) (Z-Library)_chunk_42,bm25/dense_bm25/tfidf
A011,ev_81b8e95b99c3df426d76,2,2024年王道计算机网络复习指导 (王道计算机) (Z-Library)_chunk_420,tfidf
A011,ev_4e93bc529ead19c7c676,1,2024年王道计算机网络复习指导 (王道计算机) (Z-Library)_chunk_424,dense
A011,ev_a9ec788418a3c417c1f1,2,2024年王道计算机网络复习指导 (王道计算机) (Z-Library)_chunk_428,dense_bm25
A011,ev_5b593a017b0698030dd6,1,2024年王道计算机网络复习指导 (王道计算机) (Z-Library)_chunk_43,bm25/dense/dense_bm25
A011,ev_e8d32971426de5712840,1,2024年王道计算机网络复习指导 (王道计算机) (Z-Library)_chunk_45,bm25/dense_bm25
A011,ev_cb28ad5570ba04930256,1,2024年王道计算机网络复习指导 (王道计算机) (Z-Library)_chunk_47,bm25
A011,ev_48f89a9d3da59820e38c,1,2024年王道计算机网络复习指导 (王道计算机) (Z-Library)_chunk_48,bm25/dense_bm25/tfidf
A011,ev_4d583ad89c1bba543e27,1,2024年王道计算机网络复习指导 (王道计算机) (Z-Library)_chunk_49,bm25
A011,ev_ba30ac77c0da475f70c1,0,2024年王道计算机网络复习指导 (王道计算机) (Z-Library)_chunk_490,tfidf
A011,ev_d2f4c195fa8ce6312308,1,2024年王道计算机网络复习指导 (王道计算机) (Z-Library)_chunk_50,bm25/dense_bm25
A011,ev_a50dc2c81a0bea03e29f,1,2024年王道计算机网络复习指导 (王道计算机) (Z-Library)_chunk_51,bm25/dense_bm25/tfidf
A011,ev_b3db2c73e7fcc9abb8ca,0,Python数据结构与算法分析 第3版 (米勒 拉努姆 罗曼) (Z-Library)_chunk_190,dense
A011,ev_cf2a094f64fe6795c89d,0,"[计算机科学丛书]数据结构与算法 Python语言实现 (Michael T. Goodrich, Roberto Tamassia etc.) (Z-Library)_chunk_582",dense
A011,ev_a75ee2853eb215c05865,0,操作系统导论-OSTEP (王海鹏 译) (Z-Library)_chunk_36,dense
A011,ev_92b22e8484b59d17dfc5,0,数据结构 (邓俊辉) (Z-Library)_chunk_222,dense
A011,ev_cf3a83a73f713436743f,0,数据结构 (邓俊辉) (Z-Library)_chunk_240,dense
A011,ev_6977558dccec05872fbc,0,数据结构 (邓俊辉) (Z-Library)_chunk_352,dense/dense_bm25
A011,ev_67176a5e606354becee7,0,数据结构（C语言版 第2版） (严蔚敏) (Z-Library)_chunk_113,dense
A011,ev_ad2d79f699e2c70df421,0,数据结构（C语言版 第2版） (严蔚敏) (Z-Library)_chunk_204,dense/dense_bm25
A011,ev_95c7c458ff62925ef396,0,"现代操作系统 (Andrew S. Tanenbaum, Herbert Bos) (Z-Library)_chunk_178",dense
A011,ev_f69da20f57e6cf96c946,0,"现代操作系统 (Andrew S. Tanenbaum, Herbert Bos) (Z-Library)_chunk_474",dense
A011,ev_40e8e39755d05fbff3f6,2,"计算机网络 (吴功宜,吴英) (Z-Library)(OCR)_chunk_318",dense/dense_bm25/tfidf
A011,ev_f18624bc155679244d9c,0,"计算机网络 (吴功宜,吴英) (Z-Library)(OCR)_chunk_32",dense/dense_bm25
A011,ev_1538aadd28889ac9e6f7,0,"计算机网络 (吴功宜,吴英) (Z-Library)(OCR)_chunk_402",tfidf
A011,ev_f31d299773835f21dde2,1,"计算机网络 (吴功宜,吴英) (Z-Library)(OCR)_chunk_49",bm25/tfidf
A011,ev_7264c5526f91c03fedcd,2,"计算机网络 (吴功宜,吴英) (Z-Library)(OCR)_chunk_50",bm25/dense/dense_bm25/tfidf
A011,ev_6f067eda962423757741,1,"计算机网络 (吴功宜,吴英) (Z-Library)(OCR)_chunk_51",tfidf
A011,ev_ef59de39913fcb21e766,2,"计算机网络 (吴功宜,吴英) (Z-Library)(OCR)_chunk_54",bm25/dense_bm25/tfidf
A011,ev_58e4d71d12c93437556f,1,"计算机网络 (吴功宜,吴英) (Z-Library)(OCR)_chunk_55",bm25/tfidf
A011,ev_fcebb92ca3cadd28b0cc,0,计算机网络（原书第7版） 自顶向下方法 (James F. Kurose Keith W. Ross) (Z-Library)_chunk_188,dense/dense_bm25
A011,ev_bfe4c27e920cce00cb1a,0,计算机网络（原书第7版） 自顶向下方法 (James F. Kurose Keith W. Ross) (Z-Library)_chunk_192,dense/dense_bm25
A011,ev_bb010f218fd05c775ef9,0,计算机网络（原书第7版） 自顶向下方法 (James F. Kurose Keith W. Ross) (Z-Library)_chunk_193,dense
A011,ev_bb6d07695194a4571f2e,0,计算机网络（原书第7版） 自顶向下方法 (James F. Kurose Keith W. Ross) (Z-Library)_chunk_228,dense/dense_bm25
A011,ev_4510eeb83380a0ab53b0,1,计算机网络（原书第7版） 自顶向下方法 (James F. Kurose Keith W. Ross) (Z-Library)_chunk_45,dense_bm25
A011,ev_d827b181eae22ac7fd5d,1,计算机网络（原书第7版） 自顶向下方法 (James F. Kurose Keith W. Ross) (Z-Library)_chunk_59,dense
A011,ev_8c33cae999ccb6f34673,1,计算机网络（第8版） (谢希仁) (Z-Library)(OCR)_chunk_36,tfidf
A011,ev_188510b4d76ae405a0c3,1,计算机网络（第8版） (谢希仁) (Z-Library)(OCR)_chunk_37,tfidf
A011,ev_675a57b798d49432e4ac,3,计算机网络（第8版） (谢希仁) (Z-Library)(OCR)_chunk_39,dense/dense_bm25
A012,ev_1f440055b29982595190,2,Operating Systems Three Easy Pieces (Remzi H. Arpaci-Dusseau etc.) (Z-Library)_chunk_104,dense
A012,ev_3d3504dcee2528ab95be,0,Operating Systems Three Easy Pieces (Remzi H. Arpaci-Dusseau etc.) (Z-Library)_chunk_113,dense/dense_bm25
A012,ev_1deca00f26e8f28c9cd3,0,Python数据结构与算法分析 第3版 (米勒 拉努姆 罗曼) (Z-Library)_chunk_115,dense/dense_bm25
A012,ev_b6a5fab5c611f7b57b23,0,Python数据结构与算法分析 第3版 (米勒 拉努姆 罗曼) (Z-Library)_chunk_117,dense
A012,ev_97df583dc27aa259f759,0,Python数据结构与算法分析 第3版 (米勒 拉努姆 罗曼) (Z-Library)_chunk_121,dense
A012,ev_8bbfa62c7ae6f004a5b9,0,"[计算机科学丛书]数据结构与算法 Python语言实现 (Michael T. Goodrich, Roberto Tamassia etc.) (Z-Library)_chunk_161",dense
A012,ev_49182ad252ff82678aa9,0,"[计算机科学丛书]数据结构与算法 Python语言实现 (Michael T. Goodrich, Roberto Tamassia etc.) (Z-Library)_chunk_181",dense
A012,ev_7678d31302dc40655179,0,"[计算机科学丛书]数据结构与算法 Python语言实现 (Michael T. Goodrich, Roberto Tamassia etc.) (Z-Library)_chunk_183",dense
A012,ev_b5ae9dcc6ec90c5325e1,0,"[计算机科学丛书]数据结构与算法 Python语言实现 (Michael T. Goodrich, Roberto Tamassia etc.) (Z-Library)_chunk_498",dense
A012,ev_7f58a862bc2db6b9a654,1,操作系统导论-OSTEP (王海鹏 译) (Z-Library)_chunk_273,bm25
A012,ev_0913555f608ecd225bec,2,操作系统导论-OSTEP (王海鹏 译) (Z-Library)_chunk_31,bm25/dense_bm25/tfidf
A012,ev_b422a9bdda3ae54b1792,1,操作系统导论-OSTEP (王海鹏 译) (Z-Library)_chunk_542,dense_bm25
A012,ev_a6c9d55c70a1f369c516,1,操作系统导论-OSTEP (王海鹏 译) (Z-Library)_chunk_565,tfidf
A012,ev_f516d39d99a9d1daa5c7,0,操作系统导论-OSTEP (王海鹏 译) (Z-Library)_chunk_68,dense
A012,ev_3741ff470768bb1d2ee1,0,操作系统导论-OSTEP (王海鹏 译) (Z-Library)_chunk_74,dense
A012,ev_d22a1ac6ce8a9bb3d3d9,0,数据结构 (邓俊辉) (Z-Library)_chunk_141,dense
A012,ev_d1a0fd35b5c996b19e2a,1,"现代操作系统 (Andrew S. Tanenbaum, Herbert Bos) (Z-Library)_chunk_107",dense
A012,ev_5da1b557bfef500c2762,2,"现代操作系统 (Andrew S. Tanenbaum, Herbert Bos) (Z-Library)_chunk_108",bm25/dense_bm25/tfidf
A012,ev_fa6aa95c65ec1e2f8d13,2,"现代操作系统 (Andrew S. Tanenbaum, Herbert Bos) (Z-Library)_chunk_109",bm25/dense/dense_bm25/tfidf
A012,ev_d441089fd6a0212932d0,1,"现代操作系统 (Andrew S. Tanenbaum, Herbert Bos) (Z-Library)_chunk_110",bm25/dense_bm25/tfidf
A012,ev_257207837194863bd040,1,"现代操作系统 (Andrew S. Tanenbaum, Herbert Bos) (Z-Library)_chunk_115",dense
A012,ev_043a1f4c9449522a2f00,1,"现代操作系统 (Andrew S. Tanenbaum, Herbert Bos) (Z-Library)_chunk_117",dense_bm25
A012,ev_eef2d9557b6045d66bf0,1,"现代操作系统 (Andrew S. Tanenbaum, Herbert Bos) (Z-Library)_chunk_127",bm25/dense/dense_bm25
A012,ev_7d4d6e3965da1c5a087b,1,"现代操作系统 (Andrew S. Tanenbaum, Herbert Bos) (Z-Library)_chunk_135",dense
A012,ev_c4e558e38d65db4e3e07,2,"现代操作系统 (Andrew S. Tanenbaum, Herbert Bos) (Z-Library)_chunk_140",bm25/dense_bm25
A012,ev_af4279876cdff1b83eb0,1,"现代操作系统 (Andrew S. Tanenbaum, Herbert Bos) (Z-Library)_chunk_146",dense_bm25
A012,ev_cfed6cc725381996381f,1,"现代操作系统 (Andrew S. Tanenbaum, Herbert Bos) (Z-Library)_chunk_148",dense_bm25
A012,ev_39d7f4870fe46fb00fa9,1,"现代操作系统 (Andrew S. Tanenbaum, Herbert Bos) (Z-Library)_chunk_159",bm25/tfidf
A012,ev_e2c264b6ab498750058e,1,"现代操作系统 (Andrew S. Tanenbaum, Herbert Bos) (Z-Library)_chunk_160",dense_bm25
A012,ev_bf15f63dbdd0a72c8b1f,1,"现代操作系统 (Andrew S. Tanenbaum, Herbert Bos) (Z-Library)_chunk_165",dense
A012,ev_95c7c458ff62925ef396,1,"现代操作系统 (Andrew S. Tanenbaum, Herbert Bos) (Z-Library)_chunk_178",bm25/dense/dense_bm25/tfidf
A012,ev_c47d24fb6043daf65ffb,1,"现代操作系统 (Andrew S. Tanenbaum, Herbert Bos) (Z-Library)_chunk_179",bm25
A012,ev_913456f7e27a1a1e57cb,1,"现代操作系统 (Andrew S. Tanenbaum, Herbert Bos) (Z-Library)_chunk_184",dense
A012,ev_a9540a54752d3e3092a2,2,"现代操作系统 (Andrew S. Tanenbaum, Herbert Bos) (Z-Library)_chunk_362",bm25/dense_bm25
A012,ev_67ff0a1c2697eb10ea6f,0,"现代操作系统 (Andrew S. Tanenbaum, Herbert Bos) (Z-Library)_chunk_445",dense
A012,ev_4cee92c8f5c26a33f19b,0,"现代操作系统 (Andrew S. Tanenbaum, Herbert Bos) (Z-Library)_chunk_446",dense/dense_bm25
A012,ev_fea55a4f986881756bdd,0,"现代操作系统 (Andrew S. Tanenbaum, Herbert Bos) (Z-Library)_chunk_448",dense
A012,ev_7bfba6495dbb046fac0a,0,"现代操作系统 (Andrew S. Tanenbaum, Herbert Bos) (Z-Library)_chunk_479",tfidf
A012,ev_ec75b931ff8148279759,0,"现代操作系统 (Andrew S. Tanenbaum, Herbert Bos) (Z-Library)_chunk_481",tfidf
A012,ev_3474f9c78434ac1a0166,1,"现代操作系统 (Andrew S. Tanenbaum, Herbert Bos) (Z-Library)_chunk_529",dense/dense_bm25
A012,ev_6b845a14e6b8a39f18f1,2,"现代操作系统 (Andrew S. Tanenbaum, Herbert Bos) (Z-Library)_chunk_544",dense_bm25
A012,ev_ce4ed3732b211a298d04,1,"现代操作系统 (Andrew S. Tanenbaum, Herbert Bos) (Z-Library)_chunk_702",bm25/dense_bm25
A012,ev_61576cceafb224d22381,2,"现代操作系统 (Andrew S. Tanenbaum, Herbert Bos) (Z-Library)_chunk_709",dense/dense_bm25
A012,ev_9daa84331de3ac276036,1,"现代操作系统 (Andrew S. Tanenbaum, Herbert Bos) (Z-Library)_chunk_79",dense_bm25
A012,ev_5bbf358d07572e878972,1,"现代操作系统 (Andrew S. Tanenbaum, Herbert Bos) (Z-Library)_chunk_8",tfidf
A012,ev_8e0d814d2c3302eb5829,1,"现代操作系统 (Andrew S. Tanenbaum, Herbert Bos) (Z-Library)_chunk_820",tfidf
A012,ev_a714deaf2ddb25cfa581,1,"现代操作系统 (Andrew S. Tanenbaum, Herbert Bos) (Z-Library)_chunk_827",bm25/tfidf
A012,ev_82d149bb252cbf381239,1,"现代操作系统 (Andrew S. Tanenbaum, Herbert Bos) (Z-Library)_chunk_835",dense_bm25/tfidf
A012,ev_580b978f59815f2f5b9d,1,"现代操作系统 (Andrew S. Tanenbaum, Herbert Bos) (Z-Library)_chunk_847",dense/dense_bm25
A012,ev_f056d2fc5abca12ffae4,1,"现代操作系统 (Andrew S. Tanenbaum, Herbert Bos) (Z-Library)_chunk_848",tfidf
A012,ev_bd5f07eeb82b8b76fdef,1,"现代操作系统 (Andrew S. Tanenbaum, Herbert Bos) (Z-Library)_chunk_851",bm25/dense_bm25
A012,ev_252f7f85c2b737b2de9d,1,"现代操作系统 (Andrew S. Tanenbaum, Herbert Bos) (Z-Library)_chunk_852",bm25/dense_bm25/tfidf
A012,ev_d5d88466f2344953e724,1,"现代操作系统 (Andrew S. Tanenbaum, Herbert Bos) (Z-Library)_chunk_853",bm25/dense_bm25/tfidf
A012,ev_9694fc36cb73165d93a7,1,"现代操作系统 (Andrew S. Tanenbaum, Herbert Bos) (Z-Library)_chunk_854",bm25/tfidf
A012,ev_9d4062d01c8faa42105c,1,"现代操作系统 (Andrew S. Tanenbaum, Herbert Bos) (Z-Library)_chunk_859",dense_bm25
A012,ev_7c84d90b606b2ccc141f,1,"现代操作系统 (Andrew S. Tanenbaum, Herbert Bos) (Z-Library)_chunk_861",tfidf
A012,ev_90556f3d17ecffbb8cbe,1,"现代操作系统 (Andrew S. Tanenbaum, Herbert Bos) (Z-Library)_chunk_862",bm25/tfidf
A012,ev_48e3ab983dff86d21f30,2,"现代操作系统 (Andrew S. Tanenbaum, Herbert Bos) (Z-Library)_chunk_863",bm25/dense/dense_bm25
A012,ev_be8252691e2459aeb9a6,0,"现代操作系统 (Andrew S. Tanenbaum, Herbert Bos) (Z-Library)_chunk_868",bm25/tfidf
A012,ev_3351005f652b0a2ce4bd,0,"计算机网络 (吴功宜,吴英) (Z-Library)(OCR)_chunk_274",dense/dense_bm25
A012,ev_b49b165c1667d0d91351,0,计算机网络（原书第7版） 自顶向下方法 (James F. Kurose Keith W. Ross) (Z-Library)_chunk_226,dense
A012,ev_b95e6de750fc3227fd65,0,计算机网络（原书第7版） 自顶向下方法 (James F. Kurose Keith W. Ross) (Z-Library)_chunk_484,dense/dense_bm25
A013,ev_00cc53f8b8d0350ca9d4,0,2024年王道计算机网络复习指导 (王道计算机) (Z-Library)_chunk_134,dense
A013,ev_28d736d1ec2020c2ca41,0,Operating Systems Three Easy Pieces (Remzi H. Arpaci-Dusseau etc.) (Z-Library)_chunk_1076,dense
A013,ev_b6a5fab5c611f7b57b23,0,Python数据结构与算法分析 第3版 (米勒 拉努姆 罗曼) (Z-Library)_chunk_117,dense/dense_bm25
A013,ev_eef39cf51419674a3b8d,0,Python数据结构与算法分析 第3版 (米勒 拉努姆 罗曼) (Z-Library)_chunk_126,dense
A013,ev_4f964e986582d6f7c18c,1,Python数据结构与算法分析 第3版 (米勒 拉努姆 罗曼) (Z-Library)_chunk_189,dense/dense_bm25
A013,ev_f7685e4b4d071eb628dc,0,Python数据结构与算法分析 第3版 (米勒 拉努姆 罗曼) (Z-Library)_chunk_209,tfidf
A013,ev_af91451004d6daccd16b,0,Python数据结构与算法分析 第3版 (米勒 拉努姆 罗曼) (Z-Library)_chunk_47,tfidf
A013,ev_1dfb56704cbc4d011760,0,Python数据结构与算法分析 第3版 (米勒 拉努姆 罗曼) (Z-Library)_chunk_99,dense/dense_bm25
A013,ev_49182ad252ff82678aa9,0,"[计算机科学丛书]数据结构与算法 Python语言实现 (Michael T. Goodrich, Roberto Tamassia etc.) (Z-Library)_chunk_181",dense_bm25/tfidf
A013,ev_fce5cb2fe4e4896dff2b,0,"[计算机科学丛书]数据结构与算法 Python语言实现 (Michael T. Goodrich, Roberto Tamassia etc.) (Z-Library)_chunk_201",dense_bm25
A013,ev_74463447f97f0655eeb7,0,"[计算机科学丛书]数据结构与算法 Python语言实现 (Michael T. Goodrich, Roberto Tamassia etc.) (Z-Library)_chunk_27",tfidf
A013,ev_4b0029067c06d2485428,1,"[计算机科学丛书]数据结构与算法 Python语言实现 (Michael T. Goodrich, Roberto Tamassia etc.) (Z-Library)_chunk_362",dense/dense_bm25
A013,ev_83a8b6f826a170606abe,1,"[计算机科学丛书]数据结构与算法 Python语言实现 (Michael T. Goodrich, Roberto Tamassia etc.) (Z-Library)_chunk_367",dense
A013,ev_77ff877a28ef14ffd2d1,1,"[计算机科学丛书]数据结构与算法 Python语言实现 (Michael T. Goodrich, Roberto Tamassia etc.) (Z-Library)_chunk_369",dense/dense_bm25/tfidf
A013,ev_3b8f8536715a60ab22ca,1,"[计算机科学丛书]数据结构与算法 Python语言实现 (Michael T. Goodrich, Roberto Tamassia etc.) (Z-Library)_chunk_370",bm25/dense/dense_bm25/tfidf
A013,ev_9d152bbbc1718e26a46f,1,"[计算机科学丛书]数据结构与算法 Python语言实现 (Michael T. Goodrich, Roberto Tamassia etc.) (Z-Library)_chunk_372",bm25
A013,ev_5a5148aee5e11ab59f74,0,"[计算机科学丛书]数据结构与算法 Python语言实现 (Michael T. Goodrich, Roberto Tamassia etc.) (Z-Library)_chunk_519",dense/dense_bm25
A013,ev_c4cf47345bd8b6a7f702,1,"[计算机科学丛书]数据结构与算法 Python语言实现 (Michael T. Goodrich, Roberto Tamassia etc.) (Z-Library)_chunk_736",dense
A013,ev_8371a6484cc6720b2ba4,0,操作系统导论-OSTEP (王海鹏 译) (Z-Library)_chunk_563,bm25
A013,ev_e1a0a8566c5556e6b42e,0,操作系统导论-OSTEP (王海鹏 译) (Z-Library)_chunk_64,dense/dense_bm25
A013,ev_1e14fcf628f694a777a3,0,数据结构 (邓俊辉) (Z-Library)_chunk_125,dense/dense_bm25/tfidf
A013,ev_8837141049bbcbb9d6b9,0,数据结构 (邓俊辉) (Z-Library)_chunk_137,dense/dense_bm25
A013,ev_e498db5b82cc3a85dd3b,0,数据结构 (邓俊辉) (Z-Library)_chunk_279,bm25/dense_bm25
A013,ev_0a8f3bb90588bf72684e,0,数据结构 (邓俊辉) (Z-Library)_chunk_313,bm25/dense_bm25
A013,ev_a88c2d7aedb207d11ec2,0,数据结构 (邓俊辉) (Z-Library)_chunk_322,bm25
A013,ev_1960c854d8cdf9b0ecbe,0,数据结构 (邓俊辉) (Z-Library)_chunk_328,bm25
A013,ev_ca87a2ab2a6324fe7f88,0,数据结构 (邓俊辉) (Z-Library)_chunk_333,bm25/dense_bm25/tfidf
A013,ev_9be1d58d067470089f11,0,数据结构 (邓俊辉) (Z-Library)_chunk_35,dense
A013,ev_91bd91b64285135e102e,0,数据结构 (邓俊辉) (Z-Library)_chunk_378,bm25
A013,ev_7cb0bcf30d4492ad205b,2,数据结构 (邓俊辉) (Z-Library)_chunk_400,dense
A013,ev_69b96a4e1c0f859ec8b6,1,数据结构 (邓俊辉) (Z-Library)_chunk_401,dense_bm25
A013,ev_d3ec5cb2b9464ee99a31,1,数据结构 (邓俊辉) (Z-Library)_chunk_408,dense
A013,ev_18577c54b870c8b3f477,1,数据结构 (邓俊辉) (Z-Library)_chunk_411,bm25
A013,ev_baa62da0e61f05a9eef0,0,数据结构 (邓俊辉) (Z-Library)_chunk_413,dense/dense_bm25
A013,ev_b2ebf9893c5869fc7383,0,数据结构 (邓俊辉) (Z-Library)_chunk_424,bm25/dense_bm25
A013,ev_2e127ef6903456f9b272,0,数据结构 (邓俊辉) (Z-Library)_chunk_70,dense
A013,ev_391459c904641885241a,0,数据结构（C语言版 第2版） (严蔚敏) (Z-Library)_chunk_215,dense
A013,ev_93815653a425b7720759,0,数据结构（C语言版 第2版） (严蔚敏) (Z-Library)_chunk_249,dense_bm25/tfidf
A013,ev_2b791a0288cbcb4c6365,0,数据结构（C语言版 第2版） (严蔚敏) (Z-Library)_chunk_254,tfidf
A013,ev_03508d06e0d425be77e0,0,数据结构（C语言版 第2版） (严蔚敏) (Z-Library)_chunk_257,dense
A013,ev_11e857efd2c2c10e230c,0,数据结构（C语言版 第2版） (严蔚敏) (Z-Library)_chunk_267,dense/dense_bm25
A013,ev_0e4cf690d6b7dc7eff42,0,数据结构（C语言版 第2版） (严蔚敏) (Z-Library)_chunk_278,bm25/tfidf
A013,ev_5e8cf87684577f4fbdb9,2,数据结构（C语言版 第2版） (严蔚敏) (Z-Library)_chunk_333,bm25/dense_bm25
A013,ev_6b4defb8524b7d7f9e21,3,数据结构（C语言版 第2版） (严蔚敏) (Z-Library)_chunk_334,bm25/dense/dense_bm25/tfidf
A013,ev_237e9df74c192ca8b092,2,数据结构（C语言版 第2版） (严蔚敏) (Z-Library)_chunk_335,bm25/dense_bm25/tfidf
A013,ev_fa3e6a02cdc0363eaa62,1,数据结构（C语言版 第2版） (严蔚敏) (Z-Library)_chunk_336,bm25/dense/dense_bm25/tfidf
A013,ev_77d1f79b5b15a8447cb5,1,数据结构（C语言版 第2版） (严蔚敏) (Z-Library)_chunk_337,bm25/dense_bm25/tfidf
A013,ev_af5352a10406966cdcf3,0,数据结构（C语言版 第2版） (严蔚敏) (Z-Library)_chunk_358,dense/dense_bm25
A013,ev_b03e17f1fb4b6f24e37b,0,数据结构（C语言版 第2版） (严蔚敏) (Z-Library)_chunk_80,dense
A013,ev_65496f2d646ef192d09a,0,数据结构（C语言版 第2版） (严蔚敏) (Z-Library)_chunk_90,dense
A013,ev_3fa275a5d26b33756fd9,0,"现代操作系统 (Andrew S. Tanenbaum, Herbert Bos) (Z-Library)_chunk_134",bm25/dense_bm25
A013,ev_e43b6cc8077739817b08,0,"现代操作系统 (Andrew S. Tanenbaum, Herbert Bos) (Z-Library)_chunk_170",bm25/tfidf
A013,ev_8c2d7bed3bced09a6caf,0,"现代操作系统 (Andrew S. Tanenbaum, Herbert Bos) (Z-Library)_chunk_264",tfidf
A013,ev_67ff0a1c2697eb10ea6f,0,"现代操作系统 (Andrew S. Tanenbaum, Herbert Bos) (Z-Library)_chunk_445",dense_bm25/tfidf
A013,ev_fea55a4f986881756bdd,0,"现代操作系统 (Andrew S. Tanenbaum, Herbert Bos) (Z-Library)_chunk_448",dense
A013,ev_3474f9c78434ac1a0166,0,"现代操作系统 (Andrew S. Tanenbaum, Herbert Bos) (Z-Library)_chunk_529",dense/dense_bm25
A013,ev_13f61c0bfc7ddcd8a698,0,"现代操作系统 (Andrew S. Tanenbaum, Herbert Bos) (Z-Library)_chunk_554",tfidf
A013,ev_b2ce594a120a7e789eda,0,"现代操作系统 (Andrew S. Tanenbaum, Herbert Bos) (Z-Library)_chunk_909",bm25/dense_bm25/tfidf
A014,ev_bb5c375b50da93e98ebb,1,Operating Systems Three Easy Pieces (Remzi H. Arpaci-Dusseau etc.) (Z-Library)_chunk_1137,dense
A014,ev_970bb4f3e0a0be7d9344,1,"[计算机科学丛书]数据结构与算法 Python语言实现 (Michael T. Goodrich, Roberto Tamassia etc.) (Z-Library)_chunk_164",bm25/dense/dense_bm25
A014,ev_e6a8cb2159d29fee437c,1,"[计算机科学丛书]数据结构与算法 Python语言实现 (Michael T. Goodrich, Roberto Tamassia etc.) (Z-Library)_chunk_166",dense
A014,ev_49182ad252ff82678aa9,0,"[计算机科学丛书]数据结构与算法 Python语言实现 (Michael T. Goodrich, Roberto Tamassia etc.) (Z-Library)_chunk_181",bm25/dense_bm25
A014,ev_bd6386f8666d92b87062,2,"[计算机科学丛书]数据结构与算法 Python语言实现 (Michael T. Goodrich, Roberto Tamassia etc.) (Z-Library)_chunk_40",tfidf
A014,ev_281d84920b83b8f1a549,1,操作系统导论-OSTEP (王海鹏 译) (Z-Library)_chunk_357,dense
A014,ev_0bbd3039e26ed3d2c164,1,操作系统导论-OSTEP (王海鹏 译) (Z-Library)_chunk_397,tfidf
A014,ev_9710dfb7f2c3f36acf9e,1,操作系统导论-OSTEP (王海鹏 译) (Z-Library)_chunk_412,dense
A014,ev_a1d282359fa76913caad,1,操作系统导论-OSTEP (王海鹏 译) (Z-Library)_chunk_413,dense
A014,ev_2c3d9fe7de6c139afabd,1,操作系统导论-OSTEP (王海鹏 译) (Z-Library)_chunk_416,dense
A014,ev_216bde837e106923093e,2,操作系统导论-OSTEP (王海鹏 译) (Z-Library)_chunk_423,dense
A014,ev_99883974ff8408f8e1f4,1,操作系统导论-OSTEP (王海鹏 译) (Z-Library)_chunk_426,dense_bm25
A014,ev_db509f1c62e8683c1e46,1,操作系统导论-OSTEP (王海鹏 译) (Z-Library)_chunk_428,dense
A014,ev_a1f1808b238bfb417b82,1,操作系统导论-OSTEP (王海鹏 译) (Z-Library)_chunk_436,bm25/dense_bm25/tfidf
A014,ev_b78768ee2b65dd87fd39,2,操作系统导论-OSTEP (王海鹏 译) (Z-Library)_chunk_464,dense
A014,ev_1ed2f49ecfedc4183d61,2,操作系统导论-OSTEP (王海鹏 译) (Z-Library)_chunk_573,dense
A014,ev_edb81f4570b0ab3abaa8,1,数据结构 (邓俊辉) (Z-Library)_chunk_31,dense/dense_bm25
A014,ev_f0387fbf377f7319bf80,0,"现代操作系统 (Andrew S. Tanenbaum, Herbert Bos) (Z-Library)_chunk_145",bm25
A014,ev_58fa381db892b2e01787,0,"现代操作系统 (Andrew S. Tanenbaum, Herbert Bos) (Z-Library)_chunk_189",bm25
A014,ev_9345d173e16e7d45caff,1,"现代操作系统 (Andrew S. Tanenbaum, Herbert Bos) (Z-Library)_chunk_268",bm25/tfidf
A014,ev_f51283bb4de6ed76db9a,1,"现代操作系统 (Andrew S. Tanenbaum, Herbert Bos) (Z-Library)_chunk_269",bm25/dense_bm25
A014,ev_a9a54d36eab243431d47,3,"现代操作系统 (Andrew S. Tanenbaum, Herbert Bos) (Z-Library)_chunk_271",bm25/dense_bm25/tfidf
A014,ev_2ba0ad15ff6e2cd2c31b,1,"现代操作系统 (Andrew S. Tanenbaum, Herbert Bos) (Z-Library)_chunk_272",dense/dense_bm25/tfidf
A014,ev_454b679236e5f58f42c1,1,"现代操作系统 (Andrew S. Tanenbaum, Herbert Bos) (Z-Library)_chunk_273",tfidf
A014,ev_1e1939d94676cb1b0e01,3,"现代操作系统 (Andrew S. Tanenbaum, Herbert Bos) (Z-Library)_chunk_274",bm25/dense/dense_bm25/tfidf
A014,ev_5d1700b1be77242671d5,1,"现代操作系统 (Andrew S. Tanenbaum, Herbert Bos) (Z-Library)_chunk_275",bm25/dense_bm25/tfidf
A014,ev_10cbd7ab54e482f58c7c,1,"现代操作系统 (Andrew S. Tanenbaum, Herbert Bos) (Z-Library)_chunk_276",dense/dense_bm25/tfidf
A014,ev_d7823b55f9bf1e22d9f4,1,"现代操作系统 (Andrew S. Tanenbaum, Herbert Bos) (Z-Library)_chunk_280",dense
A014,ev_eb7ecf1b7a2db1bf020d,1,"现代操作系统 (Andrew S. Tanenbaum, Herbert Bos) (Z-Library)_chunk_284",dense/dense_bm25
A014,ev_98606799bd1921a9ba35,2,"现代操作系统 (Andrew S. Tanenbaum, Herbert Bos) (Z-Library)_chunk_287",dense_bm25
A014,ev_1057bba8b4257b13e3d4,1,"现代操作系统 (Andrew S. Tanenbaum, Herbert Bos) (Z-Library)_chunk_290",dense/dense_bm25
A014,ev_40bed7bbd883083eda15,1,"现代操作系统 (Andrew S. Tanenbaum, Herbert Bos) (Z-Library)_chunk_292",tfidf
A014,ev_c3068948b3d05806fc3d,1,"现代操作系统 (Andrew S. Tanenbaum, Herbert Bos) (Z-Library)_chunk_319",bm25
A014,ev_e1fc0d2f782cf081f2ce,1,"现代操作系统 (Andrew S. Tanenbaum, Herbert Bos) (Z-Library)_chunk_322",dense/dense_bm25
A014,ev_3625e8b1f4c785ac9bda,2,"现代操作系统 (Andrew S. Tanenbaum, Herbert Bos) (Z-Library)_chunk_334",dense/dense_bm25
A014,ev_2aa67c2b7e9bc75096f9,1,"现代操作系统 (Andrew S. Tanenbaum, Herbert Bos) (Z-Library)_chunk_336",dense/tfidf
A014,ev_2bb65d9d38071e7cf1bf,1,"现代操作系统 (Andrew S. Tanenbaum, Herbert Bos) (Z-Library)_chunk_338",bm25/dense_bm25/tfidf
A014,ev_56a5ff061d41df693496,0,"现代操作系统 (Andrew S. Tanenbaum, Herbert Bos) (Z-Library)_chunk_36",bm25
A014,ev_099e3657527e8e8ca1f0,0,"现代操作系统 (Andrew S. Tanenbaum, Herbert Bos) (Z-Library)_chunk_37",dense
A014,ev_92fee6f9eb554f139c33,0,"现代操作系统 (Andrew S. Tanenbaum, Herbert Bos) (Z-Library)_chunk_43",tfidf
A014,ev_4e20f38aab4a0054a9fe,0,"现代操作系统 (Andrew S. Tanenbaum, Herbert Bos) (Z-Library)_chunk_434",dense
A014,ev_1758cbc9634d0ad3585c,1,"现代操作系统 (Andrew S. Tanenbaum, Herbert Bos) (Z-Library)_chunk_48",dense_bm25
A014,ev_48f1c9b97f53d31a9e96,1,"现代操作系统 (Andrew S. Tanenbaum, Herbert Bos) (Z-Library)_chunk_52",dense/dense_bm25/tfidf
A014,ev_3e8f69d709367d48785e,1,"现代操作系统 (Andrew S. Tanenbaum, Herbert Bos) (Z-Library)_chunk_53",tfidf
A014,ev_780857c3784740ea675b,0,"现代操作系统 (Andrew S. Tanenbaum, Herbert Bos) (Z-Library)_chunk_56",dense_bm25
A014,ev_4575c425adbf103a9692,0,"现代操作系统 (Andrew S. Tanenbaum, Herbert Bos) (Z-Library)_chunk_585",bm25
A014,ev_525217ba6dc13b69a944,0,"现代操作系统 (Andrew S. Tanenbaum, Herbert Bos) (Z-Library)_chunk_587",dense_bm25
A014,ev_56e993eb2720ad87cf9b,0,"现代操作系统 (Andrew S. Tanenbaum, Herbert Bos) (Z-Library)_chunk_592",bm25
A014,ev_cbe64ddd6b02b6c36c5b,0,"现代操作系统 (Andrew S. Tanenbaum, Herbert Bos) (Z-Library)_chunk_593",bm25
A014,ev_a85e3a178bca0d91186c,1,"现代操作系统 (Andrew S. Tanenbaum, Herbert Bos) (Z-Library)_chunk_63",dense_bm25
A014,ev_99096e2cbda3a503f924,0,"现代操作系统 (Andrew S. Tanenbaum, Herbert Bos) (Z-Library)_chunk_650",bm25/dense_bm25
A014,ev_e0756d1b0ef3d219aa53,2,"现代操作系统 (Andrew S. Tanenbaum, Herbert Bos) (Z-Library)_chunk_69",dense/tfidf
A014,ev_47bc0c3eabb6907c82d9,1,"现代操作系统 (Andrew S. Tanenbaum, Herbert Bos) (Z-Library)_chunk_699",dense_bm25
A014,ev_754d72e016954507e279,1,"现代操作系统 (Andrew S. Tanenbaum, Herbert Bos) (Z-Library)_chunk_733",dense_bm25
A014,ev_dc36fff4cddbf889da1b,1,"现代操作系统 (Andrew S. Tanenbaum, Herbert Bos) (Z-Library)_chunk_745",dense_bm25/tfidf
A014,ev_31cab1a889cc364ec334,2,"现代操作系统 (Andrew S. Tanenbaum, Herbert Bos) (Z-Library)_chunk_746",dense
A014,ev_d120ee50d27811ef7eb9,0,"现代操作系统 (Andrew S. Tanenbaum, Herbert Bos) (Z-Library)_chunk_75",bm25/dense_bm25
A014,ev_5bbf358d07572e878972,0,"现代操作系统 (Andrew S. Tanenbaum, Herbert Bos) (Z-Library)_chunk_8",dense_bm25
A014,ev_74376708128f7fea7bd6,1,"现代操作系统 (Andrew S. Tanenbaum, Herbert Bos) (Z-Library)_chunk_806",dense
A014,ev_8b99f2d8daf2d49f1700,0,"现代操作系统 (Andrew S. Tanenbaum, Herbert Bos) (Z-Library)_chunk_86",tfidf
A014,ev_ee4810ab502ebb66d7e6,1,"现代操作系统 (Andrew S. Tanenbaum, Herbert Bos) (Z-Library)_chunk_91",dense
A014,ev_f7efc821850118289eb1,0,"现代操作系统 (Andrew S. Tanenbaum, Herbert Bos) (Z-Library)_chunk_927",bm25
A014,ev_38aae3d7cb5fdbc73eb8,0,"现代操作系统 (Andrew S. Tanenbaum, Herbert Bos) (Z-Library)_chunk_928",dense
A014,ev_ff56efcb5b463e32d8cd,1,"现代操作系统 (Andrew S. Tanenbaum, Herbert Bos) (Z-Library)_chunk_93",tfidf
A014,ev_5c3643d230986df05962,1,"现代操作系统 (Andrew S. Tanenbaum, Herbert Bos) (Z-Library)_chunk_949",bm25/dense_bm25
A014,ev_2ca5d2a0bf3d81b5029a,0,"现代操作系统 (Andrew S. Tanenbaum, Herbert Bos) (Z-Library)_chunk_99",dense/dense_bm25
A015,ev_201b685f88c21fa9241a,0,Python数据结构与算法分析 第3版 (米勒 拉努姆 罗曼) (Z-Library)_chunk_106,bm25/dense_bm25
A015,ev_cdcc4b21bde73fc1b63f,1,Python数据结构与算法分析 第3版 (米勒 拉努姆 罗曼) (Z-Library)_chunk_185,bm25/dense_bm25/tfidf
A015,ev_554375a4440a60bf017d,1,Python数据结构与算法分析 第3版 (米勒 拉努姆 罗曼) (Z-Library)_chunk_186,bm25
A015,ev_3ea325e98fc5d0fbda59,1,Python数据结构与算法分析 第3版 (米勒 拉努姆 罗曼) (Z-Library)_chunk_2,dense/dense_bm25
A015,ev_e4e2dc8f792616f215c6,1,Python数据结构与算法分析 第3版 (米勒 拉努姆 罗曼) (Z-Library)_chunk_210,bm25
A015,ev_efc15865d2fb5f877a37,0,Python数据结构与算法分析 第3版 (米勒 拉努姆 罗曼) (Z-Library)_chunk_309,tfidf
A015,ev_2e5449ea7577f5b6b88c,1,Python数据结构与算法分析 第3版 (米勒 拉努姆 罗曼) (Z-Library)_chunk_329,bm25/tfidf
A015,ev_0eb57d18b882e0955330,0,Python数据结构与算法分析 第3版 (米勒 拉努姆 罗曼) (Z-Library)_chunk_70,dense/dense_bm25
A015,ev_a2d9fad5d8fee0747398,0,"[计算机科学丛书]数据结构与算法 Python语言实现 (Michael T. Goodrich, Roberto Tamassia etc.) (Z-Library)_chunk_162",dense/dense_bm25
A015,ev_8b32f6e5166d87aef7ab,0,"[计算机科学丛书]数据结构与算法 Python语言实现 (Michael T. Goodrich, Roberto Tamassia etc.) (Z-Library)_chunk_167",dense/dense_bm25
A015,ev_3c5983801e4131ac4368,1,"[计算机科学丛书]数据结构与算法 Python语言实现 (Michael T. Goodrich, Roberto Tamassia etc.) (Z-Library)_chunk_3",bm25
A015,ev_9288212e1b5c871a1726,1,"[计算机科学丛书]数据结构与算法 Python语言实现 (Michael T. Goodrich, Roberto Tamassia etc.) (Z-Library)_chunk_322",tfidf
A015,ev_9f739e02698c9ddf591d,1,"[计算机科学丛书]数据结构与算法 Python语言实现 (Michael T. Goodrich, Roberto Tamassia etc.) (Z-Library)_chunk_323",tfidf
A015,ev_3c07322ffc3e6df22bd7,1,"[计算机科学丛书]数据结构与算法 Python语言实现 (Michael T. Goodrich, Roberto Tamassia etc.) (Z-Library)_chunk_325",tfidf
A015,ev_6f1bd0d475ee1d6414b0,1,"[计算机科学丛书]数据结构与算法 Python语言实现 (Michael T. Goodrich, Roberto Tamassia etc.) (Z-Library)_chunk_333",tfidf
A015,ev_7bfa78990734d3ec28d5,0,"[计算机科学丛书]数据结构与算法 Python语言实现 (Michael T. Goodrich, Roberto Tamassia etc.) (Z-Library)_chunk_384",bm25/dense_bm25
A015,ev_deb51b8da793f122d5c4,0,"[计算机科学丛书]数据结构与算法 Python语言实现 (Michael T. Goodrich, Roberto Tamassia etc.) (Z-Library)_chunk_431",dense
A015,ev_cf2a094f64fe6795c89d,2,"[计算机科学丛书]数据结构与算法 Python语言实现 (Michael T. Goodrich, Roberto Tamassia etc.) (Z-Library)_chunk_582",dense/dense_bm25
A015,ev_9bd99cf511ca59269be0,2,"[计算机科学丛书]数据结构与算法 Python语言实现 (Michael T. Goodrich, Roberto Tamassia etc.) (Z-Library)_chunk_634",bm25
A015,ev_bda95d2646bc0ff40709,0,数据结构 (邓俊辉) (Z-Library)_chunk_13,dense
A015,ev_bcfc57d07bff6cbf0097,1,数据结构 (邓俊辉) (Z-Library)_chunk_159,dense/dense_bm25
A015,ev_6ce87e17e71ef49d34cb,1,数据结构 (邓俊辉) (Z-Library)_chunk_179,tfidf
A015,ev_ae0be9c9d66ceb3a2772,0,数据结构 (邓俊辉) (Z-Library)_chunk_18,dense
A015,ev_1516f057ea08a2a1af24,1,数据结构 (邓俊辉) (Z-Library)_chunk_180,tfidf
A015,ev_69bb047e3c7521a63888,1,数据结构 (邓俊辉) (Z-Library)_chunk_187,tfidf
A015,ev_fb74e7f995b79fb9b6fa,3,数据结构 (邓俊辉) (Z-Library)_chunk_225,tfidf
A015,ev_cf3a83a73f713436743f,1,数据结构 (邓俊辉) (Z-Library)_chunk_240,dense
A015,ev_9be1d58d067470089f11,0,数据结构 (邓俊辉) (Z-Library)_chunk_35,dense
A015,ev_cd84dcd4610eb52142ec,1,数据结构 (邓俊辉) (Z-Library)_chunk_4,dense/dense_bm25
A015,ev_42c5837128f6c2a00652,0,数据结构 (邓俊辉) (Z-Library)_chunk_44,dense
A015,ev_7ff7a13a199677998b28,0,数据结构 (邓俊辉) (Z-Library)_chunk_453,dense
A015,ev_44a3bc52ed8a4a6f178a,0,数据结构 (邓俊辉) (Z-Library)_chunk_497,dense
A015,ev_29daccd8b93f5fe3f50a,0,数据结构 (邓俊辉) (Z-Library)_chunk_9,dense
A015,ev_ac0edfb9a77e3c8b6283,0,数据结构 (邓俊辉) (Z-Library)_chunk_99,dense
A015,ev_4b82cff1d2faf4e61042,1,数据结构（C语言版 第2版） (严蔚敏) (Z-Library)_chunk_1,tfidf
A015,ev_5918b7ac3956045a407f,0,数据结构（C语言版 第2版） (严蔚敏) (Z-Library)_chunk_143,bm25/dense/dense_bm25
A015,ev_243ce326e982e723e76d,0,数据结构（C语言版 第2版） (严蔚敏) (Z-Library)_chunk_147,dense
A015,ev_1a03515bf4fcb3debd8f,1,数据结构（C语言版 第2版） (严蔚敏) (Z-Library)_chunk_163,bm25/tfidf
A015,ev_3e327b15a4edf254a928,1,数据结构（C语言版 第2版） (严蔚敏) (Z-Library)_chunk_164,bm25/dense_bm25/tfidf
A015,ev_1bd52f54bad884fba2e9,1,数据结构（C语言版 第2版） (严蔚敏) (Z-Library)_chunk_165,bm25/dense/dense_bm25
A015,ev_93fe6e7914d0ad1c9942,1,数据结构（C语言版 第2版） (严蔚敏) (Z-Library)_chunk_166,bm25/dense_bm25/tfidf
A015,ev_4d4a3734a0b45518bf5f,1,数据结构（C语言版 第2版） (严蔚敏) (Z-Library)_chunk_169,dense/dense_bm25
A015,ev_48ac5a311640cc3a97e8,1,数据结构（C语言版 第2版） (严蔚敏) (Z-Library)_chunk_174,bm25
A015,ev_d943675663baa3f6e0d2,1,数据结构（C语言版 第2版） (严蔚敏) (Z-Library)_chunk_175,bm25/dense_bm25
A015,ev_3c0fd5873ceaa26f595e,1,数据结构（C语言版 第2版） (严蔚敏) (Z-Library)_chunk_181,tfidf
A015,ev_277f4626e979a8969501,1,数据结构（C语言版 第2版） (严蔚敏) (Z-Library)_chunk_182,tfidf
A015,ev_02671270933b9540a4bd,1,数据结构（C语言版 第2版） (严蔚敏) (Z-Library)_chunk_195,bm25/dense_bm25
A015,ev_d9bae672b1ae52907cd3,1,数据结构（C语言版 第2版） (严蔚敏) (Z-Library)_chunk_199,bm25/dense/dense_bm25
A015,ev_29fe3cd109a2f83cb32d,1,数据结构（C语言版 第2版） (严蔚敏) (Z-Library)_chunk_21,dense_bm25
A015,ev_525ae0a2f928c685d153,2,数据结构（C语言版 第2版） (严蔚敏) (Z-Library)_chunk_219,dense_bm25
A015,ev_cd656822e5151ea86287,2,数据结构（C语言版 第2版） (严蔚敏) (Z-Library)_chunk_223,dense/dense_bm25
A015,ev_77114e079605e05d94a5,2,数据结构（C语言版 第2版） (严蔚敏) (Z-Library)_chunk_226,bm25/dense_bm25/tfidf
A015,ev_a23f1b2f870f065a7de4,1,数据结构（C语言版 第2版） (严蔚敏) (Z-Library)_chunk_241,dense/dense_bm25
A015,ev_407c0501659a940e8c5a,3,数据结构（C语言版 第2版） (严蔚敏) (Z-Library)_chunk_253,bm25/dense_bm25/tfidf
A015,ev_03508d06e0d425be77e0,1,数据结构（C语言版 第2版） (严蔚敏) (Z-Library)_chunk_257,dense/dense_bm25
A015,ev_11e857efd2c2c10e230c,0,数据结构（C语言版 第2版） (严蔚敏) (Z-Library)_chunk_267,dense/dense_bm25
A015,ev_96961025e6cf28038a9e,0,数据结构（C语言版 第2版） (严蔚敏) (Z-Library)_chunk_304,dense_bm25
A015,ev_fa3e6a02cdc0363eaa62,0,数据结构（C语言版 第2版） (严蔚敏) (Z-Library)_chunk_336,dense
A015,ev_af5352a10406966cdcf3,0,数据结构（C语言版 第2版） (严蔚敏) (Z-Library)_chunk_358,dense/dense_bm25
A015,ev_bc9635e57e6ff57a7439,0,数据结构（C语言版 第2版） (严蔚敏) (Z-Library)_chunk_372,dense
A015,ev_03e79a333058e30f6872,0,数据结构（C语言版 第2版） (严蔚敏) (Z-Library)_chunk_61,dense/dense_bm25
A015,ev_048ec4a42096dd2c82c3,0,数据结构（C语言版 第2版） (严蔚敏) (Z-Library)_chunk_83,bm25/dense_bm25
A015,ev_0a7000105049ed7a467c,0,计算机网络（第8版） (谢希仁) (Z-Library)(OCR)_chunk_50,tfidf
A016,ev_9ceba89657c008c61fc0,0,2024年王道计算机网络复习指导 (王道计算机) (Z-Library)_chunk_170,dense
A016,ev_b426b8af13ceab3b7486,0,2024年王道计算机网络复习指导 (王道计算机) (Z-Library)_chunk_171,dense
A016,ev_794f5dd9f8a06e6a51b0,1,2024年王道计算机网络复习指导 (王道计算机) (Z-Library)_chunk_272,dense/tfidf
A016,ev_6cad28e39fc82fae0af6,0,2024年王道计算机网络复习指导 (王道计算机) (Z-Library)_chunk_273,dense
A016,ev_b04e9cc1b91fc477fe08,1,2024年王道计算机网络复习指导 (王道计算机) (Z-Library)_chunk_425,dense
A016,ev_cb268b3f4d4e3a13a9a7,1,2024年王道计算机网络复习指导 (王道计算机) (Z-Library)_chunk_427,dense/dense_bm25
A016,ev_1b0e6b434c08fa818023,1,2024年王道计算机网络复习指导 (王道计算机) (Z-Library)_chunk_440,dense_bm25/tfidf
A016,ev_f8157ff88a337beff6a4,1,2024年王道计算机网络复习指导 (王道计算机) (Z-Library)_chunk_449,dense/dense_bm25
A016,ev_8524cb2e1abc13dc2036,3,2024年王道计算机网络复习指导 (王道计算机) (Z-Library)_chunk_450,bm25/dense/dense_bm25/tfidf
A016,ev_76d0abeffa35c3b9aaef,2,2024年王道计算机网络复习指导 (王道计算机) (Z-Library)_chunk_452,dense_bm25
A016,ev_674b0bdf2bf12ea2495d,0,"现代操作系统 (Andrew S. Tanenbaum, Herbert Bos) (Z-Library)_chunk_908",tfidf
A016,ev_fbcb65f14ccba74d0b53,0,"计算机网络 (吴功宜,吴英) (Z-Library)(OCR)_chunk_141",dense
A016,ev_39e548ce9085c209c03c,0,"计算机网络 (吴功宜,吴英) (Z-Library)(OCR)_chunk_269",dense_bm25
A016,ev_bf385c7543814880a2aa,0,"计算机网络 (吴功宜,吴英) (Z-Library)(OCR)_chunk_307",bm25
A016,ev_a4f528c5cbf5e89069f9,1,"计算机网络 (吴功宜,吴英) (Z-Library)(OCR)_chunk_322",dense_bm25
A016,ev_a4e54a245b1d5facb13c,1,"计算机网络 (吴功宜,吴英) (Z-Library)(OCR)_chunk_323",dense
A016,ev_ec846c63e0a9d59eb9f0,1,"计算机网络 (吴功宜,吴英) (Z-Library)(OCR)_chunk_329",dense/dense_bm25
A016,ev_e27c7a99c1995b556041,1,"计算机网络 (吴功宜,吴英) (Z-Library)(OCR)_chunk_336",dense
A016,ev_8c2fa9fe31794cf597ed,1,"计算机网络 (吴功宜,吴英) (Z-Library)(OCR)_chunk_343",dense
A016,ev_fa34d4c5bf898cf26195,3,"计算机网络 (吴功宜,吴英) (Z-Library)(OCR)_chunk_347",tfidf
A016,ev_b0852f019f2f3d85a728,2,"计算机网络 (吴功宜,吴英) (Z-Library)(OCR)_chunk_348",bm25/tfidf
A016,ev_b8c464c61117fee46081,2,"计算机网络 (吴功宜,吴英) (Z-Library)(OCR)_chunk_350",bm25
A016,ev_58e4d71d12c93437556f,1,"计算机网络 (吴功宜,吴英) (Z-Library)(OCR)_chunk_55",bm25/dense_bm25
A016,ev_f9aa455cc7543c3af21f,1,计算机网络（原书第7版） 自顶向下方法 (James F. Kurose Keith W. Ross) (Z-Library)_chunk_108,dense/dense_bm25
A016,ev_4c4d0f537c533fe12aa2,1,计算机网络（原书第7版） 自顶向下方法 (James F. Kurose Keith W. Ross) (Z-Library)_chunk_114,bm25/dense/dense_bm25
A016,ev_907425cbedbc09b94403,1,计算机网络（原书第7版） 自顶向下方法 (James F. Kurose Keith W. Ross) (Z-Library)_chunk_115,dense/dense_bm25/tfidf
A016,ev_7a138a39648935fdb1c5,1,计算机网络（原书第7版） 自顶向下方法 (James F. Kurose Keith W. Ross) (Z-Library)_chunk_137,dense
A016,ev_938b3ace2522ab2d4f27,1,计算机网络（原书第7版） 自顶向下方法 (James F. Kurose Keith W. Ross) (Z-Library)_chunk_138,dense
A016,ev_2b32fde7e15bb07df1de,1,计算机网络（原书第7版） 自顶向下方法 (James F. Kurose Keith W. Ross) (Z-Library)_chunk_155,dense/dense_bm25/tfidf
A016,ev_8cfe2537a886e5137e38,1,计算机网络（原书第7版） 自顶向下方法 (James F. Kurose Keith W. Ross) (Z-Library)_chunk_160,bm25/dense/dense_bm25/tfidf
A016,ev_a8e546d49835c39e3742,1,计算机网络（原书第7版） 自顶向下方法 (James F. Kurose Keith W. Ross) (Z-Library)_chunk_161,dense/dense_bm25
A016,ev_6cf563ae2887572b4885,1,计算机网络（原书第7版） 自顶向下方法 (James F. Kurose Keith W. Ross) (Z-Library)_chunk_162,bm25/tfidf
A016,ev_4fe941a8b504fb986eca,3,计算机网络（原书第7版） 自顶向下方法 (James F. Kurose Keith W. Ross) (Z-Library)_chunk_165,bm25/dense_bm25/tfidf
A016,ev_488cd94c6cd17bf0b297,1,计算机网络（原书第7版） 自顶向下方法 (James F. Kurose Keith W. Ross) (Z-Library)_chunk_166,bm25/dense_bm25/tfidf
A016,ev_a2e48289c46fbf212dcf,1,计算机网络（原书第7版） 自顶向下方法 (James F. Kurose Keith W. Ross) (Z-Library)_chunk_167,bm25/dense_bm25/tfidf
A016,ev_6d2f0f82e61a8c0b95ac,1,计算机网络（原书第7版） 自顶向下方法 (James F. Kurose Keith W. Ross) (Z-Library)_chunk_169,bm25/dense/dense_bm25/tfidf
A016,ev_84f975d623769ac61dd9,1,计算机网络（原书第7版） 自顶向下方法 (James F. Kurose Keith W. Ross) (Z-Library)_chunk_170,bm25
A016,ev_fd9de08c38c0511a6dfb,1,计算机网络（原书第7版） 自顶向下方法 (James F. Kurose Keith W. Ross) (Z-Library)_chunk_171,bm25/dense_bm25/tfidf
A016,ev_649d5b38460688920c5b,0,计算机网络（原书第7版） 自顶向下方法 (James F. Kurose Keith W. Ross) (Z-Library)_chunk_185,dense_bm25
A016,ev_55aaf2b07dab252a45d2,1,计算机网络（原书第7版） 自顶向下方法 (James F. Kurose Keith W. Ross) (Z-Library)_chunk_396,bm25/tfidf
A016,ev_eb7f447eaaec8e6b91b0,0,计算机网络（原书第7版） 自顶向下方法 (James F. Kurose Keith W. Ross) (Z-Library)_chunk_397,dense
A016,ev_fb3c3f840aa1f0bb34b7,1,计算机网络（原书第7版） 自顶向下方法 (James F. Kurose Keith W. Ross) (Z-Library)_chunk_591,dense_bm25
A016,ev_0bb4f510ca3bfa862450,0,计算机网络（第8版） (谢希仁) (Z-Library)(OCR)_chunk_199,bm25
A016,ev_db10fa14fe028d8ce189,0,计算机网络（第8版） (谢希仁) (Z-Library)(OCR)_chunk_234,dense
A016,ev_5b022960accd6855bc87,1,计算机网络（第8版） (谢希仁) (Z-Library)(OCR)_chunk_264,dense_bm25/tfidf
A016,ev_9af0c6e1221d01a52f97,1,计算机网络（第8版） (谢希仁) (Z-Library)(OCR)_chunk_273,dense
A016,ev_7abe8f0fda724a5767a0,1,计算机网络（第8版） (谢希仁) (Z-Library)(OCR)_chunk_299,bm25/dense/dense_bm25
A016,ev_f15c5ea824fa8702d48e,3,计算机网络（第8版） (谢希仁) (Z-Library)(OCR)_chunk_302,dense/dense_bm25/tfidf
A016,ev_ad4703ef3a704ac11816,2,计算机网络（第8版） (谢希仁) (Z-Library)(OCR)_chunk_303,tfidf
A016,ev_07599c1f056a637648ae,1,计算机网络（第8版） (谢希仁) (Z-Library)(OCR)_chunk_307,dense_bm25
A016,ev_2be4f2065a67d53bf795,1,计算机网络（第8版） (谢希仁) (Z-Library)(OCR)_chunk_309,dense
A016,ev_9e213ca83ed261f4d841,1,计算机网络（第8版） (谢希仁) (Z-Library)(OCR)_chunk_314,dense_bm25
A016,ev_0539a47cd82265cc40ff,2,计算机网络（第8版） (谢希仁) (Z-Library)(OCR)_chunk_315,bm25
A016,ev_d4c2efd2299edd89d7ff,1,计算机网络（第8版） (谢希仁) (Z-Library)(OCR)_chunk_318,bm25/dense_bm25
A016,ev_8d33f650f9f2a4a1da87,1,计算机网络（第8版） (谢希仁) (Z-Library)(OCR)_chunk_45,dense_bm25
A016,ev_5420445b5471bfd243f5,1,计算机网络（第8版） (谢希仁) (Z-Library)(OCR)_chunk_488,bm25/tfidf
A016,ev_90ec91619ba9cdf50530,0,计算机网络（第8版） (谢希仁) (Z-Library)(OCR)_chunk_489,dense
A016,ev_6fae170c7e86cacd44e1,1,计算机网络（第8版） (谢希仁) (Z-Library)(OCR)_chunk_547,dense/dense_bm25
A017,ev_022bbb2c02adfdb44c51,0,2024年王道计算机网络复习指导 (王道计算机) (Z-Library)_chunk_262,dense
A017,ev_0ee6ec6270c57ab8ae4c,0,Operating Systems Three Easy Pieces (Remzi H. Arpaci-Dusseau etc.) (Z-Library)_chunk_1317,dense
A017,ev_71a6c48cb56cc1938bed,0,Python数据结构与算法分析 第3版 (米勒 拉努姆 罗曼) (Z-Library)_chunk_4,dense
A017,ev_bd6386f8666d92b87062,1,"[计算机科学丛书]数据结构与算法 Python语言实现 (Michael T. Goodrich, Roberto Tamassia etc.) (Z-Library)_chunk_40",tfidf
A017,ev_c58345cb380f79e25924,1,操作系统导论-OSTEP (王海鹏 译) (Z-Library)_chunk_395,dense/dense_bm25
A017,ev_0bbd3039e26ed3d2c164,1,操作系统导论-OSTEP (王海鹏 译) (Z-Library)_chunk_397,tfidf
A017,ev_851933fa6ce13e4be881,1,操作系统导论-OSTEP (王海鹏 译) (Z-Library)_chunk_415,dense/dense_bm25
A017,ev_db509f1c62e8683c1e46,1,操作系统导论-OSTEP (王海鹏 译) (Z-Library)_chunk_428,dense
A017,ev_14f0f04c0db29c293195,0,操作系统导论-OSTEP (王海鹏 译) (Z-Library)_chunk_539,dense/dense_bm25
A017,ev_5ad48672e5d0f69a999d,0,操作系统导论-OSTEP (王海鹏 译) (Z-Library)_chunk_575,dense
A017,ev_1ff23a78ad268bb8b189,0,数据结构 (邓俊辉) (Z-Library)_chunk_394,dense
A017,ev_1e39bd7dfae598a78962,0,数据结构 (邓俊辉) (Z-Library)_chunk_525,dense
A017,ev_21ebc91b4b69cb81f2b1,0,数据结构（C语言版 第2版） (严蔚敏) (Z-Library)_chunk_301,dense/dense_bm25
A017,ev_b9850c057ac9bd760bd3,1,"现代操作系统 (Andrew S. Tanenbaum, Herbert Bos) (Z-Library)_chunk_1094",dense/tfidf
A017,ev_69ab6104274936adbeca,2,"现代操作系统 (Andrew S. Tanenbaum, Herbert Bos) (Z-Library)_chunk_1120",bm25
A017,ev_e35b10c585fd117370f9,0,"现代操作系统 (Andrew S. Tanenbaum, Herbert Bos) (Z-Library)_chunk_265",dense/dense_bm25
A017,ev_9345d173e16e7d45caff,1,"现代操作系统 (Andrew S. Tanenbaum, Herbert Bos) (Z-Library)_chunk_268",tfidf
A017,ev_f51283bb4de6ed76db9a,1,"现代操作系统 (Andrew S. Tanenbaum, Herbert Bos) (Z-Library)_chunk_269",dense/dense_bm25
A017,ev_a9a54d36eab243431d47,1,"现代操作系统 (Andrew S. Tanenbaum, Herbert Bos) (Z-Library)_chunk_271",dense/dense_bm25/tfidf
A017,ev_2ba0ad15ff6e2cd2c31b,3,"现代操作系统 (Andrew S. Tanenbaum, Herbert Bos) (Z-Library)_chunk_272",dense/dense_bm25/tfidf
A017,ev_454b679236e5f58f42c1,1,"现代操作系统 (Andrew S. Tanenbaum, Herbert Bos) (Z-Library)_chunk_273",dense/dense_bm25
A017,ev_1e1939d94676cb1b0e01,1,"现代操作系统 (Andrew S. Tanenbaum, Herbert Bos) (Z-Library)_chunk_274",tfidf
A017,ev_5d1700b1be77242671d5,3,"现代操作系统 (Andrew S. Tanenbaum, Herbert Bos) (Z-Library)_chunk_275",dense/dense_bm25/tfidf
A017,ev_10cbd7ab54e482f58c7c,1,"现代操作系统 (Andrew S. Tanenbaum, Herbert Bos) (Z-Library)_chunk_276",tfidf
A017,ev_a80862633393d9ef9a0e,1,"现代操作系统 (Andrew S. Tanenbaum, Herbert Bos) (Z-Library)_chunk_283",bm25
A017,ev_eb7ecf1b7a2db1bf020d,1,"现代操作系统 (Andrew S. Tanenbaum, Herbert Bos) (Z-Library)_chunk_284",dense_bm25
A017,ev_59186f7fee771a3cc2ee,1,"现代操作系统 (Andrew S. Tanenbaum, Herbert Bos) (Z-Library)_chunk_285",tfidf
A017,ev_1cca547fc76c86e1ec57,1,"现代操作系统 (Andrew S. Tanenbaum, Herbert Bos) (Z-Library)_chunk_288",bm25/dense_bm25
A017,ev_40bed7bbd883083eda15,1,"现代操作系统 (Andrew S. Tanenbaum, Herbert Bos) (Z-Library)_chunk_292",dense_bm25/tfidf
A017,ev_65d2ac429a0016b44fc2,1,"现代操作系统 (Andrew S. Tanenbaum, Herbert Bos) (Z-Library)_chunk_315",bm25
A017,ev_f8ce745f400d1fcdd75d,0,"现代操作系统 (Andrew S. Tanenbaum, Herbert Bos) (Z-Library)_chunk_329",dense/dense_bm25
A017,ev_029e2ba5be92dd753245,0,"现代操作系统 (Andrew S. Tanenbaum, Herbert Bos) (Z-Library)_chunk_330",bm25/dense_bm25
A017,ev_73cb71b6a851cc05a0d2,1,"现代操作系统 (Andrew S. Tanenbaum, Herbert Bos) (Z-Library)_chunk_335",bm25/dense/dense_bm25/tfidf
A017,ev_2aa67c2b7e9bc75096f9,1,"现代操作系统 (Andrew S. Tanenbaum, Herbert Bos) (Z-Library)_chunk_336",tfidf
A017,ev_8d297911e138bc7e8f92,1,"现代操作系统 (Andrew S. Tanenbaum, Herbert Bos) (Z-Library)_chunk_339",bm25/dense_bm25
A017,ev_41010faee105ccdfa38c,0,"现代操作系统 (Andrew S. Tanenbaum, Herbert Bos) (Z-Library)_chunk_343",bm25/dense/dense_bm25/tfidf
A017,ev_3e8f69d709367d48785e,3,"现代操作系统 (Andrew S. Tanenbaum, Herbert Bos) (Z-Library)_chunk_53",bm25/tfidf
A017,ev_525217ba6dc13b69a944,1,"现代操作系统 (Andrew S. Tanenbaum, Herbert Bos) (Z-Library)_chunk_587",bm25/dense_bm25
A017,ev_a1adf3e891d8aa928f81,0,"现代操作系统 (Andrew S. Tanenbaum, Herbert Bos) (Z-Library)_chunk_675",dense
A017,ev_e0756d1b0ef3d219aa53,1,"现代操作系统 (Andrew S. Tanenbaum, Herbert Bos) (Z-Library)_chunk_69",tfidf
A017,ev_47bc0c3eabb6907c82d9,1,"现代操作系统 (Andrew S. Tanenbaum, Herbert Bos) (Z-Library)_chunk_699",bm25/dense_bm25
A017,ev_754d72e016954507e279,3,"现代操作系统 (Andrew S. Tanenbaum, Herbert Bos) (Z-Library)_chunk_733",bm25/dense_bm25/tfidf
A017,ev_14733cb426951f6222cd,1,"现代操作系统 (Andrew S. Tanenbaum, Herbert Bos) (Z-Library)_chunk_738",bm25/dense_bm25
A017,ev_dc36fff4cddbf889da1b,1,"现代操作系统 (Andrew S. Tanenbaum, Herbert Bos) (Z-Library)_chunk_745",tfidf
A017,ev_31cab1a889cc364ec334,1,"现代操作系统 (Andrew S. Tanenbaum, Herbert Bos) (Z-Library)_chunk_746",tfidf
A017,ev_08942d37f001a3096442,1,"现代操作系统 (Andrew S. Tanenbaum, Herbert Bos) (Z-Library)_chunk_747",dense/dense_bm25
A017,ev_1d4d1fd3eae5a7a2999d,1,"现代操作系统 (Andrew S. Tanenbaum, Herbert Bos) (Z-Library)_chunk_752",bm25
A017,ev_c659cedf164e6f83673d,1,"现代操作系统 (Andrew S. Tanenbaum, Herbert Bos) (Z-Library)_chunk_753",dense/dense_bm25/tfidf
A017,ev_cafb7dc50df0d591f142,0,"现代操作系统 (Andrew S. Tanenbaum, Herbert Bos) (Z-Library)_chunk_760",bm25/dense_bm25
A017,ev_2787877ddb79a4f11e6b,0,"现代操作系统 (Andrew S. Tanenbaum, Herbert Bos) (Z-Library)_chunk_791",bm25
A017,ev_7937dd9c8b45ecbfa566,0,"现代操作系统 (Andrew S. Tanenbaum, Herbert Bos) (Z-Library)_chunk_843",bm25/dense_bm25
A017,ev_a1a48f2db481d0d167a6,0,"现代操作系统 (Andrew S. Tanenbaum, Herbert Bos) (Z-Library)_chunk_893",bm25/dense_bm25
A017,ev_8d5e2fe8c9ef813965ad,0,"现代操作系统 (Andrew S. Tanenbaum, Herbert Bos) (Z-Library)_chunk_896",bm25
A017,ev_eea29d27ef3352320901,0,"现代操作系统 (Andrew S. Tanenbaum, Herbert Bos) (Z-Library)_chunk_898",bm25/dense_bm25
A017,ev_c1278e72691f8a312752,0,"计算机网络 (吴功宜,吴英) (Z-Library)(OCR)_chunk_43",dense
A017,ev_c91f83488db1af2daa61,0,"计算机网络 (吴功宜,吴英) (Z-Library)(OCR)_chunk_57",dense/dense_bm25
A017,ev_a9979039d2ca45d9c5b1,0,计算机网络（原书第7版） 自顶向下方法 (James F. Kurose Keith W. Ross) (Z-Library)_chunk_412,dense
A017,ev_54ac120e831b42ba6f3b,0,计算机网络（第8版） (谢希仁) (Z-Library)(OCR)_chunk_335,dense
A017,ev_b4b560bdea42904e92a4,0,计算机网络（第8版） (谢希仁) (Z-Library)(OCR)_chunk_383,dense
A017,ev_40ed1a03a5764c9891ef,0,计算机网络（第8版） (谢希仁) (Z-Library)(OCR)_chunk_390,dense/dense_bm25
A018,ev_926b0bfb6f899dea10a7,0,Python数据结构与算法分析 第3版 (米勒 拉努姆 罗曼) (Z-Library)_chunk_164,dense/dense_bm25
A018,ev_03088358a0a02828efe5,3,Python数据结构与算法分析 第3版 (米勒 拉努姆 罗曼) (Z-Library)_chunk_187,bm25/dense/dense_bm25/tfidf
A018,ev_b3db2c73e7fcc9abb8ca,2,Python数据结构与算法分析 第3版 (米勒 拉努姆 罗曼) (Z-Library)_chunk_190,dense_bm25
A018,ev_5c0a2318f3ac5bcad8ca,2,Python数据结构与算法分析 第3版 (米勒 拉努姆 罗曼) (Z-Library)_chunk_191,dense
A018,ev_34ac070765415267df17,0,Python数据结构与算法分析 第3版 (米勒 拉努姆 罗曼) (Z-Library)_chunk_97,dense
A018,ev_1dfb56704cbc4d011760,0,Python数据结构与算法分析 第3版 (米勒 拉努姆 罗曼) (Z-Library)_chunk_99,dense
A018,ev_568e2382d3d0576885ed,1,"[计算机科学丛书]数据结构与算法 Python语言实现 (Michael T. Goodrich, Roberto Tamassia etc.) (Z-Library)_chunk_236",tfidf
A018,ev_63727a9777f8adba67e6,0,"[计算机科学丛书]数据结构与算法 Python语言实现 (Michael T. Goodrich, Roberto Tamassia etc.) (Z-Library)_chunk_241",bm25/tfidf
A018,ev_304e7c450b9495833ab0,1,"[计算机科学丛书]数据结构与算法 Python语言实现 (Michael T. Goodrich, Roberto Tamassia etc.) (Z-Library)_chunk_354",bm25/tfidf
A018,ev_1ea2d4f17e4dcd9ad86e,1,"[计算机科学丛书]数据结构与算法 Python语言实现 (Michael T. Goodrich, Roberto Tamassia etc.) (Z-Library)_chunk_355",bm25/dense_bm25/tfidf
A018,ev_3bc5ca1b2b69ccd3c6e6,1,"[计算机科学丛书]数据结构与算法 Python语言实现 (Michael T. Goodrich, Roberto Tamassia etc.) (Z-Library)_chunk_356",dense/dense_bm25
A018,ev_097b51e0b767f4dc1086,3,"[计算机科学丛书]数据结构与算法 Python语言实现 (Michael T. Goodrich, Roberto Tamassia etc.) (Z-Library)_chunk_357",bm25/tfidf
A018,ev_5df4d74dbc332dcf8ffd,3,"[计算机科学丛书]数据结构与算法 Python语言实现 (Michael T. Goodrich, Roberto Tamassia etc.) (Z-Library)_chunk_358",bm25/dense/dense_bm25/tfidf
A018,ev_4b0029067c06d2485428,2,"[计算机科学丛书]数据结构与算法 Python语言实现 (Michael T. Goodrich, Roberto Tamassia etc.) (Z-Library)_chunk_362",bm25/dense/dense_bm25
A018,ev_83a8b6f826a170606abe,2,"[计算机科学丛书]数据结构与算法 Python语言实现 (Michael T. Goodrich, Roberto Tamassia etc.) (Z-Library)_chunk_367",bm25/dense/dense_bm25
A018,ev_77ff877a28ef14ffd2d1,1,"[计算机科学丛书]数据结构与算法 Python语言实现 (Michael T. Goodrich, Roberto Tamassia etc.) (Z-Library)_chunk_369",bm25/dense_bm25/tfidf
A018,ev_61a69cc7c73854be7999,1,"[计算机科学丛书]数据结构与算法 Python语言实现 (Michael T. Goodrich, Roberto Tamassia etc.) (Z-Library)_chunk_374",bm25/dense_bm25
A018,ev_9103b2bbd191e919ce8c,1,"[计算机科学丛书]数据结构与算法 Python语言实现 (Michael T. Goodrich, Roberto Tamassia etc.) (Z-Library)_chunk_377",dense_bm25
A018,ev_11a0fda567d9684d3b6f,1,"[计算机科学丛书]数据结构与算法 Python语言实现 (Michael T. Goodrich, Roberto Tamassia etc.) (Z-Library)_chunk_378",bm25/dense_bm25/tfidf
A018,ev_b4f51c94418f747d3fa1,0,"[计算机科学丛书]数据结构与算法 Python语言实现 (Michael T. Goodrich, Roberto Tamassia etc.) (Z-Library)_chunk_379",bm25/tfidf
A018,ev_f4b5c4ceb47d90316688,0,"[计算机科学丛书]数据结构与算法 Python语言实现 (Michael T. Goodrich, Roberto Tamassia etc.) (Z-Library)_chunk_380",dense/dense_bm25
A018,ev_7bfa78990734d3ec28d5,1,"[计算机科学丛书]数据结构与算法 Python语言实现 (Michael T. Goodrich, Roberto Tamassia etc.) (Z-Library)_chunk_384",dense
A018,ev_cf2a094f64fe6795c89d,0,"[计算机科学丛书]数据结构与算法 Python语言实现 (Michael T. Goodrich, Roberto Tamassia etc.) (Z-Library)_chunk_582",dense/dense_bm25
A018,ev_ab07c8988fba5a52f96f,0,"[计算机科学丛书]数据结构与算法 Python语言实现 (Michael T. Goodrich, Roberto Tamassia etc.) (Z-Library)_chunk_583",dense
A018,ev_cb52838a9b9400ad646c,0,"[计算机科学丛书]数据结构与算法 Python语言实现 (Michael T. Goodrich, Roberto Tamassia etc.) (Z-Library)_chunk_712",bm25
A018,ev_4c2ccbca1c5819fc5a63,0,"[计算机科学丛书]数据结构与算法 Python语言实现 (Michael T. Goodrich, Roberto Tamassia etc.) (Z-Library)_chunk_737",dense
A018,ev_0df141823574fcd68823,1,操作系统导论-OSTEP (王海鹏 译) (Z-Library)_chunk_76,tfidf
A018,ev_1769b51c8004c2980844,1,操作系统导论-OSTEP (王海鹏 译) (Z-Library)_chunk_81,tfidf
A018,ev_9893a411706ba0178ff9,0,操作系统导论-OSTEP (王海鹏 译) (Z-Library)_chunk_97,bm25/dense_bm25
A018,ev_e90a6f17895125fc9264,0,数据结构 (邓俊辉) (Z-Library)_chunk_191,dense_bm25
A018,ev_cf3a83a73f713436743f,0,数据结构 (邓俊辉) (Z-Library)_chunk_240,dense
A018,ev_9be1d58d067470089f11,0,数据结构 (邓俊辉) (Z-Library)_chunk_35,dense
A018,ev_81b97202587b325a25b4,0,数据结构 (邓俊辉) (Z-Library)_chunk_351,dense
A018,ev_6977558dccec05872fbc,0,数据结构 (邓俊辉) (Z-Library)_chunk_352,dense/dense_bm25
A018,ev_e547046c6d653300291c,0,数据结构 (邓俊辉) (Z-Library)_chunk_361,dense
A018,ev_880d69becc8a3cd97f82,1,数据结构 (邓俊辉) (Z-Library)_chunk_392,bm25/dense_bm25
A018,ev_d0b4d4709032b9b8f8d4,1,数据结构 (邓俊辉) (Z-Library)_chunk_395,bm25/dense_bm25/tfidf
A018,ev_59909e4e778d7956fcf3,1,数据结构 (邓俊辉) (Z-Library)_chunk_396,bm25/tfidf
A018,ev_9bbfd3a347655c357832,1,数据结构 (邓俊辉) (Z-Library)_chunk_399,bm25/dense_bm25/tfidf
A018,ev_9b29f3df59002fb19f77,0,数据结构 (邓俊辉) (Z-Library)_chunk_414,bm25/dense/dense_bm25
A018,ev_1111628a0f8922771eee,0,数据结构（C语言版 第2版） (严蔚敏) (Z-Library)_chunk_102,dense/dense_bm25
A018,ev_3aa402205fe05fcf900b,0,数据结构（C语言版 第2版） (严蔚敏) (Z-Library)_chunk_111,dense_bm25
A018,ev_a01f6aae7489639bc23f,0,数据结构（C语言版 第2版） (严蔚敏) (Z-Library)_chunk_139,dense_bm25
A018,ev_fe24b7614716dfd93c3f,0,数据结构（C语言版 第2版） (严蔚敏) (Z-Library)_chunk_140,dense/dense_bm25
A018,ev_5918b7ac3956045a407f,0,数据结构（C语言版 第2版） (严蔚敏) (Z-Library)_chunk_143,dense_bm25
A018,ev_06da0606fc5a880ea000,0,数据结构（C语言版 第2版） (严蔚敏) (Z-Library)_chunk_216,dense/dense_bm25
A018,ev_714867794b2ff10c8ce8,0,数据结构（C语言版 第2版） (严蔚敏) (Z-Library)_chunk_218,dense
A018,ev_a23f1b2f870f065a7de4,0,数据结构（C语言版 第2版） (严蔚敏) (Z-Library)_chunk_241,dense/dense_bm25
A018,ev_407c0501659a940e8c5a,0,数据结构（C语言版 第2版） (严蔚敏) (Z-Library)_chunk_253,bm25/dense_bm25
A018,ev_03508d06e0d425be77e0,0,数据结构（C语言版 第2版） (严蔚敏) (Z-Library)_chunk_257,dense
A018,ev_11e857efd2c2c10e230c,0,数据结构（C语言版 第2版） (严蔚敏) (Z-Library)_chunk_267,dense
A018,ev_af5352a10406966cdcf3,0,数据结构（C语言版 第2版） (严蔚敏) (Z-Library)_chunk_358,dense
A018,ev_ec4188b7e2a0b5559e06,0,数据结构（C语言版 第2版） (严蔚敏) (Z-Library)_chunk_370,dense
A018,ev_ed1ade414087852ab63f,0,数据结构（C语言版 第2版） (严蔚敏) (Z-Library)_chunk_57,dense
A018,ev_cd18cd4da76ab6d473da,0,数据结构（C语言版 第2版） (严蔚敏) (Z-Library)_chunk_70,tfidf
A018,ev_ed28f373ad8202725426,0,数据结构（C语言版 第2版） (严蔚敏) (Z-Library)_chunk_93,dense_bm25/tfidf
A018,ev_1116bfa2235f5be572f7,1,"现代操作系统 (Andrew S. Tanenbaum, Herbert Bos) (Z-Library)_chunk_166",tfidf
A018,ev_b663dbdd3d976e98287b,0,"现代操作系统 (Andrew S. Tanenbaum, Herbert Bos) (Z-Library)_chunk_864",tfidf
A018,ev_d79d735c1234517345ea,0,"现代操作系统 (Andrew S. Tanenbaum, Herbert Bos) (Z-Library)_chunk_866",tfidf
A019,ev_ed926f51a76a3fc751d2,0,2024年王道计算机网络复习指导 (王道计算机) (Z-Library)_chunk_126,bm25/dense_bm25
A019,ev_ad367d8a82bd65a4e7ce,0,2024年王道计算机网络复习指导 (王道计算机) (Z-Library)_chunk_366,bm25/dense_bm25
A019,ev_81b8e95b99c3df426d76,0,2024年王道计算机网络复习指导 (王道计算机) (Z-Library)_chunk_420,tfidf
A019,ev_57d4a414c4237a4a22fc,0,2024年王道计算机网络复习指导 (王道计算机) (Z-Library)_chunk_520,tfidf
A019,ev_ff195105a65a22b53c15,0,2024年王道计算机网络复习指导 (王道计算机) (Z-Library)_chunk_525,bm25
A019,ev_24d36345cb11fd8dedd4,0,Operating Systems Three Easy Pieces (Remzi H. Arpaci-Dusseau etc.) (Z-Library)_chunk_862,dense/dense_bm25
A019,ev_40fd142c4914b8464d0d,0,Operating Systems Three Easy Pieces (Remzi H. Arpaci-Dusseau etc.) (Z-Library)_chunk_869,dense
A019,ev_b6a5fab5c611f7b57b23,0,Python数据结构与算法分析 第3版 (米勒 拉努姆 罗曼) (Z-Library)_chunk_117,dense_bm25
A019,ev_6746f21393ff297f6af4,0,Python数据结构与算法分析 第3版 (米勒 拉努姆 罗曼) (Z-Library)_chunk_256,bm25/dense_bm25
A019,ev_ce2adea98473aa520fd8,0,Python数据结构与算法分析 第3版 (米勒 拉努姆 罗曼) (Z-Library)_chunk_294,dense/dense_bm25
A019,ev_39b186a355e949dfabed,0,"[计算机科学丛书]数据结构与算法 Python语言实现 (Michael T. Goodrich, Roberto Tamassia etc.) (Z-Library)_chunk_128",dense
A019,ev_a16d29deff9679683df8,0,"[计算机科学丛书]数据结构与算法 Python语言实现 (Michael T. Goodrich, Roberto Tamassia etc.) (Z-Library)_chunk_132",dense
A019,ev_1098bc29e9c23c963c7c,0,"[计算机科学丛书]数据结构与算法 Python语言实现 (Michael T. Goodrich, Roberto Tamassia etc.) (Z-Library)_chunk_134",dense/dense_bm25
A019,ev_dd13b102aaab8f2313cf,0,"[计算机科学丛书]数据结构与算法 Python语言实现 (Michael T. Goodrich, Roberto Tamassia etc.) (Z-Library)_chunk_150",dense
A019,ev_1da8aa397e4e5b739754,0,"[计算机科学丛书]数据结构与算法 Python语言实现 (Michael T. Goodrich, Roberto Tamassia etc.) (Z-Library)_chunk_157",dense/dense_bm25
A019,ev_7799fa63e8530067f1aa,0,"[计算机科学丛书]数据结构与算法 Python语言实现 (Michael T. Goodrich, Roberto Tamassia etc.) (Z-Library)_chunk_172",dense/dense_bm25
A019,ev_36f039a5655a6e204e70,0,"[计算机科学丛书]数据结构与算法 Python语言实现 (Michael T. Goodrich, Roberto Tamassia etc.) (Z-Library)_chunk_173",dense/dense_bm25
A019,ev_74463447f97f0655eeb7,0,"[计算机科学丛书]数据结构与算法 Python语言实现 (Michael T. Goodrich, Roberto Tamassia etc.) (Z-Library)_chunk_27",dense/dense_bm25/tfidf
A019,ev_924417706550f59e5ad6,0,"[计算机科学丛书]数据结构与算法 Python语言实现 (Michael T. Goodrich, Roberto Tamassia etc.) (Z-Library)_chunk_28",tfidf
A019,ev_3808e2fb289d7e9623bb,0,"[计算机科学丛书]数据结构与算法 Python语言实现 (Michael T. Goodrich, Roberto Tamassia etc.) (Z-Library)_chunk_44",bm25/dense_bm25
A019,ev_be8dd82dc437aced15e9,0,"[计算机科学丛书]数据结构与算法 Python语言实现 (Michael T. Goodrich, Roberto Tamassia etc.) (Z-Library)_chunk_51",tfidf
A019,ev_4da10bde1cd51ea72879,0,操作系统导论-OSTEP (王海鹏 译) (Z-Library)_chunk_255,dense
A019,ev_ecee1fa0914fdb6c078b,0,操作系统导论-OSTEP (王海鹏 译) (Z-Library)_chunk_300,dense/dense_bm25
A019,ev_cfe74ebb72249ea2c723,0,操作系统导论-OSTEP (王海鹏 译) (Z-Library)_chunk_310,dense/dense_bm25/tfidf
A019,ev_415c98889a1368ed6b4b,0,操作系统导论-OSTEP (王海鹏 译) (Z-Library)_chunk_311,dense
A019,ev_063913063351aeb77450,0,操作系统导论-OSTEP (王海鹏 译) (Z-Library)_chunk_316,dense/dense_bm25
A019,ev_dccab22931ba0cdee705,0,操作系统导论-OSTEP (王海鹏 译) (Z-Library)_chunk_338,bm25/dense_bm25
A019,ev_8371a6484cc6720b2ba4,0,操作系统导论-OSTEP (王海鹏 译) (Z-Library)_chunk_563,bm25/dense/dense_bm25
A019,ev_9b6580c880fdc2147b0f,0,数据结构 (邓俊辉) (Z-Library)_chunk_277,dense
A019,ev_f0792cf7e12c490ab384,0,数据结构 (邓俊辉) (Z-Library)_chunk_32,dense
A019,ev_302d63eb5695732fecef,0,数据结构 (邓俊辉) (Z-Library)_chunk_34,dense/dense_bm25
A019,ev_2728a3b43a7e689fb266,0,数据结构（C语言版 第2版） (严蔚敏) (Z-Library)_chunk_361,dense
A019,ev_048ec4a42096dd2c82c3,0,数据结构（C语言版 第2版） (严蔚敏) (Z-Library)_chunk_83,bm25/dense_bm25
A019,ev_614ab53e6df583daa075,0,"现代操作系统 (Andrew S. Tanenbaum, Herbert Bos) (Z-Library)_chunk_1000",dense
A019,ev_3a820250b71299fcec75,0,"现代操作系统 (Andrew S. Tanenbaum, Herbert Bos) (Z-Library)_chunk_1003",dense
A019,ev_f0387fbf377f7319bf80,0,"现代操作系统 (Andrew S. Tanenbaum, Herbert Bos) (Z-Library)_chunk_145",bm25
A019,ev_af4279876cdff1b83eb0,0,"现代操作系统 (Andrew S. Tanenbaum, Herbert Bos) (Z-Library)_chunk_146",tfidf
A019,ev_c47d24fb6043daf65ffb,0,"现代操作系统 (Andrew S. Tanenbaum, Herbert Bos) (Z-Library)_chunk_179",bm25
A019,ev_5576a94ffeccf645cfc4,0,"现代操作系统 (Andrew S. Tanenbaum, Herbert Bos) (Z-Library)_chunk_180",dense
A019,ev_8c2d7bed3bced09a6caf,0,"现代操作系统 (Andrew S. Tanenbaum, Herbert Bos) (Z-Library)_chunk_264",bm25/dense_bm25/tfidf
A019,ev_67ff0a1c2697eb10ea6f,3,"现代操作系统 (Andrew S. Tanenbaum, Herbert Bos) (Z-Library)_chunk_445",bm25/dense/dense_bm25/tfidf
A019,ev_b908f147faaa2b3a0cf0,1,"现代操作系统 (Andrew S. Tanenbaum, Herbert Bos) (Z-Library)_chunk_461",bm25/dense_bm25/tfidf
A019,ev_9446220e58598f519ae7,1,"现代操作系统 (Andrew S. Tanenbaum, Herbert Bos) (Z-Library)_chunk_462",bm25/dense_bm25/tfidf
A019,ev_277f84bdbea501995fa3,0,"现代操作系统 (Andrew S. Tanenbaum, Herbert Bos) (Z-Library)_chunk_802",bm25/dense_bm25
A019,ev_31d871547d3f9b23f716,0,"现代操作系统 (Andrew S. Tanenbaum, Herbert Bos) (Z-Library)_chunk_938",bm25/dense_bm25/tfidf
A019,ev_911d8351a139b2537246,0,"计算机网络 (吴功宜,吴英) (Z-Library)(OCR)_chunk_245",tfidf
A019,ev_5dbc1f23806acdddf0d6,0,"计算机网络 (吴功宜,吴英) (Z-Library)(OCR)_chunk_82",bm25/dense_bm25
A019,ev_41ec634344c34200a1c1,0,计算机网络（原书第7版） 自顶向下方法 (James F. Kurose Keith W. Ross) (Z-Library)_chunk_124,dense
A019,ev_04220a0969a3fefbad07,0,计算机网络（原书第7版） 自顶向下方法 (James F. Kurose Keith W. Ross) (Z-Library)_chunk_14,tfidf
A019,ev_fb7c549626f9dcc4f23a,0,计算机网络（原书第7版） 自顶向下方法 (James F. Kurose Keith W. Ross) (Z-Library)_chunk_177,dense
A019,ev_e93bad71292279fe4741,0,计算机网络（原书第7版） 自顶向下方法 (James F. Kurose Keith W. Ross) (Z-Library)_chunk_277,tfidf
A019,ev_f86b38cf585b2f742c25,0,计算机网络（原书第7版） 自顶向下方法 (James F. Kurose Keith W. Ross) (Z-Library)_chunk_391,dense/dense_bm25
A019,ev_00d2fb8f393ee1cace63,0,计算机网络（原书第7版） 自顶向下方法 (James F. Kurose Keith W. Ross) (Z-Library)_chunk_398,tfidf
A019,ev_d1f9598348458489b102,0,计算机网络（原书第7版） 自顶向下方法 (James F. Kurose Keith W. Ross) (Z-Library)_chunk_399,tfidf
A019,ev_f189e89687832c47651a,0,计算机网络（原书第7版） 自顶向下方法 (James F. Kurose Keith W. Ross) (Z-Library)_chunk_560,dense
A019,ev_ca1568caaa42f4b9b390,0,计算机网络（第8版） (谢希仁) (Z-Library)(OCR)_chunk_145,bm25/dense_bm25/tfidf
A019,ev_6cd38e7a36eff7367884,0,计算机网络（第8版） (谢希仁) (Z-Library)(OCR)_chunk_344,bm25
A019,ev_9fff0d6d2466e91cd64b,0,计算机网络（第8版） (谢希仁) (Z-Library)(OCR)_chunk_382,tfidf
A019,ev_77c3d911060835d47872,0,计算机网络（第8版） (谢希仁) (Z-Library)(OCR)_chunk_435,dense/dense_bm25
A019,ev_d8d417569411a7ae2f88,0,计算机网络（第8版） (谢希仁) (Z-Library)(OCR)_chunk_46,bm25/dense_bm25
A019,ev_12f759825261372d9dbe,0,计算机网络（第8版） (谢希仁) (Z-Library)(OCR)_chunk_552,tfidf
A020,ev_3d0253428dd5bdbaad6b,0,2024年王道计算机网络复习指导 (王道计算机) (Z-Library)_chunk_254,dense
A020,ev_794f5dd9f8a06e6a51b0,0,2024年王道计算机网络复习指导 (王道计算机) (Z-Library)_chunk_272,dense
A020,ev_d9c890b77b462498566d,0,2024年王道计算机网络复习指导 (王道计算机) (Z-Library)_chunk_396,dense
A020,ev_f1854b6443a6a4a55d88,0,2024年王道计算机网络复习指导 (王道计算机) (Z-Library)_chunk_457,bm25/dense_bm25/tfidf
A020,ev_9e234ad2957a65a9081b,0,Operating Systems Three Easy Pieces (Remzi H. Arpaci-Dusseau etc.) (Z-Library)_chunk_1107,tfidf
A020,ev_c3b73f0c6e2a203a312f,0,Operating Systems Three Easy Pieces (Remzi H. Arpaci-Dusseau etc.) (Z-Library)_chunk_185,tfidf
A020,ev_8bbf30c4c75e7dd2d12c,0,Operating Systems Three Easy Pieces (Remzi H. Arpaci-Dusseau etc.) (Z-Library)_chunk_269,tfidf
A020,ev_bfa4071e4824176dda73,0,Operating Systems Three Easy Pieces (Remzi H. Arpaci-Dusseau etc.) (Z-Library)_chunk_467,tfidf
A020,ev_0dfb0feba3aa67b71cad,0,Operating Systems Three Easy Pieces (Remzi H. Arpaci-Dusseau etc.) (Z-Library)_chunk_474,tfidf
A020,ev_d493c106594874b84e3d,0,Operating Systems Three Easy Pieces (Remzi H. Arpaci-Dusseau etc.) (Z-Library)_chunk_51,tfidf
A020,ev_18f22c88fa64a1b19c88,0,Operating Systems Three Easy Pieces (Remzi H. Arpaci-Dusseau etc.) (Z-Library)_chunk_515,tfidf
A020,ev_66bd824530f058047f3e,0,Operating Systems Three Easy Pieces (Remzi H. Arpaci-Dusseau etc.) (Z-Library)_chunk_539,tfidf
A020,ev_ae2357a65249024618e7,0,Operating Systems Three Easy Pieces (Remzi H. Arpaci-Dusseau etc.) (Z-Library)_chunk_540,tfidf
A020,ev_7c0b2584cff588ca99c5,0,Operating Systems Three Easy Pieces (Remzi H. Arpaci-Dusseau etc.) (Z-Library)_chunk_685,tfidf
A020,ev_c9c6b92b57a01eda1fef,0,Operating Systems Three Easy Pieces (Remzi H. Arpaci-Dusseau etc.) (Z-Library)_chunk_706,tfidf
A020,ev_aa4414f8b942cac16c0d,0,Operating Systems Three Easy Pieces (Remzi H. Arpaci-Dusseau etc.) (Z-Library)_chunk_707,tfidf
A020,ev_11c313667a683165a424,0,Operating Systems Three Easy Pieces (Remzi H. Arpaci-Dusseau etc.) (Z-Library)_chunk_977,dense
A020,ev_3a820250b71299fcec75,0,"现代操作系统 (Andrew S. Tanenbaum, Herbert Bos) (Z-Library)_chunk_1003",dense
A020,ev_36c4eb2fdb4562bda506,0,"现代操作系统 (Andrew S. Tanenbaum, Herbert Bos) (Z-Library)_chunk_1122",dense
A020,ev_b348bf7c69bb0f5f3ee2,0,"现代操作系统 (Andrew S. Tanenbaum, Herbert Bos) (Z-Library)_chunk_581",bm25
A020,ev_f04f25f56348fcd8ed1b,0,"现代操作系统 (Andrew S. Tanenbaum, Herbert Bos) (Z-Library)_chunk_584",dense_bm25
A020,ev_8764bc5bf9e42e63a57a,0,"现代操作系统 (Andrew S. Tanenbaum, Herbert Bos) (Z-Library)_chunk_607",dense_bm25
A020,ev_9020d49fc13a9b3adce7,0,"现代操作系统 (Andrew S. Tanenbaum, Herbert Bos) (Z-Library)_chunk_609",tfidf
A020,ev_d5039f1876bd9e68217e,0,"现代操作系统 (Andrew S. Tanenbaum, Herbert Bos) (Z-Library)_chunk_613",dense_bm25
A020,ev_cd80f3c3969d1cb3536b,0,"现代操作系统 (Andrew S. Tanenbaum, Herbert Bos) (Z-Library)_chunk_614",dense/dense_bm25
A020,ev_dd282d281cfd8b88604c,0,"现代操作系统 (Andrew S. Tanenbaum, Herbert Bos) (Z-Library)_chunk_621",bm25
A020,ev_c072baffcc535c02f4f6,0,"现代操作系统 (Andrew S. Tanenbaum, Herbert Bos) (Z-Library)_chunk_622",dense
A020,ev_c2fdd9446081ba3456b6,0,"现代操作系统 (Andrew S. Tanenbaum, Herbert Bos) (Z-Library)_chunk_656",dense/dense_bm25
A020,ev_ceef9fa1eaee4e13c50f,0,"现代操作系统 (Andrew S. Tanenbaum, Herbert Bos) (Z-Library)_chunk_665",dense/dense_bm25
A020,ev_1f673766cb835cba41d2,1,"现代操作系统 (Andrew S. Tanenbaum, Herbert Bos) (Z-Library)_chunk_674",bm25/dense/dense_bm25
A020,ev_1cb15b4879fe086b43f5,0,"现代操作系统 (Andrew S. Tanenbaum, Herbert Bos) (Z-Library)_chunk_678",dense
A020,ev_e8a728fb450b1a93379f,0,"现代操作系统 (Andrew S. Tanenbaum, Herbert Bos) (Z-Library)_chunk_978",bm25/dense_bm25/tfidf
A020,ev_8cf05791b798e47fb09c,0,"计算机网络 (吴功宜,吴英) (Z-Library)(OCR)_chunk_330",dense
A020,ev_7e2bda6988efd7a1c798,0,"计算机网络 (吴功宜,吴英) (Z-Library)(OCR)_chunk_394",bm25
A020,ev_fc5e49c6c90a4af0b89e,1,"计算机网络 (吴功宜,吴英) (Z-Library)(OCR)_chunk_400",dense/dense_bm25
A020,ev_e9db88889b26b1ac8c2b,0,"计算机网络 (吴功宜,吴英) (Z-Library)(OCR)_chunk_413",bm25/dense/dense_bm25/tfidf
A020,ev_d9debc216488b76a7187,0,"计算机网络 (吴功宜,吴英) (Z-Library)(OCR)_chunk_414",dense/dense_bm25
A020,ev_6e7e5ed07ae66e628cca,1,"计算机网络 (吴功宜,吴英) (Z-Library)(OCR)_chunk_415",dense/dense_bm25/tfidf
A020,ev_b8c135e5fdb494e9e4c2,0,"计算机网络 (吴功宜,吴英) (Z-Library)(OCR)_chunk_416",dense
A020,ev_a7682102df589d85b289,0,"计算机网络 (吴功宜,吴英) (Z-Library)(OCR)_chunk_417",dense_bm25
A020,ev_f76b1521d9b3770d91ab,0,"计算机网络 (吴功宜,吴英) (Z-Library)(OCR)_chunk_418",dense/dense_bm25
A020,ev_d26fbbc0c0131a746562,0,"计算机网络 (吴功宜,吴英) (Z-Library)(OCR)_chunk_421",dense
A020,ev_b5ef8aa698a14b3ba335,0,"计算机网络 (吴功宜,吴英) (Z-Library)(OCR)_chunk_426",dense
A020,ev_13481ec93c8fdcdc07c1,0,"计算机网络 (吴功宜,吴英) (Z-Library)(OCR)_chunk_430",dense/dense_bm25
A020,ev_9ded06471a689ff2686b,0,"计算机网络 (吴功宜,吴英) (Z-Library)(OCR)_chunk_481",dense_bm25
A020,ev_7dba2090e5826608dee9,0,"计算机网络 (吴功宜,吴英) (Z-Library)(OCR)_chunk_486",dense_bm25
A020,ev_550fc8fc5c2a0ed4f4ee,1,计算机网络（原书第7版） 自顶向下方法 (James F. Kurose Keith W. Ross) (Z-Library)_chunk_154,bm25/dense_bm25/tfidf
A020,ev_2b32fde7e15bb07df1de,0,计算机网络（原书第7版） 自顶向下方法 (James F. Kurose Keith W. Ross) (Z-Library)_chunk_155,bm25/dense/dense_bm25
A020,ev_e4aa270e5ddc43aa4661,0,计算机网络（原书第7版） 自顶向下方法 (James F. Kurose Keith W. Ross) (Z-Library)_chunk_436,dense
A020,ev_fa590d79c010f2cc7526,0,计算机网络（原书第7版） 自顶向下方法 (James F. Kurose Keith W. Ross) (Z-Library)_chunk_440,dense/dense_bm25
A020,ev_599bb7823fbcd597c3b5,0,计算机网络（原书第7版） 自顶向下方法 (James F. Kurose Keith W. Ross) (Z-Library)_chunk_444,bm25/dense_bm25
A020,ev_00b3c38643416370ccdd,0,计算机网络（原书第7版） 自顶向下方法 (James F. Kurose Keith W. Ross) (Z-Library)_chunk_446,bm25
A020,ev_0e271f6770a91754d805,2,计算机网络（原书第7版） 自顶向下方法 (James F. Kurose Keith W. Ross) (Z-Library)_chunk_48,bm25/dense_bm25
A020,ev_38c78eac44c397ec6ec6,0,计算机网络（原书第7版） 自顶向下方法 (James F. Kurose Keith W. Ross) (Z-Library)_chunk_546,dense
A020,ev_bf9f035a5075a580c011,0,计算机网络（原书第7版） 自顶向下方法 (James F. Kurose Keith W. Ross) (Z-Library)_chunk_573,dense/dense_bm25
A020,ev_74e9c9fd30d45fb18e0e,3,计算机网络（原书第7版） 自顶向下方法 (James F. Kurose Keith W. Ross) (Z-Library)_chunk_592,bm25/dense_bm25/tfidf
A020,ev_6587b10a5915a93ae9e3,0,计算机网络（第8版） (谢希仁) (Z-Library)(OCR)_chunk_15,tfidf
A020,ev_1e2dc407fa4b62487147,1,计算机网络（第8版） (谢希仁) (Z-Library)(OCR)_chunk_285,bm25
A020,ev_9e213ca83ed261f4d841,0,计算机网络（第8版） (谢希仁) (Z-Library)(OCR)_chunk_314,bm25
A020,ev_ee764ea3dbec92ff7f6d,0,计算机网络（第8版） (谢希仁) (Z-Library)(OCR)_chunk_320,bm25
A020,ev_a9a4e87c7b49fb828579,0,计算机网络（第8版） (谢希仁) (Z-Library)(OCR)_chunk_322,bm25/dense_bm25
A020,ev_3d2f4b7ec5bedcd22aa0,0,计算机网络（第8版） (谢希仁) (Z-Library)(OCR)_chunk_384,dense/dense_bm25
A020,ev_940dbd632d52f4ead158,0,计算机网络（第8版） (谢希仁) (Z-Library)(OCR)_chunk_407,dense_bm25
A020,ev_da07279128143e4c7a20,0,计算机网络（第8版） (谢希仁) (Z-Library)(OCR)_chunk_410,dense
A020,ev_0d48588f1dfe85e6370e,0,计算机网络（第8版） (谢希仁) (Z-Library)(OCR)_chunk_411,dense/dense_bm25
A020,ev_ae525b9c8117729c4639,0,计算机网络（第8版） (谢希仁) (Z-Library)(OCR)_chunk_415,bm25/dense_bm25
A020,ev_fa10bda3d83c6dacb5d1,0,计算机网络（第8版） (谢希仁) (Z-Library)(OCR)_chunk_506,bm25
A020,ev_12f759825261372d9dbe,0,计算机网络（第8版） (谢希仁) (Z-Library)(OCR)_chunk_552,bm25
A022,ev_196560083d954451e3d0,0,Python数据结构与算法分析 第3版 (米勒 拉努姆 罗曼) (Z-Library)_chunk_108,auto_deepseek
A022,ev_3907a68accace5818aaa,0,Python数据结构与算法分析 第3版 (米勒 拉努姆 罗曼) (Z-Library)_chunk_54,auto_deepseek
A022,ev_972ea54735a78d77f966,0,"[计算机科学丛书]数据结构与算法 Python语言实现 (Michael T. Goodrich, Roberto Tamassia etc.) (Z-Library)_chunk_137",auto_deepseek
A022,ev_8b32f6e5166d87aef7ab,0,"[计算机科学丛书]数据结构与算法 Python语言实现 (Michael T. Goodrich, Roberto Tamassia etc.) (Z-Library)_chunk_167",auto_deepseek
A022,ev_fb6dccec36c2eac714a0,1,"[计算机科学丛书]数据结构与算法 Python语言实现 (Michael T. Goodrich, Roberto Tamassia etc.) (Z-Library)_chunk_353",auto_deepseek
A022,ev_bf32bddf9e79899a80e1,0,"[计算机科学丛书]数据结构与算法 Python语言实现 (Michael T. Goodrich, Roberto Tamassia etc.) (Z-Library)_chunk_618",auto_deepseek
A022,ev_12df45b498e322a7e92f,1,"[计算机科学丛书]数据结构与算法 Python语言实现 (Michael T. Goodrich, Roberto Tamassia etc.) (Z-Library)_chunk_639",auto_deepseek
A022,ev_1b0c74be69ff53c00a51,0,"[计算机科学丛书]数据结构与算法 Python语言实现 (Michael T. Goodrich, Roberto Tamassia etc.) (Z-Library)_chunk_675",auto_deepseek
A022,ev_1ff338109e7c84899ee7,1,"[计算机科学丛书]数据结构与算法 Python语言实现 (Michael T. Goodrich, Roberto Tamassia etc.) (Z-Library)_chunk_677",auto_deepseek
A022,ev_82799b887123e3db3625,1,"[计算机科学丛书]数据结构与算法 Python语言实现 (Michael T. Goodrich, Roberto Tamassia etc.) (Z-Library)_chunk_683",auto_deepseek
A022,ev_9d855548199823bfd0bd,1,"[计算机科学丛书]数据结构与算法 Python语言实现 (Michael T. Goodrich, Roberto Tamassia etc.) (Z-Library)_chunk_684",auto_deepseek
A022,ev_f7f144174e65d4aac862,0,"[计算机科学丛书]数据结构与算法 Python语言实现 (Michael T. Goodrich, Roberto Tamassia etc.) (Z-Library)_chunk_8",auto_deepseek
A022,ev_bda95d2646bc0ff40709,0,数据结构 (邓俊辉) (Z-Library)_chunk_13,auto_deepseek
A022,ev_a53c2ce48452acd63542,0,数据结构 (邓俊辉) (Z-Library)_chunk_293,auto_deepseek
A022,ev_13fc0c24cf75ec26f0ef,1,数据结构 (邓俊辉) (Z-Library)_chunk_491,auto_deepseek
A022,ev_49330fb1fe849cdeae6c,1,数据结构 (邓俊辉) (Z-Library)_chunk_492,auto_deepseek
A023,ev_cf4edb7450bc8789b16b,0,2024年王道计算机网络复习指导 (王道计算机) (Z-Library)_chunk_413,auto_deepseek
A023,ev_196560083d954451e3d0,0,Python数据结构与算法分析 第3版 (米勒 拉努姆 罗曼) (Z-Library)_chunk_108,auto_deepseek
A023,ev_3907a68accace5818aaa,0,Python数据结构与算法分析 第3版 (米勒 拉努姆 罗曼) (Z-Library)_chunk_54,auto_deepseek
A023,ev_366835bf29fba5fd4f6f,0,Python数据结构与算法分析 第3版 (米勒 拉努姆 罗曼) (Z-Library)_chunk_57,auto_deepseek
A023,ev_972ea54735a78d77f966,0,"[计算机科学丛书]数据结构与算法 Python语言实现 (Michael T. Goodrich, Roberto Tamassia etc.) (Z-Library)_chunk_137",auto_deepseek
A023,ev_a2d9fad5d8fee0747398,0,"[计算机科学丛书]数据结构与算法 Python语言实现 (Michael T. Goodrich, Roberto Tamassia etc.) (Z-Library)_chunk_162",auto_deepseek
A023,ev_8b32f6e5166d87aef7ab,0,"[计算机科学丛书]数据结构与算法 Python语言实现 (Michael T. Goodrich, Roberto Tamassia etc.) (Z-Library)_chunk_167",auto_deepseek
A023,ev_688143d990bd3d30dcb4,0,"[计算机科学丛书]数据结构与算法 Python语言实现 (Michael T. Goodrich, Roberto Tamassia etc.) (Z-Library)_chunk_547",auto_deepseek
A023,ev_bda95d2646bc0ff40709,0,数据结构 (邓俊辉) (Z-Library)_chunk_13,auto_deepseek
A023,ev_1421216c3e46eb610483,0,数据结构 (邓俊辉) (Z-Library)_chunk_33,auto_deepseek
A023,ev_43fbe1f7c395114070c2,0,数据结构 (邓俊辉) (Z-Library)_chunk_452,auto_deepseek
A023,ev_e92440125d76fa6ef80b,0,数据结构 (邓俊辉) (Z-Library)_chunk_478,auto_deepseek
A023,ev_770c4850acf6ead1c0ce,0,数据结构（C语言版 第2版） (严蔚敏) (Z-Library)_chunk_11,auto_deepseek
A023,ev_cd656822e5151ea86287,0,数据结构（C语言版 第2版） (严蔚敏) (Z-Library)_chunk_223,auto_deepseek
A023,ev_3eca0660a566c9384824,0,数据结构（C语言版 第2版） (严蔚敏) (Z-Library)_chunk_300,auto_deepseek
A023,ev_e8c545dbf342787a9ffa,0,数据结构（C语言版 第2版） (严蔚敏) (Z-Library)_chunk_89,auto_deepseek
A023,ev_100317c8963888af7488,0,"现代操作系统 (Andrew S. Tanenbaum, Herbert Bos) (Z-Library)_chunk_435",auto_deepseek
A023,ev_17ada9e0302a67e7924a,3,"计算机网络 (吴功宜,吴英) (Z-Library)(OCR)_chunk_345",auto_deepseek
A023,ev_32b99f1293b4122454d2,2,"计算机网络 (吴功宜,吴英) (Z-Library)(OCR)_chunk_346",auto_deepseek
A023,ev_8c63004cf0889306e32a,3,计算机网络（第8版） (谢希仁) (Z-Library)(OCR)_chunk_297,auto_deepseek
A024,ev_ec40e3ee6f631bd9656e,3,2024年王道计算机网络复习指导 (王道计算机) (Z-Library)_chunk_148,auto_deepseek
A024,ev_0c58ea45bbd8883579e3,2,2024年王道计算机网络复习指导 (王道计算机) (Z-Library)_chunk_149,auto_deepseek
A024,ev_6efd37134ab16c31338f,1,2024年王道计算机网络复习指导 (王道计算机) (Z-Library)_chunk_150,auto_deepseek
A024,ev_39c9a9ff016f8e2ce674,1,2024年王道计算机网络复习指导 (王道计算机) (Z-Library)_chunk_154,auto_deepseek
A024,ev_c69faa26c330242d1abc,1,2024年王道计算机网络复习指导 (王道计算机) (Z-Library)_chunk_157,auto_deepseek
A024,ev_8029bd12601039942e7b,1,2024年王道计算机网络复习指导 (王道计算机) (Z-Library)_chunk_158,auto_deepseek
A024,ev_25c42efc15f5852fca9f,2,2024年王道计算机网络复习指导 (王道计算机) (Z-Library)_chunk_164,auto_deepseek
A024,ev_f8157ff88a337beff6a4,2,2024年王道计算机网络复习指导 (王道计算机) (Z-Library)_chunk_449,auto_deepseek
A024,ev_60756c0059ab9fd08d68,1,2024年王道计算机网络复习指导 (王道计算机) (Z-Library)_chunk_455,auto_deepseek
A024,ev_f1854b6443a6a4a55d88,1,2024年王道计算机网络复习指导 (王道计算机) (Z-Library)_chunk_457,auto_deepseek
A024,ev_edadf7e0125f18c9c64b,2,2024年王道计算机网络复习指导 (王道计算机) (Z-Library)_chunk_472,auto_deepseek
A024,ev_42aebcf6151edf9551ad,1,2024年王道计算机网络复习指导 (王道计算机) (Z-Library)_chunk_473,auto_deepseek
A024,ev_18adeaea7dc94aa191ac,3,"计算机网络 (吴功宜,吴英) (Z-Library)(OCR)_chunk_338",auto_deepseek
A024,ev_ae4afa32dd4cfe5f1f11,2,"计算机网络 (吴功宜,吴英) (Z-Library)(OCR)_chunk_340",auto_deepseek
A024,ev_8c2fa9fe31794cf597ed,2,"计算机网络 (吴功宜,吴英) (Z-Library)(OCR)_chunk_343",auto_deepseek
A024,ev_9a024989bae963e37fff,2,计算机网络（第8版） (谢希仁) (Z-Library)(OCR)_chunk_282,auto_deepseek
A024,ev_f62ea2ee211f81da2430,2,计算机网络（第8版） (谢希仁) (Z-Library)(OCR)_chunk_288,auto_deepseek
A024,ev_ad4703ef3a704ac11816,1,计算机网络（第8版） (谢希仁) (Z-Library)(OCR)_chunk_303,auto_deepseek
A025,ev_f11a3b1a395100d490f6,0,Operating Systems Three Easy Pieces (Remzi H. Arpaci-Dusseau etc.) (Z-Library)_chunk_182,auto_deepseek
A025,ev_db5a23d08fdc30049456,1,Operating Systems Three Easy Pieces (Remzi H. Arpaci-Dusseau etc.) (Z-Library)_chunk_214,auto_deepseek
A025,ev_01568a74c8a22055fdfe,1,Operating Systems Three Easy Pieces (Remzi H. Arpaci-Dusseau etc.) (Z-Library)_chunk_232,auto_deepseek
A025,ev_03088358a0a02828efe5,0,Python数据结构与算法分析 第3版 (米勒 拉努姆 罗曼) (Z-Library)_chunk_187,auto_deepseek
A025,ev_1ea2d4f17e4dcd9ad86e,0,"[计算机科学丛书]数据结构与算法 Python语言实现 (Michael T. Goodrich, Roberto Tamassia etc.) (Z-Library)_chunk_355",auto_deepseek
A025,ev_b4f51c94418f747d3fa1,0,"[计算机科学丛书]数据结构与算法 Python语言实现 (Michael T. Goodrich, Roberto Tamassia etc.) (Z-Library)_chunk_379",auto_deepseek
A025,ev_9f2807a5d63d02147ada,0,操作系统导论-OSTEP (王海鹏 译) (Z-Library)_chunk_208,auto_deepseek
A025,ev_f516d39d99a9d1daa5c7,0,操作系统导论-OSTEP (王海鹏 译) (Z-Library)_chunk_68,auto_deepseek
A025,ev_bb5bd9154b00ad1beb09,1,操作系统导论-OSTEP (王海鹏 译) (Z-Library)_chunk_77,auto_deepseek
A025,ev_85fa0d2c1d8339451630,1,操作系统导论-OSTEP (王海鹏 译) (Z-Library)_chunk_79,auto_deepseek
A025,ev_86f91bd509e293eea45a,1,操作系统导论-OSTEP (王海鹏 译) (Z-Library)_chunk_82,auto_deepseek
A025,ev_1388f70f64f3a31e7d07,0,数据结构 (邓俊辉) (Z-Library)_chunk_393,auto_deepseek
A025,ev_c4e558e38d65db4e3e07,3,"现代操作系统 (Andrew S. Tanenbaum, Herbert Bos) (Z-Library)_chunk_140",auto_deepseek
A025,ev_1116bfa2235f5be572f7,1,"现代操作系统 (Andrew S. Tanenbaum, Herbert Bos) (Z-Library)_chunk_166",auto_deepseek
A025,ev_c47d24fb6043daf65ffb,1,"现代操作系统 (Andrew S. Tanenbaum, Herbert Bos) (Z-Library)_chunk_179",auto_deepseek
A025,ev_ff8e9e4bbce084ba76e0,1,"现代操作系统 (Andrew S. Tanenbaum, Herbert Bos) (Z-Library)_chunk_719",auto_deepseek
A025,ev_0dca0b85f0671e4f3fab,1,"现代操作系统 (Andrew S. Tanenbaum, Herbert Bos) (Z-Library)_chunk_831",auto_deepseek
A025,ev_b663dbdd3d976e98287b,1,"现代操作系统 (Andrew S. Tanenbaum, Herbert Bos) (Z-Library)_chunk_864",auto_deepseek
A025,ev_b7ee0922ea200a94cd1b,1,"现代操作系统 (Andrew S. Tanenbaum, Herbert Bos) (Z-Library)_chunk_912",auto_deepseek
A025,ev_77c3d911060835d47872,0,计算机网络（第8版） (谢希仁) (Z-Library)(OCR)_chunk_435,auto_deepseek
A027,ev_a00fdad63ef6ce13daab,0,2024年王道计算机网络复习指导 (王道计算机) (Z-Library)_chunk_69,auto_deepseek
A027,ev_d60e3ae1d8903fa09929,0,Operating Systems Three Easy Pieces (Remzi H. Arpaci-Dusseau etc.) (Z-Library)_chunk_381,auto_deepseek
A027,ev_c4da674e0f244205de1b,0,Operating Systems Three Easy Pieces (Remzi H. Arpaci-Dusseau etc.) (Z-Library)_chunk_415,auto_deepseek
A027,ev_6885e4c3566f8192cb09,2,Operating Systems Three Easy Pieces (Remzi H. Arpaci-Dusseau etc.) (Z-Library)_chunk_574,auto_deepseek
A027,ev_4c8485cd1860c55ef807,3,Operating Systems Three Easy Pieces (Remzi H. Arpaci-Dusseau etc.) (Z-Library)_chunk_577,auto_deepseek
A027,ev_558242958b01d3537cb7,2,Operating Systems Three Easy Pieces (Remzi H. Arpaci-Dusseau etc.) (Z-Library)_chunk_579,auto_deepseek
A027,ev_96456b5e7659bae344f3,0,操作系统导论-OSTEP (王海鹏 译) (Z-Library)_chunk_136,auto_deepseek
A027,ev_56511b554e53ba0eb6f9,1,操作系统导论-OSTEP (王海鹏 译) (Z-Library)_chunk_158,auto_deepseek
A027,ev_b0136987daf7c1f481ca,3,操作系统导论-OSTEP (王海鹏 译) (Z-Library)_chunk_196,auto_deepseek
A027,ev_95755ddcfd152f7baf1c,0,操作系统导论-OSTEP (王海鹏 译) (Z-Library)_chunk_226,auto_deepseek
A027,ev_44ffb75a270c5fb457bb,1,操作系统导论-OSTEP (王海鹏 译) (Z-Library)_chunk_232,auto_deepseek
A027,ev_36a2e49b8302363d1156,0,操作系统导论-OSTEP (王海鹏 译) (Z-Library)_chunk_556,auto_deepseek
A027,ev_1d38e3ef04da4bcfd538,0,数据结构 (邓俊辉) (Z-Library)_chunk_38,auto_deepseek
A027,ev_f4b577aa6c62ad7ad6e7,0,数据结构 (邓俊辉) (Z-Library)_chunk_55,auto_deepseek
A027,ev_277831c110ab1b2141d0,1,"现代操作系统 (Andrew S. Tanenbaum, Herbert Bos) (Z-Library)_chunk_194",auto_deepseek
A027,ev_5a78d732c1210a34f49f,0,"现代操作系统 (Andrew S. Tanenbaum, Herbert Bos) (Z-Library)_chunk_230",auto_deepseek
A027,ev_3ef15ad168c3dab7ce95,3,"现代操作系统 (Andrew S. Tanenbaum, Herbert Bos) (Z-Library)_chunk_241",auto_deepseek
A027,ev_2db3be96f072b585f98f,1,"现代操作系统 (Andrew S. Tanenbaum, Herbert Bos) (Z-Library)_chunk_959",auto_deepseek
A027,ev_25821c1c9bc843c866c5,0,"计算机网络 (吴功宜,吴英) (Z-Library)(OCR)_chunk_156",auto_deepseek
A028,ev_03088358a0a02828efe5,0,Python数据结构与算法分析 第3版 (米勒 拉努姆 罗曼) (Z-Library)_chunk_187,auto_deepseek
A028,ev_9e42d1c9c715497adb73,2,Python数据结构与算法分析 第3版 (米勒 拉努姆 罗曼) (Z-Library)_chunk_264,auto_deepseek
A028,ev_eef9b511afd35ac809cf,2,Python数据结构与算法分析 第3版 (米勒 拉努姆 罗曼) (Z-Library)_chunk_266,auto_deepseek
A028,ev_187cd5f7e9ba017fa515,2,Python数据结构与算法分析 第3版 (米勒 拉努姆 罗曼) (Z-Library)_chunk_267,auto_deepseek
A028,ev_c70c83f805d32f33cfc3,1,Python数据结构与算法分析 第3版 (米勒 拉努姆 罗曼) (Z-Library)_chunk_284,auto_deepseek
A028,ev_80f5aa0c37face561e79,0,Python数据结构与算法分析 第3版 (米勒 拉努姆 罗曼) (Z-Library)_chunk_29,auto_deepseek
A028,ev_24ec6e7e1c93cbedcae0,2,Python数据结构与算法分析 第3版 (米勒 拉努姆 罗曼) (Z-Library)_chunk_350,auto_deepseek
A028,ev_568e2382d3d0576885ed,0,"[计算机科学丛书]数据结构与算法 Python语言实现 (Michael T. Goodrich, Roberto Tamassia etc.) (Z-Library)_chunk_236",auto_deepseek
A028,ev_5df4d74dbc332dcf8ffd,0,"[计算机科学丛书]数据结构与算法 Python语言实现 (Michael T. Goodrich, Roberto Tamassia etc.) (Z-Library)_chunk_358",auto_deepseek
A028,ev_f4b5c4ceb47d90316688,0,"[计算机科学丛书]数据结构与算法 Python语言实现 (Michael T. Goodrich, Roberto Tamassia etc.) (Z-Library)_chunk_380",auto_deepseek
A028,ev_22fd6e122235b3943cf6,3,"[计算机科学丛书]数据结构与算法 Python语言实现 (Michael T. Goodrich, Roberto Tamassia etc.) (Z-Library)_chunk_423",auto_deepseek
A028,ev_fbe80092fe7aa3bda5cb,2,"[计算机科学丛书]数据结构与算法 Python语言实现 (Michael T. Goodrich, Roberto Tamassia etc.) (Z-Library)_chunk_425",auto_deepseek
A028,ev_33394f42cbd9ae2ee387,0,"[计算机科学丛书]数据结构与算法 Python语言实现 (Michael T. Goodrich, Roberto Tamassia etc.) (Z-Library)_chunk_682",auto_deepseek
A028,ev_25f3ac918612a9b5e966,0,"[计算机科学丛书]数据结构与算法 Python语言实现 (Michael T. Goodrich, Roberto Tamassia etc.) (Z-Library)_chunk_709",auto_deepseek
A028,ev_81b97202587b325a25b4,3,数据结构 (邓俊辉) (Z-Library)_chunk_351,auto_deepseek
A028,ev_6977558dccec05872fbc,1,数据结构 (邓俊辉) (Z-Library)_chunk_352,auto_deepseek
A028,ev_b59b644c6d8460184b81,2,数据结构 (邓俊辉) (Z-Library)_chunk_355,auto_deepseek
A028,ev_cd18cd4da76ab6d473da,0,数据结构（C语言版 第2版） (严蔚敏) (Z-Library)_chunk_70,auto_deepseek
A029,ev_098e623363bda9744a24,3,2024年王道计算机网络复习指导 (王道计算机) (Z-Library)_chunk_292,auto_deepseek
A029,ev_344fcd55b3dc73baf7a6,2,2024年王道计算机网络复习指导 (王道计算机) (Z-Library)_chunk_293,auto_deepseek
A029,ev_58ecd193c9d5d335bf55,1,2024年王道计算机网络复习指导 (王道计算机) (Z-Library)_chunk_294,auto_deepseek
A029,ev_9577de12990fae5ae0d1,1,2024年王道计算机网络复习指导 (王道计算机) (Z-Library)_chunk_315,auto_deepseek
A029,ev_27f0c4e6460c77c0325d,1,2024年王道计算机网络复习指导 (王道计算机) (Z-Library)_chunk_523,auto_deepseek
A029,ev_f6c4a6f77b594c2fe8e7,1,"计算机网络 (吴功宜,吴英) (Z-Library)(OCR)_chunk_226",auto_deepseek
A029,ev_e6d575aa0256914465b2,2,"计算机网络 (吴功宜,吴英) (Z-Library)(OCR)_chunk_240",auto_deepseek
A029,ev_b46447e056007b099ca3,2,"计算机网络 (吴功宜,吴英) (Z-Library)(OCR)_chunk_241",auto_deepseek
A029,ev_9dbc62c861b820808a60,1,"计算机网络 (吴功宜,吴英) (Z-Library)(OCR)_chunk_242",auto_deepseek
A029,ev_328a3f1fe344b965168f,2,计算机网络（原书第7版） 自顶向下方法 (James F. Kurose Keith W. Ross) (Z-Library)_chunk_216,auto_deepseek
A029,ev_51df7c07ca6407ad6d2a,2,计算机网络（原书第7版） 自顶向下方法 (James F. Kurose Keith W. Ross) (Z-Library)_chunk_217,auto_deepseek
A029,ev_ced408757712ad3f77ac,1,计算机网络（第8版） (谢希仁) (Z-Library)(OCR)_chunk_237,auto_deepseek
A029,ev_309513aee79dbce1f26a,3,计算机网络（第8版） (谢希仁) (Z-Library)(OCR)_chunk_240,auto_deepseek
A029,ev_3f28f785ec1f53b5438a,2,计算机网络（第8版） (谢希仁) (Z-Library)(OCR)_chunk_241,auto_deepseek
A029,ev_31a7335ff17714033813,2,计算机网络（第8版） (谢希仁) (Z-Library)(OCR)_chunk_242,auto_deepseek
A029,ev_f231de424bcbdcc65bb4,0,计算机网络（第8版） (谢希仁) (Z-Library)(OCR)_chunk_260,auto_deepseek
A030,ev_791db11e240472666d22,0,2024年王道计算机网络复习指导 (王道计算机) (Z-Library)_chunk_237,auto_deepseek
A030,ev_50dea894b32c958040a7,0,Operating Systems Three Easy Pieces (Remzi H. Arpaci-Dusseau etc.) (Z-Library)_chunk_1152,auto_deepseek
A030,ev_511d8b26d16f494de947,0,操作系统导论-OSTEP (王海鹏 译) (Z-Library)_chunk_430,auto_deepseek
A030,ev_c4bdf9b152675271038b,0,操作系统导论-OSTEP (王海鹏 译) (Z-Library)_chunk_433,auto_deepseek
A030,ev_edb7f5bddc81e81e7c99,0,操作系统导论-OSTEP (王海鹏 译) (Z-Library)_chunk_435,auto_deepseek
A030,ev_48a3280c4dea5b5b74d2,0,操作系统导论-OSTEP (王海鹏 译) (Z-Library)_chunk_452,auto_deepseek
A030,ev_27ac395c1b877786c0a1,0,操作系统导论-OSTEP (王海鹏 译) (Z-Library)_chunk_465,auto_deepseek
A030,ev_5ad48672e5d0f69a999d,0,操作系统导论-OSTEP (王海鹏 译) (Z-Library)_chunk_575,auto_deepseek
A030,ev_b74551f85a450a570294,0,"现代操作系统 (Andrew S. Tanenbaum, Herbert Bos) (Z-Library)_chunk_303",auto_deepseek
A030,ev_d0bb1da1b57a9c2a6cc0,0,"现代操作系统 (Andrew S. Tanenbaum, Herbert Bos) (Z-Library)_chunk_307",auto_deepseek
A030,ev_c3068948b3d05806fc3d,0,"现代操作系统 (Andrew S. Tanenbaum, Herbert Bos) (Z-Library)_chunk_319",auto_deepseek
A030,ev_3b1bf662e44561197c00,0,"现代操作系统 (Andrew S. Tanenbaum, Herbert Bos) (Z-Library)_chunk_325",auto_deepseek
A030,ev_9c9f9819f6e6bb7363d0,0,"现代操作系统 (Andrew S. Tanenbaum, Herbert Bos) (Z-Library)_chunk_676",auto_deepseek
A030,ev_1404d362138aa02d4503,0,"现代操作系统 (Andrew S. Tanenbaum, Herbert Bos) (Z-Library)_chunk_734",auto_deepseek
A030,ev_9095aa08e3099f410128,0,"现代操作系统 (Andrew S. Tanenbaum, Herbert Bos) (Z-Library)_chunk_750",auto_deepseek
A030,ev_c659cedf164e6f83673d,1,"现代操作系统 (Andrew S. Tanenbaum, Herbert Bos) (Z-Library)_chunk_753",auto_deepseek
A030,ev_7f65c19a5376c2ae9fc0,0,"现代操作系统 (Andrew S. Tanenbaum, Herbert Bos) (Z-Library)_chunk_754",auto_deepseek
A030,ev_fea2b9944e5dc169ec37,0,"现代操作系统 (Andrew S. Tanenbaum, Herbert Bos) (Z-Library)_chunk_881",auto_deepseek
A030,ev_0f36b086f217a78f5b5b,0,"现代操作系统 (Andrew S. Tanenbaum, Herbert Bos) (Z-Library)_chunk_916",auto_deepseek
A030,ev_5413c584c44681491aa5,0,计算机网络（原书第7版） 自顶向下方法 (James F. Kurose Keith W. Ross) (Z-Library)_chunk_178,auto_deepseek
A031,ev_77e161992050ebe466ae,0,Python数据结构与算法分析 第3版 (米勒 拉努姆 罗曼) (Z-Library)_chunk_153,auto_deepseek
A031,ev_39fc0798c0550674b286,0,Python数据结构与算法分析 第3版 (米勒 拉努姆 罗曼) (Z-Library)_chunk_156,auto_deepseek
A031,ev_3929b4a06a31a86f58fb,3,Python数据结构与算法分析 第3版 (米勒 拉努姆 罗曼) (Z-Library)_chunk_238,auto_deepseek
A031,ev_a0466502cb86ca6eb2d0,1,Python数据结构与算法分析 第3版 (米勒 拉努姆 罗曼) (Z-Library)_chunk_247,auto_deepseek
A031,ev_d9e2a0f19ce882d136e5,0,"[计算机科学丛书]数据结构与算法 Python语言实现 (Michael T. Goodrich, Roberto Tamassia etc.) (Z-Library)_chunk_530",auto_deepseek
A031,ev_ad7a413af5b3e50bfce7,1,"[计算机科学丛书]数据结构与算法 Python语言实现 (Michael T. Goodrich, Roberto Tamassia etc.) (Z-Library)_chunk_612",auto_deepseek
A031,ev_541d4bef6abbd4e3ca78,0,数据结构 (邓俊辉) (Z-Library)_chunk_126,auto_deepseek
A031,ev_807a0ae3a190c209bc11,2,数据结构 (邓俊辉) (Z-Library)_chunk_236,auto_deepseek
A031,ev_b9e6cecc1b97f99a916b,2,数据结构 (邓俊辉) (Z-Library)_chunk_237,auto_deepseek
A031,ev_cb67d7853d08ac9784be,3,数据结构（C语言版 第2版） (严蔚敏) (Z-Library)_chunk_239,auto_deepseek
A031,ev_a23f1b2f870f065a7de4,2,数据结构（C语言版 第2版） (严蔚敏) (Z-Library)_chunk_241,auto_deepseek
A031,ev_3870748fa3e3d9464923,2,数据结构（C语言版 第2版） (严蔚敏) (Z-Library)_chunk_242,auto_deepseek
A031,ev_2b791a0288cbcb4c6365,2,数据结构（C语言版 第2版） (严蔚敏) (Z-Library)_chunk_254,auto_deepseek
A031,ev_79a9512f84927907e5d0,0,数据结构（C语言版 第2版） (严蔚敏) (Z-Library)_chunk_268,auto_deepseek
A031,ev_7348addc94ab597d7162,0,数据结构（C语言版 第2版） (严蔚敏) (Z-Library)_chunk_310,auto_deepseek
A031,ev_fe0c23dc4270bdf84cde,0,数据结构（C语言版 第2版） (严蔚敏) (Z-Library)_chunk_311,auto_deepseek
A031,ev_9dcfdd1f93eed15b70e1,0,数据结构（C语言版 第2版） (严蔚敏) (Z-Library)_chunk_316,auto_deepseek
A031,ev_5e293fb7201a2cf1ad2e,0,数据结构（C语言版 第2版） (严蔚敏) (Z-Library)_chunk_320,auto_deepseek
A031,ev_3436967d5c9ef7bd3690,0,数据结构（C语言版 第2版） (严蔚敏) (Z-Library)_chunk_332,auto_deepseek
A031,ev_5e8cf87684577f4fbdb9,0,数据结构（C语言版 第2版） (严蔚敏) (Z-Library)_chunk_333,auto_deepseek
A031,ev_6aadb295c7132a39b41f,0,数据结构（C语言版 第2版） (严蔚敏) (Z-Library)_chunk_338,auto_deepseek
A031,ev_f9de0afdbcc164075417,0,数据结构（C语言版 第2版） (严蔚敏) (Z-Library)_chunk_341,auto_deepseek
A031,ev_a6edee956a0493decfb9,0,数据结构（C语言版 第2版） (严蔚敏) (Z-Library)_chunk_349,auto_deepseek
A031,ev_02ba46048111916734b3,0,数据结构（C语言版 第2版） (严蔚敏) (Z-Library)_chunk_354,auto_deepseek
A031,ev_fdb9db516aa61aa39b96,1,数据结构（C语言版 第2版） (严蔚敏) (Z-Library)_chunk_383,auto_deepseek
A032,ev_e1512fe33b05070c47cd,2,Operating Systems Three Easy Pieces (Remzi H. Arpaci-Dusseau etc.) (Z-Library)_chunk_465,auto_deepseek
A032,ev_d08316c90fae41002187,1,Operating Systems Three Easy Pieces (Remzi H. Arpaci-Dusseau etc.) (Z-Library)_chunk_546,auto_deepseek
A032,ev_314dc0df18a56c7a320b,1,Operating Systems Three Easy Pieces (Remzi H. Arpaci-Dusseau etc.) (Z-Library)_chunk_592,auto_deepseek
A032,ev_cdb7448e4f26e68bb1ef,2,操作系统导论-OSTEP (王海鹏 译) (Z-Library)_chunk_155,auto_deepseek
A032,ev_56511b554e53ba0eb6f9,1,操作系统导论-OSTEP (王海鹏 译) (Z-Library)_chunk_158,auto_deepseek
A032,ev_4382426ba9d402563236,1,操作系统导论-OSTEP (王海鹏 译) (Z-Library)_chunk_192,auto_deepseek
A032,ev_2f8bd16e64aee90381f4,0,操作系统导论-OSTEP (王海鹏 译) (Z-Library)_chunk_194,auto_deepseek
A032,ev_46e621a9a214d2283309,0,"现代操作系统 (Andrew S. Tanenbaum, Herbert Bos) (Z-Library)_chunk_1091",auto_deepseek
A032,ev_6ee67126c26216ab2487,3,"现代操作系统 (Andrew S. Tanenbaum, Herbert Bos) (Z-Library)_chunk_200",auto_deepseek
A032,ev_6ebaffaa4dd205799f53,1,"现代操作系统 (Andrew S. Tanenbaum, Herbert Bos) (Z-Library)_chunk_202",auto_deepseek
A032,ev_3b42d724f6a27c0b521e,2,"现代操作系统 (Andrew S. Tanenbaum, Herbert Bos) (Z-Library)_chunk_203",auto_deepseek
A032,ev_43f802ea6fee3fa4c585,2,"现代操作系统 (Andrew S. Tanenbaum, Herbert Bos) (Z-Library)_chunk_204",auto_deepseek
A032,ev_d71d2e1e037cdc8054fd,2,"现代操作系统 (Andrew S. Tanenbaum, Herbert Bos) (Z-Library)_chunk_209",auto_deepseek
A032,ev_d87f4da5d386eedb943b,0,"现代操作系统 (Andrew S. Tanenbaum, Herbert Bos) (Z-Library)_chunk_235",auto_deepseek
A032,ev_a18cc3d33c981892581f,1,"现代操作系统 (Andrew S. Tanenbaum, Herbert Bos) (Z-Library)_chunk_252",auto_deepseek
A032,ev_ad7e3613250aee08a5c6,0,"现代操作系统 (Andrew S. Tanenbaum, Herbert Bos) (Z-Library)_chunk_260",auto_deepseek
A032,ev_e35b10c585fd117370f9,1,"现代操作系统 (Andrew S. Tanenbaum, Herbert Bos) (Z-Library)_chunk_265",auto_deepseek
A032,ev_64da99153b2117fc27fb,1,"现代操作系统 (Andrew S. Tanenbaum, Herbert Bos) (Z-Library)_chunk_727",auto_deepseek
A032,ev_1789f48217a5efeb807f,0,"现代操作系统 (Andrew S. Tanenbaum, Herbert Bos) (Z-Library)_chunk_732",auto_deepseek
A032,ev_86761f9be0fd0c839674,0,"现代操作系统 (Andrew S. Tanenbaum, Herbert Bos) (Z-Library)_chunk_870",auto_deepseek
A032,ev_0425b22d62bba4b0117f,0,"现代操作系统 (Andrew S. Tanenbaum, Herbert Bos) (Z-Library)_chunk_875",auto_deepseek
A032,ev_ae3109baf9f59bcd51b3,1,"现代操作系统 (Andrew S. Tanenbaum, Herbert Bos) (Z-Library)_chunk_879",auto_deepseek
A032,ev_85f85b2680df493c525d,0,"现代操作系统 (Andrew S. Tanenbaum, Herbert Bos) (Z-Library)_chunk_880",auto_deepseek
A032,ev_d489c259c2293c8d7624,0,"计算机网络 (吴功宜,吴英) (Z-Library)(OCR)_chunk_371",auto_deepseek
A032,ev_f14c0a8b845229cad1ea,0,计算机网络（第8版） (谢希仁) (Z-Library)(OCR)_chunk_341,auto_deepseek
A033,ev_7435aaea87beb13fa718,0,Python数据结构与算法分析 第3版 (米勒 拉努姆 罗曼) (Z-Library)_chunk_140,auto_deepseek
A033,ev_6399d18825603ee17ff1,0,Python数据结构与算法分析 第3版 (米勒 拉努姆 罗曼) (Z-Library)_chunk_145,auto_deepseek
A033,ev_f5ff6f5cef179f7f945a,0,"[计算机科学丛书]数据结构与算法 Python语言实现 (Michael T. Goodrich, Roberto Tamassia etc.) (Z-Library)_chunk_404",auto_deepseek
A033,ev_e6d9d70c04a946e7a68b,0,"[计算机科学丛书]数据结构与算法 Python语言实现 (Michael T. Goodrich, Roberto Tamassia etc.) (Z-Library)_chunk_416",auto_deepseek
A033,ev_2ab89d4669f657728a12,2,"[计算机科学丛书]数据结构与算法 Python语言实现 (Michael T. Goodrich, Roberto Tamassia etc.) (Z-Library)_chunk_629",auto_deepseek
A033,ev_eb49415707e0fd3c663a,2,"[计算机科学丛书]数据结构与算法 Python语言实现 (Michael T. Goodrich, Roberto Tamassia etc.) (Z-Library)_chunk_631",auto_deepseek
A033,ev_c70a62066fe9c517296d,0,"[计算机科学丛书]数据结构与算法 Python语言实现 (Michael T. Goodrich, Roberto Tamassia etc.) (Z-Library)_chunk_751",auto_deepseek
A033,ev_a27f2eb4f641004eabc3,0,数据结构 (邓俊辉) (Z-Library)_chunk_106,auto_deepseek
A033,ev_702f91600a87cb523306,0,数据结构 (邓俊辉) (Z-Library)_chunk_259,auto_deepseek
A033,ev_38137f1fd623d321ea1c,0,数据结构（C语言版 第2版） (严蔚敏) (Z-Library)_chunk_220,auto_deepseek
A033,ev_1feebcf2734c6d826c72,0,数据结构（C语言版 第2版） (严蔚敏) (Z-Library)_chunk_259,auto_deepseek
A033,ev_61d98ff6ba61d963c334,0,数据结构（C语言版 第2版） (严蔚敏) (Z-Library)_chunk_261,auto_deepseek
A033,ev_aa902aec68a1ca3326c3,0,数据结构（C语言版 第2版） (严蔚敏) (Z-Library)_chunk_265,auto_deepseek
A033,ev_f7b91457ec34cd16eeab,0,数据结构（C语言版 第2版） (严蔚敏) (Z-Library)_chunk_281,auto_deepseek
A033,ev_96961025e6cf28038a9e,0,数据结构（C语言版 第2版） (严蔚敏) (Z-Library)_chunk_304,auto_deepseek
A033,ev_f2f11fca88ae0c117b49,0,数据结构（C语言版 第2版） (严蔚敏) (Z-Library)_chunk_392,auto_deepseek
A033,ev_3c949a1e4f1cbe136dd2,0,"现代操作系统 (Andrew S. Tanenbaum, Herbert Bos) (Z-Library)_chunk_628",auto_deepseek
A033,ev_29a9619d3b48a992d99e,0,计算机网络（原书第7版） 自顶向下方法 (James F. Kurose Keith W. Ross) (Z-Library)_chunk_525,auto_deepseek
A033,ev_c53886198bdc50503e1f,0,计算机网络（第8版） (谢希仁) (Z-Library)(OCR)_chunk_381,auto_deepseek
A033,ev_12f759825261372d9dbe,0,计算机网络（第8版） (谢希仁) (Z-Library)(OCR)_chunk_552,auto_deepseek
A034,ev_0f52afea646b7877adcc,3,2024年王道计算机网络复习指导 (王道计算机) (Z-Library)_chunk_303,auto_deepseek
A034,ev_9a80b09d38f94c1f5992,1,2024年王道计算机网络复习指导 (王道计算机) (Z-Library)_chunk_316,auto_deepseek
A034,ev_562c4a358884e3c8a6d1,1,2024年王道计算机网络复习指导 (王道计算机) (Z-Library)_chunk_317,auto_deepseek
A034,ev_1a87792ab6d0c9a71edc,2,2024年王道计算机网络复习指导 (王道计算机) (Z-Library)_chunk_337,auto_deepseek
A034,ev_d7fcde6a8e231b91a312,3,"计算机网络 (吴功宜,吴英) (Z-Library)(OCR)_chunk_272",auto_deepseek
A034,ev_0178fee3300948cea71c,2,"计算机网络 (吴功宜,吴英) (Z-Library)(OCR)_chunk_273",auto_deepseek
A034,ev_231d7d227468eaecd6a1,2,"计算机网络 (吴功宜,吴英) (Z-Library)(OCR)_chunk_275",auto_deepseek
A034,ev_11898d2817c54d8221ab,1,"计算机网络 (吴功宜,吴英) (Z-Library)(OCR)_chunk_505",auto_deepseek
A034,ev_f5c2c661f3de04608594,1,计算机网络（原书第7版） 自顶向下方法 (James F. Kurose Keith W. Ross) (Z-Library)_chunk_237,auto_deepseek
A034,ev_b4e4a06795ec5e84dc83,3,计算机网络（原书第7版） 自顶向下方法 (James F. Kurose Keith W. Ross) (Z-Library)_chunk_272,auto_deepseek
A034,ev_f02e614b25b05dd1e611,0,计算机网络（原书第7版） 自顶向下方法 (James F. Kurose Keith W. Ross) (Z-Library)_chunk_281,auto_deepseek
A034,ev_b86fbacb14d4a1d85b49,2,计算机网络（第8版） (谢希仁) (Z-Library)(OCR)_chunk_151,auto_deepseek
A034,ev_07162c893426e2541f19,3,计算机网络（第8版） (谢希仁) (Z-Library)(OCR)_chunk_183,auto_deepseek
A034,ev_3d40f83bea06874b2a91,2,计算机网络（第8版） (谢希仁) (Z-Library)(OCR)_chunk_184,auto_deepseek
A034,ev_d5734629a340ba794df5,2,计算机网络（第8版） (谢希仁) (Z-Library)(OCR)_chunk_185,auto_deepseek
A034,ev_00727479fc53d7ecc564,1,计算机网络（第8版） (谢希仁) (Z-Library)(OCR)_chunk_198,auto_deepseek
A034,ev_c09dd8a0cd3fa4d4d5a9,1,计算机网络（第8版） (谢希仁) (Z-Library)(OCR)_chunk_256,auto_deepseek
A034,ev_4fa8b10a7320d7bbec08,1,计算机网络（第8版） (谢希仁) (Z-Library)(OCR)_chunk_518,auto_deepseek
A035,ev_ce8cf510431333618db6,0,2024年王道计算机网络复习指导 (王道计算机) (Z-Library)_chunk_287,auto_deepseek
A035,ev_d9c890b77b462498566d,0,2024年王道计算机网络复习指导 (王道计算机) (Z-Library)_chunk_396,auto_deepseek
A035,ev_ca7e628fcddd24df4a20,0,Operating Systems Three Easy Pieces (Remzi H. Arpaci-Dusseau etc.) (Z-Library)_chunk_382,auto_deepseek
A035,ev_6a69f6dfcfe125f0ef3b,3,操作系统导论-OSTEP (王海鹏 译) (Z-Library)_chunk_242,auto_deepseek
A035,ev_8371a6484cc6720b2ba4,3,操作系统导论-OSTEP (王海鹏 译) (Z-Library)_chunk_563,auto_deepseek
A035,ev_407c0501659a940e8c5a,0,数据结构（C语言版 第2版） (严蔚敏) (Z-Library)_chunk_253,auto_deepseek
A035,ev_739b76a07e36cb01955b,1,"现代操作系统 (Andrew S. Tanenbaum, Herbert Bos) (Z-Library)_chunk_1088",auto_deepseek
A035,ev_3fa275a5d26b33756fd9,3,"现代操作系统 (Andrew S. Tanenbaum, Herbert Bos) (Z-Library)_chunk_134",auto_deepseek
A035,ev_7d4d6e3965da1c5a087b,2,"现代操作系统 (Andrew S. Tanenbaum, Herbert Bos) (Z-Library)_chunk_135",auto_deepseek
A035,ev_70346d378f4eb41bdf99,2,"现代操作系统 (Andrew S. Tanenbaum, Herbert Bos) (Z-Library)_chunk_136",auto_deepseek
A035,ev_de4dae370875aacf2441,1,"现代操作系统 (Andrew S. Tanenbaum, Herbert Bos) (Z-Library)_chunk_524",auto_deepseek
A035,ev_fbdda867bab9f5ee679f,1,"现代操作系统 (Andrew S. Tanenbaum, Herbert Bos) (Z-Library)_chunk_525",auto_deepseek
A035,ev_9d4062d01c8faa42105c,2,"现代操作系统 (Andrew S. Tanenbaum, Herbert Bos) (Z-Library)_chunk_859",auto_deepseek
A035,ev_ef3e3d2d6ba4002730ea,1,"现代操作系统 (Andrew S. Tanenbaum, Herbert Bos) (Z-Library)_chunk_950",auto_deepseek
A035,ev_f18624bc155679244d9c,0,"计算机网络 (吴功宜,吴英) (Z-Library)(OCR)_chunk_32",auto_deepseek
A035,ev_a2fd9b310c87b136db97,0,"计算机网络 (吴功宜,吴英) (Z-Library)(OCR)_chunk_34",auto_deepseek
A035,ev_da0ff53cdd154e5bdd36,0,"计算机网络 (吴功宜,吴英) (Z-Library)(OCR)_chunk_443",auto_deepseek
A035,ev_2d6c9346e54bf2a5c8f7,0,计算机网络（原书第7版） 自顶向下方法 (James F. Kurose Keith W. Ross) (Z-Library)_chunk_595,auto_deepseek
A035,ev_2045cf745b339627aa91,0,计算机网络（第8版） (谢希仁) (Z-Library)(OCR)_chunk_211,auto_deepseek
A036,ev_2cdd02e4571179d51864,0,2024年王道计算机网络复习指导 (王道计算机) (Z-Library)_chunk_192,auto_deepseek
A036,ev_3d0253428dd5bdbaad6b,0,2024年王道计算机网络复习指导 (王道计算机) (Z-Library)_chunk_254,auto_deepseek
A036,ev_d9c890b77b462498566d,0,2024年王道计算机网络复习指导 (王道计算机) (Z-Library)_chunk_396,auto_deepseek
A036,ev_785bfce28352de663246,2,Python数据结构与算法分析 第3版 (米勒 拉努姆 罗曼) (Z-Library)_chunk_147,auto_deepseek
A036,ev_1f27f01ed9a0d0a676f8,3,"[计算机科学丛书]数据结构与算法 Python语言实现 (Michael T. Goodrich, Roberto Tamassia etc.) (Z-Library)_chunk_396",auto_deepseek
A036,ev_b83beace6c2854a5065b,1,"[计算机科学丛书]数据结构与算法 Python语言实现 (Michael T. Goodrich, Roberto Tamassia etc.) (Z-Library)_chunk_397",auto_deepseek
A036,ev_12f3882a38298f7facda,1,"[计算机科学丛书]数据结构与算法 Python语言实现 (Michael T. Goodrich, Roberto Tamassia etc.) (Z-Library)_chunk_398",auto_deepseek
A036,ev_7acc939fb05413da604d,1,"[计算机科学丛书]数据结构与算法 Python语言实现 (Michael T. Goodrich, Roberto Tamassia etc.) (Z-Library)_chunk_399",auto_deepseek
A036,ev_51a1c4db813bf809595a,0,"[计算机科学丛书]数据结构与算法 Python语言实现 (Michael T. Goodrich, Roberto Tamassia etc.) (Z-Library)_chunk_400",auto_deepseek
A036,ev_5252c1988deaf7ac5662,1,"[计算机科学丛书]数据结构与算法 Python语言实现 (Michael T. Goodrich, Roberto Tamassia etc.) (Z-Library)_chunk_401",auto_deepseek
A036,ev_0f466f5de93032d2b1ae,2,"[计算机科学丛书]数据结构与算法 Python语言实现 (Michael T. Goodrich, Roberto Tamassia etc.) (Z-Library)_chunk_402",auto_deepseek
A036,ev_82a852f26ea1f071951c,1,"[计算机科学丛书]数据结构与算法 Python语言实现 (Michael T. Goodrich, Roberto Tamassia etc.) (Z-Library)_chunk_403",auto_deepseek
A036,ev_e3f4f11b781211872d8b,1,"[计算机科学丛书]数据结构与算法 Python语言实现 (Michael T. Goodrich, Roberto Tamassia etc.) (Z-Library)_chunk_407",auto_deepseek
A036,ev_ae31bca46ca84a61214f,0,"[计算机科学丛书]数据结构与算法 Python语言实现 (Michael T. Goodrich, Roberto Tamassia etc.) (Z-Library)_chunk_439",auto_deepseek
A036,ev_2fdfd394d339589e8885,0,"[计算机科学丛书]数据结构与算法 Python语言实现 (Michael T. Goodrich, Roberto Tamassia etc.) (Z-Library)_chunk_443",auto_deepseek
A036,ev_10e69a3e301eb1aadaef,0,"[计算机科学丛书]数据结构与算法 Python语言实现 (Michael T. Goodrich, Roberto Tamassia etc.) (Z-Library)_chunk_747",auto_deepseek
A036,ev_0a59395b990d0b64844a,2,数据结构 (邓俊辉) (Z-Library)_chunk_374,auto_deepseek
A036,ev_5cc50e4dbc80769dc497,1,数据结构（C语言版 第2版） (严蔚敏) (Z-Library)_chunk_296,auto_deepseek
A037,ev_3642f8910e41525cfb79,3,Operating Systems Three Easy Pieces (Remzi H. Arpaci-Dusseau etc.) (Z-Library)_chunk_488,auto_deepseek
A037,ev_2ca1ce04f66f8210ef1a,1,Operating Systems Three Easy Pieces (Remzi H. Arpaci-Dusseau etc.) (Z-Library)_chunk_491,auto_deepseek
A037,ev_e7ad0b408997a94296f8,1,Operating Systems Three Easy Pieces (Remzi H. Arpaci-Dusseau etc.) (Z-Library)_chunk_502,auto_deepseek
A037,ev_48cb4d46d2a5daf00721,2,Operating Systems Three Easy Pieces (Remzi H. Arpaci-Dusseau etc.) (Z-Library)_chunk_506,auto_deepseek
A037,ev_f57bf826bf8513ed8522,1,Operating Systems Three Easy Pieces (Remzi H. Arpaci-Dusseau etc.) (Z-Library)_chunk_507,auto_deepseek
A037,ev_29d21a0fa7995acdd7d0,1,Operating Systems Three Easy Pieces (Remzi H. Arpaci-Dusseau etc.) (Z-Library)_chunk_508,auto_deepseek
A037,ev_d9438801c58a82eacf80,1,Operating Systems Three Easy Pieces (Remzi H. Arpaci-Dusseau etc.) (Z-Library)_chunk_677,auto_deepseek
A037,ev_9e0b890ba0a1e71b24e7,1,操作系统导论-OSTEP (王海鹏 译) (Z-Library)_chunk_170,auto_deepseek
A037,ev_44ce1913def04d255963,2,操作系统导论-OSTEP (王海鹏 译) (Z-Library)_chunk_171,auto_deepseek
A037,ev_b13cfba04fde3cfca81e,2,操作系统导论-OSTEP (王海鹏 译) (Z-Library)_chunk_173,auto_deepseek
A037,ev_2ba107fba09ef5587c0f,2,操作系统导论-OSTEP (王海鹏 译) (Z-Library)_chunk_174,auto_deepseek
A037,ev_9ee05c36efe61ceb8614,1,操作系统导论-OSTEP (王海鹏 译) (Z-Library)_chunk_178,auto_deepseek
A037,ev_8f1fbed739ea1a598c1a,1,操作系统导论-OSTEP (王海鹏 译) (Z-Library)_chunk_182,auto_deepseek
A037,ev_93de203d2978c7c4bd96,1,操作系统导论-OSTEP (王海鹏 译) (Z-Library)_chunk_198,auto_deepseek
A037,ev_44ffb75a270c5fb457bb,1,操作系统导论-OSTEP (王海鹏 译) (Z-Library)_chunk_232,auto_deepseek
A037,ev_4c1d77a51bc58efb44ea,1,操作系统导论-OSTEP (王海鹏 译) (Z-Library)_chunk_581,auto_deepseek
A037,ev_a22796eb125c90aa98f7,3,"现代操作系统 (Andrew S. Tanenbaum, Herbert Bos) (Z-Library)_chunk_206",auto_deepseek
A037,ev_3d95b2b7950d0dfbfa90,2,"现代操作系统 (Andrew S. Tanenbaum, Herbert Bos) (Z-Library)_chunk_207",auto_deepseek
A037,ev_d3be2e1825fb3c623677,0,"现代操作系统 (Andrew S. Tanenbaum, Herbert Bos) (Z-Library)_chunk_600",auto_deepseek
A037,ev_85623be58b9523a9b83c,0,计算机网络（第8版） (谢希仁) (Z-Library)(OCR)_chunk_528,auto_deepseek
A038,ev_72a3e8de5fbc4ada8546,1,2024年王道计算机网络复习指导 (王道计算机) (Z-Library)_chunk_24,auto_deepseek
A038,ev_6c5e894687ccf7eada4b,0,2024年王道计算机网络复习指导 (王道计算机) (Z-Library)_chunk_466,auto_deepseek
A038,ev_89aa4d7ee1fb30a9c2b0,0,2024年王道计算机网络复习指导 (王道计算机) (Z-Library)_chunk_474,auto_deepseek
A038,ev_81608b368a7c4fc47f21,1,2024年王道计算机网络复习指导 (王道计算机) (Z-Library)_chunk_487,auto_deepseek
A038,ev_fda2db663ec44cdbc48d,1,2024年王道计算机网络复习指导 (王道计算机) (Z-Library)_chunk_519,auto_deepseek
A038,ev_0a7d43659ce093387e2d,2,"计算机网络 (吴功宜,吴英) (Z-Library)(OCR)_chunk_342",auto_deepseek
A038,ev_12f921be7480107e4f25,2,计算机网络（原书第7版） 自顶向下方法 (James F. Kurose Keith W. Ross) (Z-Library)_chunk_143,auto_deepseek
A038,ev_4a1a728e83a05424530e,1,计算机网络（原书第7版） 自顶向下方法 (James F. Kurose Keith W. Ross) (Z-Library)_chunk_144,auto_deepseek
A038,ev_c9434e7816dc484acbe8,1,计算机网络（原书第7版） 自顶向下方法 (James F. Kurose Keith W. Ross) (Z-Library)_chunk_145,auto_deepseek
A038,ev_f88224cb9ddd67cd4aab,0,计算机网络（第8版） (谢希仁) (Z-Library)(OCR)_chunk_174,auto_deepseek
A038,ev_1c5e4067b47248e673f5,2,计算机网络（第8版） (谢希仁) (Z-Library)(OCR)_chunk_281,auto_deepseek
A038,ev_38ccdeaab67f2d4375a1,1,计算机网络（第8版） (谢希仁) (Z-Library)(OCR)_chunk_319,auto_deepseek
A038,ev_c0e19c91ca0c504059f4,3,计算机网络（第8版） (谢希仁) (Z-Library)(OCR)_chunk_32,auto_deepseek
A038,ev_19b5ae6c1d32ff591f8b,0,计算机网络（第8版） (谢希仁) (Z-Library)(OCR)_chunk_428,auto_deepseek
A038,ev_94c9b1038d4588cf0653,0,计算机网络（第8版） (谢希仁) (Z-Library)(OCR)_chunk_430,auto_deepseek
A038,ev_287ac7353902b8df1d12,1,计算机网络（第8版） (谢希仁) (Z-Library)(OCR)_chunk_48,auto_deepseek
A038,ev_d08236c000de4b4586e9,1,计算机网络（第8版） (谢希仁) (Z-Library)(OCR)_chunk_49,auto_deepseek
A038,ev_dc7308939cb0466bde39,0,计算机网络（第8版） (谢希仁) (Z-Library)(OCR)_chunk_505,auto_deepseek
A038,ev_4cc323f7e326c9ceb749,1,计算机网络（第8版） (谢希仁) (Z-Library)(OCR)_chunk_507,auto_deepseek
A038,ev_d950f370a33859bced54,2,计算机网络（第8版） (谢希仁) (Z-Library)(OCR)_chunk_526,auto_deepseek
A038,ev_85623be58b9523a9b83c,0,计算机网络（第8版） (谢希仁) (Z-Library)(OCR)_chunk_528,auto_deepseek
A039,ev_389a587d0fc5c1f1b488,1,"[计算机科学丛书]数据结构与算法 Python语言实现 (Michael T. Goodrich, Roberto Tamassia etc.) (Z-Library)_chunk_133",auto_deepseek
A039,ev_af25263169fdfc1a212d,1,"[计算机科学丛书]数据结构与算法 Python语言实现 (Michael T. Goodrich, Roberto Tamassia etc.) (Z-Library)_chunk_135",auto_deepseek
A039,ev_fcf109d4aa9003d139d0,1,"[计算机科学丛书]数据结构与算法 Python语言实现 (Michael T. Goodrich, Roberto Tamassia etc.) (Z-Library)_chunk_163",auto_deepseek
A039,ev_123676c455f76c8daceb,1,"[计算机科学丛书]数据结构与算法 Python语言实现 (Michael T. Goodrich, Roberto Tamassia etc.) (Z-Library)_chunk_179",auto_deepseek
A039,ev_76b50847da383d1c3089,1,"[计算机科学丛书]数据结构与算法 Python语言实现 (Michael T. Goodrich, Roberto Tamassia etc.) (Z-Library)_chunk_180",auto_deepseek
A039,ev_3b8f8536715a60ab22ca,1,"[计算机科学丛书]数据结构与算法 Python语言实现 (Michael T. Goodrich, Roberto Tamassia etc.) (Z-Library)_chunk_370",auto_deepseek
A039,ev_72f3db949cbf882abd2a,1,"[计算机科学丛书]数据结构与算法 Python语言实现 (Michael T. Goodrich, Roberto Tamassia etc.) (Z-Library)_chunk_373",auto_deepseek
A039,ev_a680ab437da0cb00cf4f,0,"[计算机科学丛书]数据结构与算法 Python语言实现 (Michael T. Goodrich, Roberto Tamassia etc.) (Z-Library)_chunk_429",auto_deepseek
A039,ev_9efebee4a55b6e7c08d1,0,"[计算机科学丛书]数据结构与算法 Python语言实现 (Michael T. Goodrich, Roberto Tamassia etc.) (Z-Library)_chunk_442",auto_deepseek
A039,ev_490cf810a22d731c13bb,0,"[计算机科学丛书]数据结构与算法 Python语言实现 (Michael T. Goodrich, Roberto Tamassia etc.) (Z-Library)_chunk_459",auto_deepseek
A039,ev_b6fba6611031b31e775f,2,"[计算机科学丛书]数据结构与算法 Python语言实现 (Michael T. Goodrich, Roberto Tamassia etc.) (Z-Library)_chunk_509",auto_deepseek
A039,ev_d9e2a0f19ce882d136e5,2,"[计算机科学丛书]数据结构与算法 Python语言实现 (Michael T. Goodrich, Roberto Tamassia etc.) (Z-Library)_chunk_530",auto_deepseek
A039,ev_f93755030d39c3b21cc3,1,"[计算机科学丛书]数据结构与算法 Python语言实现 (Michael T. Goodrich, Roberto Tamassia etc.) (Z-Library)_chunk_531",auto_deepseek
A039,ev_d27a7b55bfff6174dae9,1,"[计算机科学丛书]数据结构与算法 Python语言实现 (Michael T. Goodrich, Roberto Tamassia etc.) (Z-Library)_chunk_540",auto_deepseek
A039,ev_53bb28fde74805019203,0,数据结构 (邓俊辉) (Z-Library)_chunk_307,auto_deepseek
A039,ev_d152c9ad9fec1d718516,0,数据结构 (邓俊辉) (Z-Library)_chunk_80,auto_deepseek
A039,ev_16814a74949d8ec3a8e0,1,数据结构（C语言版 第2版） (严蔚敏) (Z-Library)_chunk_15,auto_deepseek
A039,ev_93fe6e7914d0ad1c9942,0,数据结构（C语言版 第2版） (严蔚敏) (Z-Library)_chunk_166,auto_deepseek
A039,ev_e8078af3ce907746923b,2,数据结构（C语言版 第2版） (严蔚敏) (Z-Library)_chunk_17,auto_deepseek
A039,ev_5fe17e1f9ee46798b4e0,1,数据结构（C语言版 第2版） (严蔚敏) (Z-Library)_chunk_276,auto_deepseek
A040,ev_522c112d113642ddbfb6,3,2024年王道计算机网络复习指导 (王道计算机) (Z-Library)_chunk_442,auto_deepseek
A040,ev_eb488ff4e4ab2aab76f1,2,2024年王道计算机网络复习指导 (王道计算机) (Z-Library)_chunk_444,auto_deepseek
A040,ev_72ae960ddac69f0d06ce,1,2024年王道计算机网络复习指导 (王道计算机) (Z-Library)_chunk_461,auto_deepseek
A040,ev_30d42f0f01387229f2dd,0,数据结构 (邓俊辉) (Z-Library)_chunk_353,auto_deepseek
A040,ev_786a8cafbc634c23a0dd,3,"计算机网络 (吴功宜,吴英) (Z-Library)(OCR)_chunk_333",auto_deepseek
A040,ev_7e2bda6988efd7a1c798,1,"计算机网络 (吴功宜,吴英) (Z-Library)(OCR)_chunk_394",auto_deepseek
A040,ev_9ded06471a689ff2686b,1,"计算机网络 (吴功宜,吴英) (Z-Library)(OCR)_chunk_481",auto_deepseek
A040,ev_7dba2090e5826608dee9,1,"计算机网络 (吴功宜,吴英) (Z-Library)(OCR)_chunk_486",auto_deepseek
A040,ev_d99128f0c39f6ad0f98a,1,计算机网络（原书第7版） 自顶向下方法 (James F. Kurose Keith W. Ross) (Z-Library)_chunk_123,auto_deepseek
A040,ev_de692a47fa9cd7040cb4,0,计算机网络（原书第7版） 自顶向下方法 (James F. Kurose Keith W. Ross) (Z-Library)_chunk_133,auto_deepseek
A040,ev_0403fa436164203866f5,2,计算机网络（原书第7版） 自顶向下方法 (James F. Kurose Keith W. Ross) (Z-Library)_chunk_140,auto_deepseek
A040,ev_7db4c40b9076c95e3e6b,1,计算机网络（原书第7版） 自顶向下方法 (James F. Kurose Keith W. Ross) (Z-Library)_chunk_150,auto_deepseek
A040,ev_550fc8fc5c2a0ed4f4ee,2,计算机网络（原书第7版） 自顶向下方法 (James F. Kurose Keith W. Ross) (Z-Library)_chunk_154,auto_deepseek
A040,ev_3ec9d0f2bf43ace96745,0,计算机网络（原书第7版） 自顶向下方法 (James F. Kurose Keith W. Ross) (Z-Library)_chunk_175,auto_deepseek
A040,ev_b5086892d3498d862a21,0,计算机网络（原书第7版） 自顶向下方法 (James F. Kurose Keith W. Ross) (Z-Library)_chunk_589,auto_deepseek
A040,ev_74e9c9fd30d45fb18e0e,1,计算机网络（原书第7版） 自顶向下方法 (James F. Kurose Keith W. Ross) (Z-Library)_chunk_592,auto_deepseek
A040,ev_1e2dc407fa4b62487147,3,计算机网络（第8版） (谢希仁) (Z-Library)(OCR)_chunk_285,auto_deepseek
A040,ev_373ae1f916448e330a55,2,计算机网络（第8版） (谢希仁) (Z-Library)(OCR)_chunk_310,auto_deepseek
A041,ev_35c1656868704000ed52,2,2024年王道计算机网络复习指导 (王道计算机) (Z-Library)_chunk_233,auto_deepseek
A041,ev_401fd56e906b948b23ef,3,2024年王道计算机网络复习指导 (王道计算机) (Z-Library)_chunk_289,auto_deepseek
A041,ev_d8860753816c12e63a1c,1,2024年王道计算机网络复习指导 (王道计算机) (Z-Library)_chunk_306,auto_deepseek
A041,ev_256017e7ebec728bb5ea,1,2024年王道计算机网络复习指导 (王道计算机) (Z-Library)_chunk_328,auto_deepseek
A041,ev_ae4ed2444de69c21cb66,1,2024年王道计算机网络复习指导 (王道计算机) (Z-Library)_chunk_329,auto_deepseek
A041,ev_2dc39da2cee3b666ccbd,1,2024年王道计算机网络复习指导 (王道计算机) (Z-Library)_chunk_351,auto_deepseek
A041,ev_805c889049918fcccf9a,0,Operating Systems Three Easy Pieces (Remzi H. Arpaci-Dusseau etc.) (Z-Library)_chunk_1454,auto_deepseek
A041,ev_47402b07364831df82a9,0,"计算机网络 (吴功宜,吴英) (Z-Library)(OCR)_chunk_138",auto_deepseek
A041,ev_89200df08a3b33ff5084,0,"计算机网络 (吴功宜,吴英) (Z-Library)(OCR)_chunk_191",auto_deepseek
A041,ev_52bfa7bf1c04a7ed1205,2,"计算机网络 (吴功宜,吴英) (Z-Library)(OCR)_chunk_221",auto_deepseek
A041,ev_70a563475f6a848b4cad,2,"计算机网络 (吴功宜,吴英) (Z-Library)(OCR)_chunk_222",auto_deepseek
A041,ev_b215381ad41e8a1257c0,3,计算机网络（原书第7版） 自顶向下方法 (James F. Kurose Keith W. Ross) (Z-Library)_chunk_209,auto_deepseek
A041,ev_8e72e268982b94acb5e3,0,计算机网络（原书第7版） 自顶向下方法 (James F. Kurose Keith W. Ross) (Z-Library)_chunk_491,auto_deepseek
A041,ev_25b286c9cf5e5ba2a1b0,0,计算机网络（原书第7版） 自顶向下方法 (James F. Kurose Keith W. Ross) (Z-Library)_chunk_86,auto_deepseek
A041,ev_5025d1943c5f39392aaf,1,计算机网络（第8版） (谢希仁) (Z-Library)(OCR)_chunk_100,auto_deepseek
A041,ev_c09dd8a0cd3fa4d4d5a9,1,计算机网络（第8版） (谢希仁) (Z-Library)(OCR)_chunk_256,auto_deepseek
A041,ev_51eda17db62817ccf1c4,1,计算机网络（第8版） (谢希仁) (Z-Library)(OCR)_chunk_522,auto_deepseek
A041,ev_9013f2b41ce5754c2035,2,计算机网络（第8版） (谢希仁) (Z-Library)(OCR)_chunk_98,auto_deepseek
A041,ev_195dfb896ca0c516fb87,1,计算机网络（第8版） (谢希仁) (Z-Library)(OCR)_chunk_99,auto_deepseek
A042,ev_90a8088619e74b78d497,2,Operating Systems Three Easy Pieces (Remzi H. Arpaci-Dusseau etc.) (Z-Library)_chunk_1008,auto_deepseek
A042,ev_6922bb8a54005a811f7c,3,Operating Systems Three Easy Pieces (Remzi H. Arpaci-Dusseau etc.) (Z-Library)_chunk_1009,auto_deepseek
A042,ev_92ad5b1d60056561771e,3,操作系统导论-OSTEP (王海鹏 译) (Z-Library)_chunk_355,auto_deepseek
A042,ev_0d8a54ee43389b8a2d72,3,"现代操作系统 (Andrew S. Tanenbaum, Herbert Bos) (Z-Library)_chunk_351",auto_deepseek
A042,ev_dc00913bee7c41666725,2,"现代操作系统 (Andrew S. Tanenbaum, Herbert Bos) (Z-Library)_chunk_352",auto_deepseek
A042,ev_4514cfdd54faa588e771,2,"现代操作系统 (Andrew S. Tanenbaum, Herbert Bos) (Z-Library)_chunk_353",auto_deepseek
A042,ev_8625e4d0f34ee7de0ae6,2,"现代操作系统 (Andrew S. Tanenbaum, Herbert Bos) (Z-Library)_chunk_361",auto_deepseek
A042,ev_3689e984623e6d4fd559,2,"现代操作系统 (Andrew S. Tanenbaum, Herbert Bos) (Z-Library)_chunk_38",auto_deepseek
A042,ev_edb8e45fe5129bbd5bb8,3,"现代操作系统 (Andrew S. Tanenbaum, Herbert Bos) (Z-Library)_chunk_431",auto_deepseek
A042,ev_7696adee231321ff952a,1,"现代操作系统 (Andrew S. Tanenbaum, Herbert Bos) (Z-Library)_chunk_432",auto_deepseek
A042,ev_4a0cd56a2cd89ed340a7,1,"现代操作系统 (Andrew S. Tanenbaum, Herbert Bos) (Z-Library)_chunk_487",auto_deepseek
A042,ev_eebeebbdeb469597be9b,0,"现代操作系统 (Andrew S. Tanenbaum, Herbert Bos) (Z-Library)_chunk_507",auto_deepseek
A042,ev_b834f4eefb7acfda6538,1,"现代操作系统 (Andrew S. Tanenbaum, Herbert Bos) (Z-Library)_chunk_542",auto_deepseek
A042,ev_cd5c5e78c20042662065,1,"现代操作系统 (Andrew S. Tanenbaum, Herbert Bos) (Z-Library)_chunk_725",auto_deepseek
A042,ev_19014d1663cb0d51f93e,0,计算机网络（第8版） (谢希仁) (Z-Library)(OCR)_chunk_325,auto_deepseek
A042,ev_2bea2bbc4893472dcf6a,0,计算机网络（第8版） (谢希仁) (Z-Library)(OCR)_chunk_68,auto_deepseek
A043,ev_ed926f51a76a3fc751d2,0,2024年王道计算机网络复习指导 (王道计算机) (Z-Library)_chunk_126,auto_deepseek
A043,ev_1b3986546592bdb7e2f5,0,2024年王道计算机网络复习指导 (王道计算机) (Z-Library)_chunk_58,auto_deepseek
A043,ev_3848b3d24888384e1ee0,0,2024年王道计算机网络复习指导 (王道计算机) (Z-Library)_chunk_62,auto_deepseek
A043,ev_2872b47ffc0e160ae561,0,2024年王道计算机网络复习指导 (王道计算机) (Z-Library)_chunk_63,auto_deepseek
A043,ev_09ab4d824f973052f268,0,Python数据结构与算法分析 第3版 (米勒 拉努姆 罗曼) (Z-Library)_chunk_110,auto_deepseek
A043,ev_76432dea0f51468ae8d4,0,Python数据结构与算法分析 第3版 (米勒 拉努姆 罗曼) (Z-Library)_chunk_255,auto_deepseek
A043,ev_d7699cf58681adc040cd,0,Python数据结构与算法分析 第3版 (米勒 拉努姆 罗曼) (Z-Library)_chunk_263,auto_deepseek
A043,ev_39b186a355e949dfabed,0,"[计算机科学丛书]数据结构与算法 Python语言实现 (Michael T. Goodrich, Roberto Tamassia etc.) (Z-Library)_chunk_128",auto_deepseek
A043,ev_1da8aa397e4e5b739754,0,"[计算机科学丛书]数据结构与算法 Python语言实现 (Michael T. Goodrich, Roberto Tamassia etc.) (Z-Library)_chunk_157",auto_deepseek
A043,ev_9f75eaefc0478765a8a7,0,"[计算机科学丛书]数据结构与算法 Python语言实现 (Michael T. Goodrich, Roberto Tamassia etc.) (Z-Library)_chunk_665",auto_deepseek
A043,ev_d6d4fe3a2a0abc112cb8,0,"[计算机科学丛书]数据结构与算法 Python语言实现 (Michael T. Goodrich, Roberto Tamassia etc.) (Z-Library)_chunk_779",auto_deepseek
A043,ev_9b6580c880fdc2147b0f,0,数据结构 (邓俊辉) (Z-Library)_chunk_277,auto_deepseek
A043,ev_f0792cf7e12c490ab384,0,数据结构 (邓俊辉) (Z-Library)_chunk_32,auto_deepseek
A043,ev_f10023254001b8d9a8f8,0,数据结构 (邓俊辉) (Z-Library)_chunk_366,auto_deepseek
A043,ev_a26c430c779e1cc8aa75,0,数据结构 (邓俊辉) (Z-Library)_chunk_383,auto_deepseek
A043,ev_397d80289250ab2157a2,0,数据结构 (邓俊辉) (Z-Library)_chunk_41,auto_deepseek
A043,ev_210c96cefed1f738bbc8,0,数据结构 (邓俊辉) (Z-Library)_chunk_59,auto_deepseek
A043,ev_bc45f1fef55a6ef04c44,0,数据结构（C语言版 第2版） (严蔚敏) (Z-Library)_chunk_16,auto_deepseek
A043,ev_869a12abc14c7d6173ae,0,数据结构（C语言版 第2版） (严蔚敏) (Z-Library)_chunk_65,auto_deepseek
A043,ev_51d37540dc65ed3c9732,1,计算机网络（原书第7版） 自顶向下方法 (James F. Kurose Keith W. Ross) (Z-Library)_chunk_545,auto_deepseek
A044,ev_d2891d642587874aa7b7,3,Operating Systems Three Easy Pieces (Remzi H. Arpaci-Dusseau etc.) (Z-Library)_chunk_183,auto_deepseek
A044,ev_e70be29de9da1ad12d57,3,Operating Systems Three Easy Pieces (Remzi H. Arpaci-Dusseau etc.) (Z-Library)_chunk_612,auto_deepseek
A044,ev_08d6ca6d55136e562cd0,2,Operating Systems Three Easy Pieces (Remzi H. Arpaci-Dusseau etc.) (Z-Library)_chunk_613,auto_deepseek
A044,ev_703080316fa31086dc9d,1,Operating Systems Three Easy Pieces (Remzi H. Arpaci-Dusseau etc.) (Z-Library)_chunk_628,auto_deepseek
A044,ev_c9e8f8319e34cc5b59da,2,Operating Systems Three Easy Pieces (Remzi H. Arpaci-Dusseau etc.) (Z-Library)_chunk_662,auto_deepseek
A044,ev_d3d1c0c2878bd393ce59,3,Python数据结构与算法分析 第3版 (米勒 拉努姆 罗曼) (Z-Library)_chunk_105,auto_deepseek
A044,ev_201b685f88c21fa9241a,1,Python数据结构与算法分析 第3版 (米勒 拉努姆 罗曼) (Z-Library)_chunk_106,auto_deepseek
A044,ev_232ea4c4a060bdec3b63,3,"[计算机科学丛书]数据结构与算法 Python语言实现 (Michael T. Goodrich, Roberto Tamassia etc.) (Z-Library)_chunk_651",auto_deepseek
A044,ev_591d7a742ca1f221769a,2,"[计算机科学丛书]数据结构与算法 Python语言实现 (Michael T. Goodrich, Roberto Tamassia etc.) (Z-Library)_chunk_652",auto_deepseek
A044,ev_82fa29d7187377a9c2e5,3,操作系统导论-OSTEP (王海鹏 译) (Z-Library)_chunk_210,auto_deepseek
A044,ev_ca9b7dad667a260a164a,2,操作系统导论-OSTEP (王海鹏 译) (Z-Library)_chunk_212,auto_deepseek
A044,ev_0d921fe64ca8d726659b,2,操作系统导论-OSTEP (王海鹏 译) (Z-Library)_chunk_227,auto_deepseek
A044,ev_e3d72edf8eaec1a53e43,1,操作系统导论-OSTEP (王海鹏 译) (Z-Library)_chunk_231,auto_deepseek
A044,ev_c069932f9b2e1f81fa14,3,操作系统导论-OSTEP (王海鹏 译) (Z-Library)_chunk_66,auto_deepseek
A044,ev_5a139f09709f3756e2a5,2,"现代操作系统 (Andrew S. Tanenbaum, Herbert Bos) (Z-Library)_chunk_214",auto_deepseek
A044,ev_e89da6993695c6adef67,1,"现代操作系统 (Andrew S. Tanenbaum, Herbert Bos) (Z-Library)_chunk_261",auto_deepseek
A044,ev_59a18d8aa2c02c353a70,0,计算机网络（第8版） (谢希仁) (Z-Library)(OCR)_chunk_446,auto_deepseek
A045,ev_54f190081347478b0a98,0,2024年王道计算机网络复习指导 (王道计算机) (Z-Library)_chunk_238,auto_deepseek
A045,ev_afc478acdd91a6fdf2b7,0,2024年王道计算机网络复习指导 (王道计算机) (Z-Library)_chunk_239,auto_deepseek
A045,ev_6ed861e00909bfa512f4,0,2024年王道计算机网络复习指导 (王道计算机) (Z-Library)_chunk_300,auto_deepseek
A045,ev_0f52afea646b7877adcc,1,2024年王道计算机网络复习指导 (王道计算机) (Z-Library)_chunk_303,auto_deepseek
A045,ev_9a80b09d38f94c1f5992,1,2024年王道计算机网络复习指导 (王道计算机) (Z-Library)_chunk_316,auto_deepseek
A045,ev_15d6320590b8a9158eb8,0,"计算机网络 (吴功宜,吴英) (Z-Library)(OCR)_chunk_327",auto_deepseek
A045,ev_aa36b11021b7b4888ba0,1,"计算机网络 (吴功宜,吴英) (Z-Library)(OCR)_chunk_360",auto_deepseek
A045,ev_728c4c9ba6d29be88b43,3,"计算机网络 (吴功宜,吴英) (Z-Library)(OCR)_chunk_380",auto_deepseek
A045,ev_2d901f4eb6c322abc6b0,2,"计算机网络 (吴功宜,吴英) (Z-Library)(OCR)_chunk_381",auto_deepseek
A045,ev_a2d406926e358a2cf925,2,"计算机网络 (吴功宜,吴英) (Z-Library)(OCR)_chunk_390",auto_deepseek
A045,ev_7e2bda6988efd7a1c798,2,"计算机网络 (吴功宜,吴英) (Z-Library)(OCR)_chunk_394",auto_deepseek
A045,ev_f799da8a13c74de54fd7,1,"计算机网络 (吴功宜,吴英) (Z-Library)(OCR)_chunk_501",auto_deepseek
A045,ev_00e55133199357a4ff59,1,计算机网络（原书第7版） 自顶向下方法 (James F. Kurose Keith W. Ross) (Z-Library)_chunk_215,auto_deepseek
A045,ev_0bb1d7d41725b7cca08e,1,计算机网络（原书第7版） 自顶向下方法 (James F. Kurose Keith W. Ross) (Z-Library)_chunk_338,auto_deepseek
A045,ev_d552d53d66f23f10aa98,2,计算机网络（第8版） (谢希仁) (Z-Library)(OCR)_chunk_359,auto_deepseek
A045,ev_9fff0d6d2466e91cd64b,1,计算机网络（第8版） (谢希仁) (Z-Library)(OCR)_chunk_382,auto_deepseek
A045,ev_ad9c271c24c27eee0b9e,0,计算机网络（第8版） (谢希仁) (Z-Library)(OCR)_chunk_519,auto_deepseek
A045,ev_be8fb69ffc895980fe4b,0,计算机网络（第8版） (谢希仁) (Z-Library)(OCR)_chunk_524,auto_deepseek
A046,ev_5b448874a38b127b2af2,0,2024年王道计算机网络复习指导 (王道计算机) (Z-Library)_chunk_153,auto_deepseek
A046,ev_3f6ccce4e23489455426,0,"[计算机科学丛书]数据结构与算法 Python语言实现 (Michael T. Goodrich, Roberto Tamassia etc.) (Z-Library)_chunk_626",auto_deepseek
A046,ev_9f57ade9a2479032227e,1,操作系统导论-OSTEP (王海鹏 译) (Z-Library)_chunk_547,auto_deepseek
A046,ev_0d83e39cd1f30ce958f4,0,操作系统导论-OSTEP (王海鹏 译) (Z-Library)_chunk_548,auto_deepseek
A046,ev_56880ad136723521e7ed,1,操作系统导论-OSTEP (王海鹏 译) (Z-Library)_chunk_69,auto_deepseek
A046,ev_0df141823574fcd68823,1,操作系统导论-OSTEP (王海鹏 译) (Z-Library)_chunk_76,auto_deepseek
A046,ev_23e6121672b559efb283,0,"现代操作系统 (Andrew S. Tanenbaum, Herbert Bos) (Z-Library)_chunk_154",auto_deepseek
A046,ev_e2c264b6ab498750058e,1,"现代操作系统 (Andrew S. Tanenbaum, Herbert Bos) (Z-Library)_chunk_160",auto_deepseek
A046,ev_bd8ae94ae45d04f247b7,0,"现代操作系统 (Andrew S. Tanenbaum, Herbert Bos) (Z-Library)_chunk_162",auto_deepseek
A046,ev_8a78dbf90086f1ac4637,2,"现代操作系统 (Andrew S. Tanenbaum, Herbert Bos) (Z-Library)_chunk_163",auto_deepseek
A046,ev_e43b6cc8077739817b08,0,"现代操作系统 (Andrew S. Tanenbaum, Herbert Bos) (Z-Library)_chunk_170",auto_deepseek
A046,ev_f9a5c3b6971b5532f90d,0,"现代操作系统 (Andrew S. Tanenbaum, Herbert Bos) (Z-Library)_chunk_171",auto_deepseek
A046,ev_5888b4cd36f6c61d5250,1,"现代操作系统 (Andrew S. Tanenbaum, Herbert Bos) (Z-Library)_chunk_177",auto_deepseek
A046,ev_2e12b5e37c610553a0a8,0,"现代操作系统 (Andrew S. Tanenbaum, Herbert Bos) (Z-Library)_chunk_243",auto_deepseek
A046,ev_1fc83bf1e8ec732e54c4,0,"现代操作系统 (Andrew S. Tanenbaum, Herbert Bos) (Z-Library)_chunk_553",auto_deepseek
A046,ev_3366e970c13197876bf9,0,"现代操作系统 (Andrew S. Tanenbaum, Herbert Bos) (Z-Library)_chunk_832",auto_deepseek
A046,ev_fb7c549626f9dcc4f23a,0,计算机网络（原书第7版） 自顶向下方法 (James F. Kurose Keith W. Ross) (Z-Library)_chunk_177,auto_deepseek
A046,ev_3d065f8ea078e1a5c7ae,0,计算机网络（原书第7版） 自顶向下方法 (James F. Kurose Keith W. Ross) (Z-Library)_chunk_246,auto_deepseek
A046,ev_adece226ea6b668d9ddc,0,计算机网络（第8版） (谢希仁) (Z-Library)(OCR)_chunk_438,auto_deepseek
A046,ev_ca186bb6fe5714a0b620,0,计算机网络（第8版） (谢希仁) (Z-Library)(OCR)_chunk_527,auto_deepseek
A046,ev_ba3cbc78bfd8bcfd3116,0,计算机网络（第8版） (谢希仁) (Z-Library)(OCR)_chunk_69,auto_deepseek
A047,ev_fcf109d4aa9003d139d0,0,"[计算机科学丛书]数据结构与算法 Python语言实现 (Michael T. Goodrich, Roberto Tamassia etc.) (Z-Library)_chunk_163",auto_deepseek
A047,ev_05ef90937ddecfbf379a,2,"[计算机科学丛书]数据结构与算法 Python语言实现 (Michael T. Goodrich, Roberto Tamassia etc.) (Z-Library)_chunk_606",auto_deepseek
A047,ev_f7bb3525a138bf9deafb,3,"[计算机科学丛书]数据结构与算法 Python语言实现 (Michael T. Goodrich, Roberto Tamassia etc.) (Z-Library)_chunk_607",auto_deepseek
A047,ev_a9924bc7d1a988fcc0a4,3,"[计算机科学丛书]数据结构与算法 Python语言实现 (Michael T. Goodrich, Roberto Tamassia etc.) (Z-Library)_chunk_608",auto_deepseek
A047,ev_bbcb6c585eb1f2a64f57,0,"[计算机科学丛书]数据结构与算法 Python语言实现 (Michael T. Goodrich, Roberto Tamassia etc.) (Z-Library)_chunk_638",auto_deepseek
A047,ev_12df45b498e322a7e92f,0,"[计算机科学丛书]数据结构与算法 Python语言实现 (Michael T. Goodrich, Roberto Tamassia etc.) (Z-Library)_chunk_639",auto_deepseek
A047,ev_be99a29312b5bdf8297f,0,数据结构 (邓俊辉) (Z-Library)_chunk_21,auto_deepseek
A047,ev_11174b61e8db4aaaefa4,0,数据结构 (邓俊辉) (Z-Library)_chunk_27,auto_deepseek
A047,ev_d27031d7a54cf807ea04,0,数据结构 (邓俊辉) (Z-Library)_chunk_409,auto_deepseek
A047,ev_d9683dd4233546693561,0,数据结构 (邓俊辉) (Z-Library)_chunk_429,auto_deepseek
A047,ev_05302b11872557d343c3,0,数据结构 (邓俊辉) (Z-Library)_chunk_450,auto_deepseek
A047,ev_96f28510754ebca7a990,0,数据结构（C语言版 第2版） (严蔚敏) (Z-Library)_chunk_13,auto_deepseek
A047,ev_16814a74949d8ec3a8e0,0,数据结构（C语言版 第2版） (严蔚敏) (Z-Library)_chunk_15,auto_deepseek
A047,ev_bc45f1fef55a6ef04c44,0,数据结构（C语言版 第2版） (严蔚敏) (Z-Library)_chunk_16,auto_deepseek
A047,ev_31d699715f14c7273bdf,3,数据结构（C语言版 第2版） (严蔚敏) (Z-Library)_chunk_237,auto_deepseek
A047,ev_2b791a0288cbcb4c6365,3,数据结构（C语言版 第2版） (严蔚敏) (Z-Library)_chunk_254,auto_deepseek
A047,ev_cb8aed6115011edcec85,0,数据结构（C语言版 第2版） (严蔚敏) (Z-Library)_chunk_58,auto_deepseek
A047,ev_e8c545dbf342787a9ffa,0,数据结构（C语言版 第2版） (严蔚敏) (Z-Library)_chunk_89,auto_deepseek
A048,ev_03b605b5154a712a3a66,2,Operating Systems Three Easy Pieces (Remzi H. Arpaci-Dusseau etc.) (Z-Library)_chunk_365,auto_deepseek
A048,ev_a8f32cb159cd8c454fab,0,"[计算机科学丛书]数据结构与算法 Python语言实现 (Michael T. Goodrich, Roberto Tamassia etc.) (Z-Library)_chunk_641",auto_deepseek
A048,ev_471fbe49c4b4f6e6d5f8,0,操作系统导论-OSTEP (王海鹏 译) (Z-Library)_chunk_109,auto_deepseek
A048,ev_93381652113a867818ae,2,操作系统导论-OSTEP (王海鹏 译) (Z-Library)_chunk_126,auto_deepseek
A048,ev_52b30e03135114a0e9c0,0,操作系统导论-OSTEP (王海鹏 译) (Z-Library)_chunk_553,auto_deepseek
A048,ev_6ee67126c26216ab2487,3,"现代操作系统 (Andrew S. Tanenbaum, Herbert Bos) (Z-Library)_chunk_200",auto_deepseek
A048,ev_3c9ac537abb517e0f6fa,2,"现代操作系统 (Andrew S. Tanenbaum, Herbert Bos) (Z-Library)_chunk_201",auto_deepseek
A048,ev_3d95b2b7950d0dfbfa90,1,"现代操作系统 (Andrew S. Tanenbaum, Herbert Bos) (Z-Library)_chunk_207",auto_deepseek
A048,ev_2e12b5e37c610553a0a8,1,"现代操作系统 (Andrew S. Tanenbaum, Herbert Bos) (Z-Library)_chunk_243",auto_deepseek
A048,ev_2005913b857dd217db17,0,"现代操作系统 (Andrew S. Tanenbaum, Herbert Bos) (Z-Library)_chunk_253",auto_deepseek
A048,ev_c5202b40f2dd4cd372fd,3,"现代操作系统 (Andrew S. Tanenbaum, Herbert Bos) (Z-Library)_chunk_34",auto_deepseek
A048,ev_8904c466fb8e50b9d60b,1,"现代操作系统 (Andrew S. Tanenbaum, Herbert Bos) (Z-Library)_chunk_363",auto_deepseek
A048,ev_4a0cd56a2cd89ed340a7,1,"现代操作系统 (Andrew S. Tanenbaum, Herbert Bos) (Z-Library)_chunk_487",auto_deepseek
A048,ev_eebeebbdeb469597be9b,0,"现代操作系统 (Andrew S. Tanenbaum, Herbert Bos) (Z-Library)_chunk_507",auto_deepseek
A048,ev_c761742e4cc4c86dbe9f,0,"现代操作系统 (Andrew S. Tanenbaum, Herbert Bos) (Z-Library)_chunk_62",auto_deepseek
A048,ev_1028cd46609171791c01,1,"现代操作系统 (Andrew S. Tanenbaum, Herbert Bos) (Z-Library)_chunk_624",auto_deepseek
A048,ev_dd944b8b6f230fda7b49,0,"现代操作系统 (Andrew S. Tanenbaum, Herbert Bos) (Z-Library)_chunk_728",auto_deepseek
A048,ev_a11243675c718d9d86e4,0,"现代操作系统 (Andrew S. Tanenbaum, Herbert Bos) (Z-Library)_chunk_840",auto_deepseek
A048,ev_be8252691e2459aeb9a6,0,"现代操作系统 (Andrew S. Tanenbaum, Herbert Bos) (Z-Library)_chunk_868",auto_deepseek
A048,ev_b2ce594a120a7e789eda,0,"现代操作系统 (Andrew S. Tanenbaum, Herbert Bos) (Z-Library)_chunk_909",auto_deepseek
A048,ev_fdeeeb2ed7518f6af9f4,1,"现代操作系统 (Andrew S. Tanenbaum, Herbert Bos) (Z-Library)_chunk_930",auto_deepseek
A048,ev_03684381bde118c2235f,0,计算机网络（第8版） (谢希仁) (Z-Library)(OCR)_chunk_367,auto_deepseek
A049,ev_852e04c542e736069344,2,Python数据结构与算法分析 第3版 (米勒 拉努姆 罗曼) (Z-Library)_chunk_218,auto_deepseek
A049,ev_a0466502cb86ca6eb2d0,1,Python数据结构与算法分析 第3版 (米勒 拉努姆 罗曼) (Z-Library)_chunk_247,auto_deepseek
A049,ev_c70c83f805d32f33cfc3,0,Python数据结构与算法分析 第3版 (米勒 拉努姆 罗曼) (Z-Library)_chunk_284,auto_deepseek
A049,ev_37ef8ec25c2bc7c4a704,1,"[计算机科学丛书]数据结构与算法 Python语言实现 (Michael T. Goodrich, Roberto Tamassia etc.) (Z-Library)_chunk_576",auto_deepseek
A049,ev_84fb66918070dc26e839,1,"[计算机科学丛书]数据结构与算法 Python语言实现 (Michael T. Goodrich, Roberto Tamassia etc.) (Z-Library)_chunk_593",auto_deepseek
A049,ev_84146ee609a217e26ae5,2,"[计算机科学丛书]数据结构与算法 Python语言实现 (Michael T. Goodrich, Roberto Tamassia etc.) (Z-Library)_chunk_610",auto_deepseek
A049,ev_9e65906f5533e37e8b95,2,数据结构 (邓俊辉) (Z-Library)_chunk_212,auto_deepseek
A049,ev_807a0ae3a190c209bc11,1,数据结构 (邓俊辉) (Z-Library)_chunk_236,auto_deepseek
A049,ev_b9e6cecc1b97f99a916b,1,数据结构 (邓俊辉) (Z-Library)_chunk_237,auto_deepseek
A049,ev_38626f52cb8a2f138f7b,1,数据结构（C语言版 第2版） (严蔚敏) (Z-Library)_chunk_201,auto_deepseek
A049,ev_50fdaa7aec5e2f575d66,1,数据结构（C语言版 第2版） (严蔚敏) (Z-Library)_chunk_202,auto_deepseek
A049,ev_cb67d7853d08ac9784be,3,数据结构（C语言版 第2版） (严蔚敏) (Z-Library)_chunk_239,auto_deepseek
A049,ev_2b791a0288cbcb4c6365,1,数据结构（C语言版 第2版） (严蔚敏) (Z-Library)_chunk_254,auto_deepseek
A049,ev_40bed7bbd883083eda15,2,"现代操作系统 (Andrew S. Tanenbaum, Herbert Bos) (Z-Library)_chunk_292",auto_deepseek
A049,ev_c31787d5bc37a3998e98,0,"现代操作系统 (Andrew S. Tanenbaum, Herbert Bos) (Z-Library)_chunk_451",auto_deepseek
A049,ev_be65a05b9178176dc4a5,0,"现代操作系统 (Andrew S. Tanenbaum, Herbert Bos) (Z-Library)_chunk_973",auto_deepseek
A049,ev_da0ff53cdd154e5bdd36,0,"计算机网络 (吴功宜,吴英) (Z-Library)(OCR)_chunk_443",auto_deepseek
A049,ev_3d065f8ea078e1a5c7ae,0,计算机网络（原书第7版） 自顶向下方法 (James F. Kurose Keith W. Ross) (Z-Library)_chunk_246,auto_deepseek
A049,ev_616b02fd9049d1d3462d,0,计算机网络（原书第7版） 自顶向下方法 (James F. Kurose Keith W. Ross) (Z-Library)_chunk_325,auto_deepseek
A050,ev_76a31f06261ce6ee7763,1,2024年王道计算机网络复习指导 (王道计算机) (Z-Library)_chunk_35,auto_deepseek
A050,ev_5a0e99e3e7aa766dc57b,0,2024年王道计算机网络复习指导 (王道计算机) (Z-Library)_chunk_498,auto_deepseek
A050,ev_6009993f7377a8ad52b4,0,2024年王道计算机网络复习指导 (王道计算机) (Z-Library)_chunk_499,auto_deepseek
A050,ev_1b99312aa4fa15482671,2,2024年王道计算机网络复习指导 (王道计算机) (Z-Library)_chunk_505,auto_deepseek
A050,ev_768c7bea2e3cf643d49b,1,2024年王道计算机网络复习指导 (王道计算机) (Z-Library)_chunk_506,auto_deepseek
A050,ev_30450b2372f914261d00,1,2024年王道计算机网络复习指导 (王道计算机) (Z-Library)_chunk_507,auto_deepseek
A050,ev_dc2e7583e870ef6de609,1,2024年王道计算机网络复习指导 (王道计算机) (Z-Library)_chunk_509,auto_deepseek
A050,ev_25b2d59a40fa1e98122f,1,2024年王道计算机网络复习指导 (王道计算机) (Z-Library)_chunk_510,auto_deepseek
A050,ev_23dfd9d92e3579739053,1,2024年王道计算机网络复习指导 (王道计算机) (Z-Library)_chunk_511,auto_deepseek
A050,ev_b84ce8adec0ddc7f7567,2,"计算机网络 (吴功宜,吴英) (Z-Library)(OCR)_chunk_369",auto_deepseek
A050,ev_714114a1352dae04ee6b,1,计算机网络（原书第7版） 自顶向下方法 (James F. Kurose Keith W. Ross) (Z-Library)_chunk_13,auto_deepseek
A050,ev_709c058dcdb9bb682d3c,1,计算机网络（第8版） (谢希仁) (Z-Library)(OCR)_chunk_350,auto_deepseek
A050,ev_31f5c76281cdd8769209,1,计算机网络（第8版） (谢希仁) (Z-Library)(OCR)_chunk_351,auto_deepseek
A050,ev_86d371c460e6b7b13197,1,计算机网络（第8版） (谢希仁) (Z-Library)(OCR)_chunk_352,auto_deepseek
A050,ev_4c6ce22bab706e1a626b,1,计算机网络（第8版） (谢希仁) (Z-Library)(OCR)_chunk_355,auto_deepseek
A050,ev_9fff0d6d2466e91cd64b,0,计算机网络（第8版） (谢希仁) (Z-Library)(OCR)_chunk_382,auto_deepseek
A050,ev_84c674f843a7ab1edcd5,0,计算机网络（第8版） (谢希仁) (Z-Library)(OCR)_chunk_521,auto_deepseek
A051,ev_9fd292973f1c2060ab43,2,Operating Systems Three Easy Pieces (Remzi H. Arpaci-Dusseau etc.) (Z-Library)_chunk_619,auto_deepseek
A051,ev_41554ddcdc10685675e6,1,Operating Systems Three Easy Pieces (Remzi H. Arpaci-Dusseau etc.) (Z-Library)_chunk_624,auto_deepseek
A051,ev_89b0c67859462b4f888f,1,Operating Systems Three Easy Pieces (Remzi H. Arpaci-Dusseau etc.) (Z-Library)_chunk_625,auto_deepseek
A051,ev_fb9e7d2c62c1072dec2d,1,Operating Systems Three Easy Pieces (Remzi H. Arpaci-Dusseau etc.) (Z-Library)_chunk_627,auto_deepseek
A051,ev_5401ad951593366f6af1,1,Operating Systems Three Easy Pieces (Remzi H. Arpaci-Dusseau etc.) (Z-Library)_chunk_630,auto_deepseek
A051,ev_588b16f47ae8c2596efa,1,Operating Systems Three Easy Pieces (Remzi H. Arpaci-Dusseau etc.) (Z-Library)_chunk_641,auto_deepseek
A051,ev_232ea4c4a060bdec3b63,2,"[计算机科学丛书]数据结构与算法 Python语言实现 (Michael T. Goodrich, Roberto Tamassia etc.) (Z-Library)_chunk_651",auto_deepseek
A051,ev_591d7a742ca1f221769a,2,"[计算机科学丛书]数据结构与算法 Python语言实现 (Michael T. Goodrich, Roberto Tamassia etc.) (Z-Library)_chunk_652",auto_deepseek
A051,ev_ca9b7dad667a260a164a,3,操作系统导论-OSTEP (王海鹏 译) (Z-Library)_chunk_212,auto_deepseek
A051,ev_fbfd12a9c61b60fae0b3,1,操作系统导论-OSTEP (王海鹏 译) (Z-Library)_chunk_216,auto_deepseek
A051,ev_f6301b403c716abfc34b,1,操作系统导论-OSTEP (王海鹏 译) (Z-Library)_chunk_217,auto_deepseek
A051,ev_f94698249082b4b24306,0,"现代操作系统 (Andrew S. Tanenbaum, Herbert Bos) (Z-Library)_chunk_212",auto_deepseek
A051,ev_e8475d6c43216ce9bfb4,1,"现代操作系统 (Andrew S. Tanenbaum, Herbert Bos) (Z-Library)_chunk_213",auto_deepseek
A051,ev_5a139f09709f3756e2a5,1,"现代操作系统 (Andrew S. Tanenbaum, Herbert Bos) (Z-Library)_chunk_214",auto_deepseek
A051,ev_7d4291d42e48e1bcb788,3,"现代操作系统 (Andrew S. Tanenbaum, Herbert Bos) (Z-Library)_chunk_216",auto_deepseek
A051,ev_ef9bc4ad12ea817b74ef,1,"现代操作系统 (Andrew S. Tanenbaum, Herbert Bos) (Z-Library)_chunk_217",auto_deepseek
A051,ev_582b83a3fb5464e94a23,1,"现代操作系统 (Andrew S. Tanenbaum, Herbert Bos) (Z-Library)_chunk_218",auto_deepseek
A051,ev_ce1b48fdd0fcf7d071fa,1,"现代操作系统 (Andrew S. Tanenbaum, Herbert Bos) (Z-Library)_chunk_224",auto_deepseek
A051,ev_0db6febe250ad7846dfd,1,"现代操作系统 (Andrew S. Tanenbaum, Herbert Bos) (Z-Library)_chunk_226",auto_deepseek
A051,ev_ad7e3613250aee08a5c6,1,"现代操作系统 (Andrew S. Tanenbaum, Herbert Bos) (Z-Library)_chunk_260",auto_deepseek
A051,ev_0425b22d62bba4b0117f,2,"现代操作系统 (Andrew S. Tanenbaum, Herbert Bos) (Z-Library)_chunk_875",auto_deepseek
A052,ev_c5bf6e344ea32de81de8,2,Python数据结构与算法分析 第3版 (米勒 拉努姆 罗曼) (Z-Library)_chunk_281,auto_deepseek
A052,ev_c56b7552204e9d8019f5,0,Python数据结构与算法分析 第3版 (米勒 拉努姆 罗曼) (Z-Library)_chunk_288,auto_deepseek
A052,ev_0a1eeaaf59bda5685aeb,3,"[计算机科学丛书]数据结构与算法 Python语言实现 (Michael T. Goodrich, Roberto Tamassia etc.) (Z-Library)_chunk_552",auto_deepseek
A052,ev_55ef11aeaa6dcbb93b95,2,"[计算机科学丛书]数据结构与算法 Python语言实现 (Michael T. Goodrich, Roberto Tamassia etc.) (Z-Library)_chunk_553",auto_deepseek
A052,ev_5d3dcb8aa612f0f8bd77,1,"[计算机科学丛书]数据结构与算法 Python语言实现 (Michael T. Goodrich, Roberto Tamassia etc.) (Z-Library)_chunk_554",auto_deepseek
A052,ev_cdd556faf6a080c048e2,1,"[计算机科学丛书]数据结构与算法 Python语言实现 (Michael T. Goodrich, Roberto Tamassia etc.) (Z-Library)_chunk_574",auto_deepseek
A052,ev_1bc33b120eaecca51ef0,0,数据结构 (邓俊辉) (Z-Library)_chunk_341,auto_deepseek
A052,ev_feca6448b5a34fa665bc,2,数据结构 (邓俊辉) (Z-Library)_chunk_432,auto_deepseek
A052,ev_ec6ad0b2282f193079a0,2,数据结构 (邓俊辉) (Z-Library)_chunk_435,auto_deepseek
A052,ev_684283b2941822201ee8,1,数据结构 (邓俊辉) (Z-Library)_chunk_436,auto_deepseek
A052,ev_30585937f5a5a3a8c41d,1,数据结构 (邓俊辉) (Z-Library)_chunk_438,auto_deepseek
A052,ev_05302b11872557d343c3,1,数据结构 (邓俊辉) (Z-Library)_chunk_450,auto_deepseek
A052,ev_7e3d537bfe8ebe4e0561,3,数据结构（C语言版 第2版） (严蔚敏) (Z-Library)_chunk_125,auto_deepseek
A052,ev_0034986cd673d8660b18,2,数据结构（C语言版 第2版） (严蔚敏) (Z-Library)_chunk_127,auto_deepseek
A052,ev_40474f8e3796f12ba19f,2,数据结构（C语言版 第2版） (严蔚敏) (Z-Library)_chunk_129,auto_deepseek
A052,ev_5918b7ac3956045a407f,1,数据结构（C语言版 第2版） (严蔚敏) (Z-Library)_chunk_143,auto_deepseek
A053,ev_c4a8af085a12213a8975,3,操作系统导论-OSTEP (王海鹏 译) (Z-Library)_chunk_234,auto_deepseek
A053,ev_0913555f608ecd225bec,0,操作系统导论-OSTEP (王海鹏 译) (Z-Library)_chunk_31,auto_deepseek
A053,ev_8e02a1682f78deb0e5e6,1,"现代操作系统 (Andrew S. Tanenbaum, Herbert Bos) (Z-Library)_chunk_101",auto_deepseek
A053,ev_a76c7468c6c46deffffe,0,"现代操作系统 (Andrew S. Tanenbaum, Herbert Bos) (Z-Library)_chunk_104",auto_deepseek
A053,ev_d1a0fd35b5c996b19e2a,0,"现代操作系统 (Andrew S. Tanenbaum, Herbert Bos) (Z-Library)_chunk_107",auto_deepseek
A053,ev_5da1b557bfef500c2762,0,"现代操作系统 (Andrew S. Tanenbaum, Herbert Bos) (Z-Library)_chunk_108",auto_deepseek
A053,ev_62d7463daa008d7f18ff,2,"现代操作系统 (Andrew S. Tanenbaum, Herbert Bos) (Z-Library)_chunk_112",auto_deepseek
A053,ev_257207837194863bd040,3,"现代操作系统 (Andrew S. Tanenbaum, Herbert Bos) (Z-Library)_chunk_115",auto_deepseek
A053,ev_d0449ec62fe76529eb9d,1,"现代操作系统 (Andrew S. Tanenbaum, Herbert Bos) (Z-Library)_chunk_125",auto_deepseek
A053,ev_0eaa3a6bd7d36ca81024,1,"现代操作系统 (Andrew S. Tanenbaum, Herbert Bos) (Z-Library)_chunk_132",auto_deepseek
A053,ev_f0387fbf377f7319bf80,2,"现代操作系统 (Andrew S. Tanenbaum, Herbert Bos) (Z-Library)_chunk_145",auto_deepseek
A053,ev_db4310f91437a227cf54,1,"现代操作系统 (Andrew S. Tanenbaum, Herbert Bos) (Z-Library)_chunk_172",auto_deepseek
A053,ev_5888b4cd36f6c61d5250,1,"现代操作系统 (Andrew S. Tanenbaum, Herbert Bos) (Z-Library)_chunk_177",auto_deepseek
A053,ev_aee2d3ddcc7c40c88e8d,2,"现代操作系统 (Andrew S. Tanenbaum, Herbert Bos) (Z-Library)_chunk_714",auto_deepseek
A053,ev_24635f2cd2922129398b,1,"现代操作系统 (Andrew S. Tanenbaum, Herbert Bos) (Z-Library)_chunk_715",auto_deepseek
A053,ev_580b978f59815f2f5b9d,1,"现代操作系统 (Andrew S. Tanenbaum, Herbert Bos) (Z-Library)_chunk_847",auto_deepseek
A053,ev_ce988550d132d0cce188,1,"现代操作系统 (Andrew S. Tanenbaum, Herbert Bos) (Z-Library)_chunk_850",auto_deepseek
A053,ev_d5d88466f2344953e724,2,"现代操作系统 (Andrew S. Tanenbaum, Herbert Bos) (Z-Library)_chunk_853",auto_deepseek
A053,ev_9851080f505217cc2f43,1,"现代操作系统 (Andrew S. Tanenbaum, Herbert Bos) (Z-Library)_chunk_855",auto_deepseek
A053,ev_38228ec2fa1b005a4567,0,"现代操作系统 (Andrew S. Tanenbaum, Herbert Bos) (Z-Library)_chunk_970",auto_deepseek
A053,ev_70880ed60cc328dad8b2,1,计算机网络（原书第7版） 自顶向下方法 (James F. Kurose Keith W. Ross) (Z-Library)_chunk_70,auto_deepseek
A054,ev_693feda2fda133525e46,0,2024年王道计算机网络复习指导 (王道计算机) (Z-Library)_chunk_331,auto_deepseek
A054,ev_f918e0dc5b61cc2e2f6e,1,2024年王道计算机网络复习指导 (王道计算机) (Z-Library)_chunk_423,auto_deepseek
A054,ev_5d7b7e791459d2e2d2c3,0,2024年王道计算机网络复习指导 (王道计算机) (Z-Library)_chunk_426,auto_deepseek
A054,ev_cb268b3f4d4e3a13a9a7,2,2024年王道计算机网络复习指导 (王道计算机) (Z-Library)_chunk_427,auto_deepseek
A054,ev_978fe594d1fa720c377b,2,2024年王道计算机网络复习指导 (王道计算机) (Z-Library)_chunk_430,auto_deepseek
A054,ev_79d0b16a53bae7a23d55,1,2024年王道计算机网络复习指导 (王道计算机) (Z-Library)_chunk_439,auto_deepseek
A054,ev_1b0e6b434c08fa818023,2,2024年王道计算机网络复习指导 (王道计算机) (Z-Library)_chunk_440,auto_deepseek
A054,ev_d22a697dbf4f43013ff8,0,2024年王道计算机网络复习指导 (王道计算机) (Z-Library)_chunk_521,auto_deepseek
A054,ev_ec846c63e0a9d59eb9f0,2,"计算机网络 (吴功宜,吴英) (Z-Library)(OCR)_chunk_329",auto_deepseek
A054,ev_58e4d71d12c93437556f,3,"计算机网络 (吴功宜,吴英) (Z-Library)(OCR)_chunk_55",auto_deepseek
A054,ev_e413386864f48c4fd148,0,计算机网络（原书第7版） 自顶向下方法 (James F. Kurose Keith W. Ross) (Z-Library)_chunk_113,auto_deepseek
A054,ev_4c4d0f537c533fe12aa2,2,计算机网络（原书第7版） 自顶向下方法 (James F. Kurose Keith W. Ross) (Z-Library)_chunk_114,auto_deepseek
A054,ev_a5e0b886f36b58038ff4,1,计算机网络（原书第7版） 自顶向下方法 (James F. Kurose Keith W. Ross) (Z-Library)_chunk_320,auto_deepseek
A054,ev_17ecc89aa629eaaae877,1,计算机网络（原书第7版） 自顶向下方法 (James F. Kurose Keith W. Ross) (Z-Library)_chunk_587,auto_deepseek
A054,ev_c4858999b1b5bab956ac,1,计算机网络（第8版） (谢希仁) (Z-Library)(OCR)_chunk_266,auto_deepseek
A054,ev_c08e3c6da0da227ba6cb,1,计算机网络（第8版） (谢希仁) (Z-Library)(OCR)_chunk_274,auto_deepseek
A054,ev_6fae170c7e86cacd44e1,0,计算机网络（第8版） (谢希仁) (Z-Library)(OCR)_chunk_547,auto_deepseek
A055,ev_d4d15309fb79afbc8a26,1,Operating Systems Three Easy Pieces (Remzi H. Arpaci-Dusseau etc.) (Z-Library)_chunk_457,auto_deepseek
A055,ev_d08316c90fae41002187,0,Operating Systems Three Easy Pieces (Remzi H. Arpaci-Dusseau etc.) (Z-Library)_chunk_546,auto_deepseek
A055,ev_cdb7448e4f26e68bb1ef,0,操作系统导论-OSTEP (王海鹏 译) (Z-Library)_chunk_155,auto_deepseek
A055,ev_58cd65738c85150ee579,2,操作系统导论-OSTEP (王海鹏 译) (Z-Library)_chunk_164,auto_deepseek
A055,ev_4382426ba9d402563236,0,操作系统导论-OSTEP (王海鹏 译) (Z-Library)_chunk_192,auto_deepseek
A055,ev_2f8bd16e64aee90381f4,0,操作系统导论-OSTEP (王海鹏 译) (Z-Library)_chunk_194,auto_deepseek
A055,ev_36a2e49b8302363d1156,2,操作系统导论-OSTEP (王海鹏 译) (Z-Library)_chunk_556,auto_deepseek
A055,ev_06c361b41ada9ca7275d,0,操作系统导论-OSTEP (王海鹏 译) (Z-Library)_chunk_558,auto_deepseek
A055,ev_50cc87e7149c4e00abe0,0,"现代操作系统 (Andrew S. Tanenbaum, Herbert Bos) (Z-Library)_chunk_225",auto_deepseek
A055,ev_85c0b5b8b00f8576eaf7,2,"现代操作系统 (Andrew S. Tanenbaum, Herbert Bos) (Z-Library)_chunk_246",auto_deepseek
A055,ev_2a897d51cc9d59899e78,1,"现代操作系统 (Andrew S. Tanenbaum, Herbert Bos) (Z-Library)_chunk_247",auto_deepseek
A055,ev_932e78759bd730cdb9a4,1,"现代操作系统 (Andrew S. Tanenbaum, Herbert Bos) (Z-Library)_chunk_248",auto_deepseek
A055,ev_1c88874b2a0f23df41cd,0,"现代操作系统 (Andrew S. Tanenbaum, Herbert Bos) (Z-Library)_chunk_249",auto_deepseek
A055,ev_a18cc3d33c981892581f,1,"现代操作系统 (Andrew S. Tanenbaum, Herbert Bos) (Z-Library)_chunk_252",auto_deepseek
A055,ev_f78507d9f649e35ed7fe,2,"现代操作系统 (Andrew S. Tanenbaum, Herbert Bos) (Z-Library)_chunk_254",auto_deepseek
A055,ev_d3ed11460f97a8e5d605,0,"现代操作系统 (Andrew S. Tanenbaum, Herbert Bos) (Z-Library)_chunk_258",auto_deepseek
A055,ev_8c2d7bed3bced09a6caf,1,"现代操作系统 (Andrew S. Tanenbaum, Herbert Bos) (Z-Library)_chunk_264",auto_deepseek
A055,ev_e35b10c585fd117370f9,0,"现代操作系统 (Andrew S. Tanenbaum, Herbert Bos) (Z-Library)_chunk_265",auto_deepseek
A055,ev_b74551f85a450a570294,1,"现代操作系统 (Andrew S. Tanenbaum, Herbert Bos) (Z-Library)_chunk_303",auto_deepseek
A055,ev_f7494cd18a13fe50e960,0,"现代操作系统 (Andrew S. Tanenbaum, Herbert Bos) (Z-Library)_chunk_730",auto_deepseek
A055,ev_86761f9be0fd0c839674,0,"现代操作系统 (Andrew S. Tanenbaum, Herbert Bos) (Z-Library)_chunk_870",auto_deepseek
A055,ev_85f85b2680df493c525d,0,"现代操作系统 (Andrew S. Tanenbaum, Herbert Bos) (Z-Library)_chunk_880",auto_deepseek
A056,ev_e555398cc121fdc937db,0,2024年王道计算机网络复习指导 (王道计算机) (Z-Library)_chunk_114,auto_deepseek
A056,ev_1d0a07f032c2fb15e623,0,2024年王道计算机网络复习指导 (王道计算机) (Z-Library)_chunk_121,auto_deepseek
A056,ev_536219732b34854ba266,0,2024年王道计算机网络复习指导 (王道计算机) (Z-Library)_chunk_264,auto_deepseek
A056,ev_782aa3429a27af52ecb7,0,2024年王道计算机网络复习指导 (王道计算机) (Z-Library)_chunk_38,auto_deepseek
A056,ev_a9ec788418a3c417c1f1,0,2024年王道计算机网络复习指导 (王道计算机) (Z-Library)_chunk_428,auto_deepseek
A056,ev_b9f11f56ed4bd158388e,1,操作系统导论-OSTEP (王海鹏 译) (Z-Library)_chunk_37,auto_deepseek
A056,ev_33c1907dbff6af37c84c,0,数据结构（C语言版 第2版） (严蔚敏) (Z-Library)_chunk_243,auto_deepseek
A056,ev_20e2627426c62863cb74,1,"现代操作系统 (Andrew S. Tanenbaum, Herbert Bos) (Z-Library)_chunk_122",auto_deepseek
A056,ev_670b7b3562f5f1c60547,1,"现代操作系统 (Andrew S. Tanenbaum, Herbert Bos) (Z-Library)_chunk_126",auto_deepseek
A056,ev_39d7f4870fe46fb00fa9,1,"现代操作系统 (Andrew S. Tanenbaum, Herbert Bos) (Z-Library)_chunk_159",auto_deepseek
A056,ev_957c38efda41d56fdfee,0,"现代操作系统 (Andrew S. Tanenbaum, Herbert Bos) (Z-Library)_chunk_345",auto_deepseek
A056,ev_6b845a14e6b8a39f18f1,3,"现代操作系统 (Andrew S. Tanenbaum, Herbert Bos) (Z-Library)_chunk_544",auto_deepseek
A056,ev_cbd62ef1ff5982d09a7b,2,"现代操作系统 (Andrew S. Tanenbaum, Herbert Bos) (Z-Library)_chunk_545",auto_deepseek
A056,ev_a7d4d0ed36b71f926bfd,1,"现代操作系统 (Andrew S. Tanenbaum, Herbert Bos) (Z-Library)_chunk_568",auto_deepseek
A056,ev_da869c2f729a4b6602c9,1,"现代操作系统 (Andrew S. Tanenbaum, Herbert Bos) (Z-Library)_chunk_834",auto_deepseek
A056,ev_679bd5d07decc01e46e0,1,"现代操作系统 (Andrew S. Tanenbaum, Herbert Bos) (Z-Library)_chunk_884",auto_deepseek
A056,ev_4730ce31ae87d8509444,0,"计算机网络 (吴功宜,吴英) (Z-Library)(OCR)_chunk_190",auto_deepseek
A056,ev_35bd8104843a01ffedc2,0,"计算机网络 (吴功宜,吴英) (Z-Library)(OCR)_chunk_202",auto_deepseek
A056,ev_89f1e1f7c51b10cf9d25,0,"计算机网络 (吴功宜,吴英) (Z-Library)(OCR)_chunk_203",auto_deepseek
A056,ev_4f83258a40d441e38a3b,0,"计算机网络 (吴功宜,吴英) (Z-Library)(OCR)_chunk_52",auto_deepseek
A057,ev_56d758e7af31eda9aad0,2,Operating Systems Three Easy Pieces (Remzi H. Arpaci-Dusseau etc.) (Z-Library)_chunk_314,auto_deepseek
A057,ev_6efe8011be24e28760cc,1,Operating Systems Three Easy Pieces (Remzi H. Arpaci-Dusseau etc.) (Z-Library)_chunk_392,auto_deepseek
A057,ev_85d6214ddfb97a615af0,1,Operating Systems Three Easy Pieces (Remzi H. Arpaci-Dusseau etc.) (Z-Library)_chunk_689,auto_deepseek
A057,ev_3b8f8536715a60ab22ca,0,"[计算机科学丛书]数据结构与算法 Python语言实现 (Michael T. Goodrich, Roberto Tamassia etc.) (Z-Library)_chunk_370",auto_deepseek
A057,ev_64be3809d973fa4cbf1a,2,操作系统导论-OSTEP (王海鹏 译) (Z-Library)_chunk_107,auto_deepseek
A057,ev_607d08c3b067a2b9fd86,2,操作系统导论-OSTEP (王海鹏 译) (Z-Library)_chunk_112,auto_deepseek
A057,ev_e80cac5b011a3ad6becf,1,操作系统导论-OSTEP (王海鹏 译) (Z-Library)_chunk_132,auto_deepseek
A057,ev_ffc13c41acabba65e34c,1,操作系统导论-OSTEP (王海鹏 译) (Z-Library)_chunk_133,auto_deepseek
A057,ev_20303bec407070a0a6cd,1,操作系统导论-OSTEP (王海鹏 译) (Z-Library)_chunk_185,auto_deepseek
A057,ev_c4a8af085a12213a8975,1,操作系统导论-OSTEP (王海鹏 译) (Z-Library)_chunk_234,auto_deepseek
A057,ev_874940e660de70bffd9a,1,操作系统导论-OSTEP (王海鹏 译) (Z-Library)_chunk_235,auto_deepseek
A057,ev_eadb8a4dff11095815b2,0,数据结构 (邓俊辉) (Z-Library)_chunk_132,auto_deepseek
A057,ev_7cb0bcf30d4492ad205b,0,数据结构 (邓俊辉) (Z-Library)_chunk_400,auto_deepseek
A057,ev_baa62da0e61f05a9eef0,0,数据结构 (邓俊辉) (Z-Library)_chunk_413,auto_deepseek
A057,ev_3aa402205fe05fcf900b,1,数据结构（C语言版 第2版） (严蔚敏) (Z-Library)_chunk_111,auto_deepseek
A057,ev_e2632cfc3dab10947095,0,数据结构（C语言版 第2版） (严蔚敏) (Z-Library)_chunk_114,auto_deepseek
A057,ev_6b4defb8524b7d7f9e21,0,数据结构（C语言版 第2版） (严蔚敏) (Z-Library)_chunk_334,auto_deepseek
A057,ev_a4f751b0cfdd4c99566c,0,数据结构（C语言版 第2版） (严蔚敏) (Z-Library)_chunk_69,auto_deepseek
A057,ev_ab74a83c30e27538fe1a,1,数据结构（C语言版 第2版） (严蔚敏) (Z-Library)_chunk_73,auto_deepseek
A057,ev_64e9479cb35eb717ed67,0,数据结构（C语言版 第2版） (严蔚敏) (Z-Library)_chunk_74,auto_deepseek
A057,ev_b03e17f1fb4b6f24e37b,0,数据结构（C语言版 第2版） (严蔚敏) (Z-Library)_chunk_80,auto_deepseek
A058,ev_56ebba142283b95548d5,3,2024年王道计算机网络复习指导 (王道计算机) (Z-Library)_chunk_125,auto_deepseek
A058,ev_6f11513de32340117262,1,2024年王道计算机网络复习指导 (王道计算机) (Z-Library)_chunk_200,auto_deepseek
A058,ev_7435f73a49a4be013213,1,2024年王道计算机网络复习指导 (王道计算机) (Z-Library)_chunk_76,auto_deepseek
A058,ev_075e8207dc2e5dfe2078,1,2024年王道计算机网络复习指导 (王道计算机) (Z-Library)_chunk_95,auto_deepseek
A058,ev_cfe74ebb72249ea2c723,0,操作系统导论-OSTEP (王海鹏 译) (Z-Library)_chunk_310,auto_deepseek
A058,ev_f516d39d99a9d1daa5c7,0,操作系统导论-OSTEP (王海鹏 译) (Z-Library)_chunk_68,auto_deepseek
A058,ev_257207837194863bd040,0,"现代操作系统 (Andrew S. Tanenbaum, Herbert Bos) (Z-Library)_chunk_115",auto_deepseek
A058,ev_cb3a73993b26b90d2793,1,"现代操作系统 (Andrew S. Tanenbaum, Herbert Bos) (Z-Library)_chunk_720",auto_deepseek
A058,ev_5641f182472c6b5e8ba8,1,"现代操作系统 (Andrew S. Tanenbaum, Herbert Bos) (Z-Library)_chunk_824",auto_deepseek
A058,ev_3366e970c13197876bf9,1,"现代操作系统 (Andrew S. Tanenbaum, Herbert Bos) (Z-Library)_chunk_832",auto_deepseek
A058,ev_580b978f59815f2f5b9d,1,"现代操作系统 (Andrew S. Tanenbaum, Herbert Bos) (Z-Library)_chunk_847",auto_deepseek
A058,ev_9d4062d01c8faa42105c,1,"现代操作系统 (Andrew S. Tanenbaum, Herbert Bos) (Z-Library)_chunk_859",auto_deepseek
A058,ev_12a557bcfcdc0e2755a7,2,"现代操作系统 (Andrew S. Tanenbaum, Herbert Bos) (Z-Library)_chunk_936",auto_deepseek
A058,ev_ae4aabe3b0af2ca6c1f4,2,"计算机网络 (吴功宜,吴英) (Z-Library)(OCR)_chunk_102",auto_deepseek
A058,ev_3042ed6f6f51de79fe6d,2,"计算机网络 (吴功宜,吴英) (Z-Library)(OCR)_chunk_75",auto_deepseek
A058,ev_f5f5c2cddfc5ec900573,2,"计算机网络 (吴功宜,吴英) (Z-Library)(OCR)_chunk_76",auto_deepseek
A058,ev_d6c9f4403bdb0f9cee89,0,计算机网络（原书第7版） 自顶向下方法 (James F. Kurose Keith W. Ross) (Z-Library)_chunk_252,auto_deepseek
A058,ev_7a48be827d435912f932,0,计算机网络（原书第7版） 自顶向下方法 (James F. Kurose Keith W. Ross) (Z-Library)_chunk_464,auto_deepseek
A058,ev_96340582e7e7339aaf82,1,计算机网络（第8版） (谢希仁) (Z-Library)(OCR)_chunk_38,auto_deepseek
A058,ev_77c3d911060835d47872,0,计算机网络（第8版） (谢希仁) (Z-Library)(OCR)_chunk_435,auto_deepseek
A059,ev_3ee8a852cb13752990d6,0,2024年王道计算机网络复习指导 (王道计算机) (Z-Library)_chunk_123,auto_deepseek
A059,ev_c4bbb8d83311b0f39692,0,2024年王道计算机网络复习指导 (王道计算机) (Z-Library)_chunk_258,auto_deepseek
A059,ev_852e04c542e736069344,1,Python数据结构与算法分析 第3版 (米勒 拉努姆 罗曼) (Z-Library)_chunk_218,auto_deepseek
A059,ev_c70c83f805d32f33cfc3,0,Python数据结构与算法分析 第3版 (米勒 拉努姆 罗曼) (Z-Library)_chunk_284,auto_deepseek
A059,ev_37ef8ec25c2bc7c4a704,3,"[计算机科学丛书]数据结构与算法 Python语言实现 (Michael T. Goodrich, Roberto Tamassia etc.) (Z-Library)_chunk_576",auto_deepseek
A059,ev_4cc2c3ac8e7d89d8b4ff,1,"[计算机科学丛书]数据结构与算法 Python语言实现 (Michael T. Goodrich, Roberto Tamassia etc.) (Z-Library)_chunk_578",auto_deepseek
A059,ev_d0d66b64ddc8d8382918,1,"[计算机科学丛书]数据结构与算法 Python语言实现 (Michael T. Goodrich, Roberto Tamassia etc.) (Z-Library)_chunk_579",auto_deepseek
A059,ev_e9f33bd86ea373c9a276,2,"[计算机科学丛书]数据结构与算法 Python语言实现 (Michael T. Goodrich, Roberto Tamassia etc.) (Z-Library)_chunk_581",auto_deepseek
A059,ev_f7d1fc2ec7a5ce5f3ec8,0,"[计算机科学丛书]数据结构与算法 Python语言实现 (Michael T. Goodrich, Roberto Tamassia etc.) (Z-Library)_chunk_602",auto_deepseek
A059,ev_776ac49cf86aa3fff236,2,数据结构 (邓俊辉) (Z-Library)_chunk_211,auto_deepseek
A059,ev_807a0ae3a190c209bc11,0,数据结构 (邓俊辉) (Z-Library)_chunk_236,auto_deepseek
A059,ev_36508d7555c5f36b1124,0,数据结构 (邓俊辉) (Z-Library)_chunk_62,auto_deepseek
A059,ev_38626f52cb8a2f138f7b,3,数据结构（C语言版 第2版） (严蔚敏) (Z-Library)_chunk_201,auto_deepseek
A059,ev_50fdaa7aec5e2f575d66,2,数据结构（C语言版 第2版） (严蔚敏) (Z-Library)_chunk_202,auto_deepseek
A059,ev_606ba79e27d9da097d7b,1,数据结构（C语言版 第2版） (严蔚敏) (Z-Library)_chunk_210,auto_deepseek
A059,ev_391459c904641885241a,1,数据结构（C语言版 第2版） (严蔚敏) (Z-Library)_chunk_215,auto_deepseek
A059,ev_cb67d7853d08ac9784be,1,数据结构（C语言版 第2版） (严蔚敏) (Z-Library)_chunk_239,auto_deepseek
A059,ev_407c0501659a940e8c5a,1,数据结构（C语言版 第2版） (严蔚敏) (Z-Library)_chunk_253,auto_deepseek
A059,ev_a59269741244c09393a5,1,计算机网络（原书第7版） 自顶向下方法 (James F. Kurose Keith W. Ross) (Z-Library)_chunk_239,auto_deepseek
A060,ev_467f9f4cf133550dfb87,1,操作系统导论-OSTEP (王海鹏 译) (Z-Library)_chunk_546,auto_deepseek
A060,ev_9f57ade9a2479032227e,1,操作系统导论-OSTEP (王海鹏 译) (Z-Library)_chunk_547,auto_deepseek
A060,ev_7a64f4a287b6765c2c43,1,操作系统导论-OSTEP (王海鹏 译) (Z-Library)_chunk_55,auto_deepseek
A060,ev_8e02a1682f78deb0e5e6,0,"现代操作系统 (Andrew S. Tanenbaum, Herbert Bos) (Z-Library)_chunk_101",auto_deepseek
A060,ev_d1a0fd35b5c996b19e2a,0,"现代操作系统 (Andrew S. Tanenbaum, Herbert Bos) (Z-Library)_chunk_107",auto_deepseek
A060,ev_5da1b557bfef500c2762,1,"现代操作系统 (Andrew S. Tanenbaum, Herbert Bos) (Z-Library)_chunk_108",auto_deepseek
A060,ev_fa6aa95c65ec1e2f8d13,1,"现代操作系统 (Andrew S. Tanenbaum, Herbert Bos) (Z-Library)_chunk_109",auto_deepseek
A060,ev_62d7463daa008d7f18ff,0,"现代操作系统 (Andrew S. Tanenbaum, Herbert Bos) (Z-Library)_chunk_112",auto_deepseek
A060,ev_257207837194863bd040,0,"现代操作系统 (Andrew S. Tanenbaum, Herbert Bos) (Z-Library)_chunk_115",auto_deepseek
A060,ev_668a0f19eaf50b7186d5,1,"现代操作系统 (Andrew S. Tanenbaum, Herbert Bos) (Z-Library)_chunk_156",auto_deepseek
A060,ev_e2c264b6ab498750058e,1,"现代操作系统 (Andrew S. Tanenbaum, Herbert Bos) (Z-Library)_chunk_160",auto_deepseek
A060,ev_33d82c409c1c16d84fba,1,"现代操作系统 (Andrew S. Tanenbaum, Herbert Bos) (Z-Library)_chunk_161",auto_deepseek
A060,ev_1116bfa2235f5be572f7,0,"现代操作系统 (Andrew S. Tanenbaum, Herbert Bos) (Z-Library)_chunk_166",auto_deepseek
A060,ev_d01160312400cea462b3,0,"现代操作系统 (Andrew S. Tanenbaum, Herbert Bos) (Z-Library)_chunk_168",auto_deepseek
A060,ev_f9a5c3b6971b5532f90d,0,"现代操作系统 (Andrew S. Tanenbaum, Herbert Bos) (Z-Library)_chunk_171",auto_deepseek
A060,ev_db4310f91437a227cf54,1,"现代操作系统 (Andrew S. Tanenbaum, Herbert Bos) (Z-Library)_chunk_172",auto_deepseek
A060,ev_5888b4cd36f6c61d5250,1,"现代操作系统 (Andrew S. Tanenbaum, Herbert Bos) (Z-Library)_chunk_177",auto_deepseek
A060,ev_a18445914e4bd050933a,0,"现代操作系统 (Andrew S. Tanenbaum, Herbert Bos) (Z-Library)_chunk_552",auto_deepseek
A060,ev_1fc83bf1e8ec732e54c4,1,"现代操作系统 (Andrew S. Tanenbaum, Herbert Bos) (Z-Library)_chunk_553",auto_deepseek
A060,ev_70880ed60cc328dad8b2,0,计算机网络（原书第7版） 自顶向下方法 (James F. Kurose Keith W. Ross) (Z-Library)_chunk_70,auto_deepseek
A061,ev_31eb99aa9af57630686f,0,Python数据结构与算法分析 第3版 (米勒 拉努姆 罗曼) (Z-Library)_chunk_159,auto_deepseek
A061,ev_2401073e6399464f55a9,2,Python数据结构与算法分析 第3版 (米勒 拉努姆 罗曼) (Z-Library)_chunk_165,auto_deepseek
A061,ev_72184c8acbf4cd4cf1a5,1,Python数据结构与算法分析 第3版 (米勒 拉努姆 罗曼) (Z-Library)_chunk_172,auto_deepseek
A061,ev_f24aa4283a7ca86dc25b,1,"[计算机科学丛书]数据结构与算法 Python语言实现 (Michael T. Goodrich, Roberto Tamassia etc.) (Z-Library)_chunk_505",auto_deepseek
A061,ev_e4da62a0445261398c85,1,"[计算机科学丛书]数据结构与算法 Python语言实现 (Michael T. Goodrich, Roberto Tamassia etc.) (Z-Library)_chunk_514",auto_deepseek
A061,ev_c59da92d728d4365c06a,1,"[计算机科学丛书]数据结构与算法 Python语言实现 (Michael T. Goodrich, Roberto Tamassia etc.) (Z-Library)_chunk_515",auto_deepseek
A061,ev_f93755030d39c3b21cc3,2,"[计算机科学丛书]数据结构与算法 Python语言实现 (Michael T. Goodrich, Roberto Tamassia etc.) (Z-Library)_chunk_531",auto_deepseek
A061,ev_475c9d3915426852b8f5,1,"[计算机科学丛书]数据结构与算法 Python语言实现 (Michael T. Goodrich, Roberto Tamassia etc.) (Z-Library)_chunk_538",auto_deepseek
A061,ev_4b3e99f84abbe64e1608,3,数据结构 (邓俊辉) (Z-Library)_chunk_458,auto_deepseek
A061,ev_19490c98d3f43a7368d7,1,数据结构 (邓俊辉) (Z-Library)_chunk_95,auto_deepseek
A061,ev_fe0c23dc4270bdf84cde,0,数据结构（C语言版 第2版） (严蔚敏) (Z-Library)_chunk_311,auto_deepseek
A061,ev_c729ccc49d563e839acd,0,数据结构（C语言版 第2版） (严蔚敏) (Z-Library)_chunk_323,auto_deepseek
A061,ev_6aadb295c7132a39b41f,0,数据结构（C语言版 第2版） (严蔚敏) (Z-Library)_chunk_338,auto_deepseek
A061,ev_0adabdb5880d16848aeb,0,数据结构（C语言版 第2版） (严蔚敏) (Z-Library)_chunk_346,auto_deepseek
A061,ev_02ba46048111916734b3,1,数据结构（C语言版 第2版） (严蔚敏) (Z-Library)_chunk_354,auto_deepseek
A061,ev_af9eb7259f762918620b,1,数据结构（C语言版 第2版） (严蔚敏) (Z-Library)_chunk_355,auto_deepseek
A062,ev_5feb5f12cff2b5a334d5,2,Operating Systems Three Easy Pieces (Remzi H. Arpaci-Dusseau etc.) (Z-Library)_chunk_303,auto_deepseek
A062,ev_9222fe1e17de87dc25a0,2,Operating Systems Three Easy Pieces (Remzi H. Arpaci-Dusseau etc.) (Z-Library)_chunk_363,auto_deepseek
A062,ev_191b6ecabb95fc12b0a7,1,Operating Systems Three Easy Pieces (Remzi H. Arpaci-Dusseau etc.) (Z-Library)_chunk_367,auto_deepseek
A062,ev_43520f6c5157bd3e8614,1,Operating Systems Three Easy Pieces (Remzi H. Arpaci-Dusseau etc.) (Z-Library)_chunk_388,auto_deepseek
A062,ev_585f84aaa4eb749b318a,1,Operating Systems Three Easy Pieces (Remzi H. Arpaci-Dusseau etc.) (Z-Library)_chunk_393,auto_deepseek
A062,ev_fd54d67a1caa82936603,1,Operating Systems Three Easy Pieces (Remzi H. Arpaci-Dusseau etc.) (Z-Library)_chunk_460,auto_deepseek
A062,ev_b2a92fb73b9c1fa81bd0,1,Operating Systems Three Easy Pieces (Remzi H. Arpaci-Dusseau etc.) (Z-Library)_chunk_462,auto_deepseek
A062,ev_93381652113a867818ae,2,操作系统导论-OSTEP (王海鹏 译) (Z-Library)_chunk_126,auto_deepseek
A062,ev_e80cac5b011a3ad6becf,1,操作系统导论-OSTEP (王海鹏 译) (Z-Library)_chunk_132,auto_deepseek
A062,ev_ffc13c41acabba65e34c,1,操作系统导论-OSTEP (王海鹏 译) (Z-Library)_chunk_133,auto_deepseek
A062,ev_ceab964e5f4cb7b6b194,1,操作系统导论-OSTEP (王海鹏 译) (Z-Library)_chunk_156,auto_deepseek
A062,ev_20303bec407070a0a6cd,1,操作系统导论-OSTEP (王海鹏 译) (Z-Library)_chunk_185,auto_deepseek
A062,ev_6ee67126c26216ab2487,2,"现代操作系统 (Andrew S. Tanenbaum, Herbert Bos) (Z-Library)_chunk_200",auto_deepseek
A062,ev_3c9ac537abb517e0f6fa,2,"现代操作系统 (Andrew S. Tanenbaum, Herbert Bos) (Z-Library)_chunk_201",auto_deepseek
A062,ev_3b42d724f6a27c0b521e,2,"现代操作系统 (Andrew S. Tanenbaum, Herbert Bos) (Z-Library)_chunk_203",auto_deepseek
A062,ev_9b1f8ccaa688011ab025,1,"现代操作系统 (Andrew S. Tanenbaum, Herbert Bos) (Z-Library)_chunk_205",auto_deepseek
A062,ev_40eea2e73ad25a259fbe,1,"现代操作系统 (Andrew S. Tanenbaum, Herbert Bos) (Z-Library)_chunk_245",auto_deepseek
A062,ev_79325413c137a166a816,1,"现代操作系统 (Andrew S. Tanenbaum, Herbert Bos) (Z-Library)_chunk_251",auto_deepseek
A062,ev_e3b7800666771606f9a6,1,"现代操作系统 (Andrew S. Tanenbaum, Herbert Bos) (Z-Library)_chunk_255",auto_deepseek
A062,ev_6b0e7a73a5ced535e9c3,0,"现代操作系统 (Andrew S. Tanenbaum, Herbert Bos) (Z-Library)_chunk_729",auto_deepseek
A062,ev_f33c336fa855df86a95d,0,计算机网络（第8版） (谢希仁) (Z-Library)(OCR)_chunk_166,auto_deepseek
A063,ev_796ec9bbe380000976e0,2,Python数据结构与算法分析 第3版 (米勒 拉努姆 罗曼) (Z-Library)_chunk_251,auto_deepseek
A063,ev_36f97e91f32e0353cfe5,2,"[计算机科学丛书]数据结构与算法 Python语言实现 (Michael T. Goodrich, Roberto Tamassia etc.) (Z-Library)_chunk_250",auto_deepseek
A063,ev_f5a5f8591d90d81a378c,0,"[计算机科学丛书]数据结构与算法 Python语言实现 (Michael T. Goodrich, Roberto Tamassia etc.) (Z-Library)_chunk_259",auto_deepseek
A063,ev_1494cef1cca0f4d86a39,1,"[计算机科学丛书]数据结构与算法 Python语言实现 (Michael T. Goodrich, Roberto Tamassia etc.) (Z-Library)_chunk_264",auto_deepseek
A063,ev_f02950cf224ab30f6a64,3,"[计算机科学丛书]数据结构与算法 Python语言实现 (Michael T. Goodrich, Roberto Tamassia etc.) (Z-Library)_chunk_290",auto_deepseek
A063,ev_1954f3b5b9909e03179a,3,"[计算机科学丛书]数据结构与算法 Python语言实现 (Michael T. Goodrich, Roberto Tamassia etc.) (Z-Library)_chunk_291",auto_deepseek
A063,ev_71fb68369349199dc717,0,"[计算机科学丛书]数据结构与算法 Python语言实现 (Michael T. Goodrich, Roberto Tamassia etc.) (Z-Library)_chunk_722",auto_deepseek
A063,ev_5918b7ac3956045a407f,0,数据结构（C语言版 第2版） (严蔚敏) (Z-Library)_chunk_143,auto_deepseek
A063,ev_106a1a3ed54bfd6c7aba,0,数据结构（C语言版 第2版） (严蔚敏) (Z-Library)_chunk_162,auto_deepseek
A063,ev_06da0606fc5a880ea000,0,数据结构（C语言版 第2版） (严蔚敏) (Z-Library)_chunk_216,auto_deepseek
A063,ev_2f32197e75af06a9cfaf,0,数据结构（C语言版 第2版） (严蔚敏) (Z-Library)_chunk_299,auto_deepseek
A063,ev_fdcae8e959d9dd03b52e,1,数据结构（C语言版 第2版） (严蔚敏) (Z-Library)_chunk_39,auto_deepseek
A063,ev_78993578e616d6ddaa85,1,数据结构（C语言版 第2版） (严蔚敏) (Z-Library)_chunk_40,auto_deepseek
A063,ev_4cc677dec99c3f693a6a,0,数据结构（C语言版 第2版） (严蔚敏) (Z-Library)_chunk_49,auto_deepseek
A063,ev_80cf77155ef78af2fd4f,3,数据结构（C语言版 第2版） (严蔚敏) (Z-Library)_chunk_53,auto_deepseek
A063,ev_7d887c5c1e0ab720fcf5,0,数据结构（C语言版 第2版） (严蔚敏) (Z-Library)_chunk_62,auto_deepseek
A063,ev_869a12abc14c7d6173ae,2,数据结构（C语言版 第2版） (严蔚敏) (Z-Library)_chunk_65,auto_deepseek
A063,ev_a4f751b0cfdd4c99566c,0,数据结构（C语言版 第2版） (严蔚敏) (Z-Library)_chunk_69,auto_deepseek
A063,ev_048ec4a42096dd2c82c3,1,数据结构（C语言版 第2版） (严蔚敏) (Z-Library)_chunk_83,auto_deepseek
A063,ev_e512a10f81a77fb95714,0,"计算机网络 (吴功宜,吴英) (Z-Library)(OCR)_chunk_128",auto_deepseek
A064,ev_dfd696c14addaf32f236,3,2024年王道计算机网络复习指导 (王道计算机) (Z-Library)_chunk_353,auto_deepseek
A064,ev_64a492e3909e864da4d4,2,2024年王道计算机网络复习指导 (王道计算机) (Z-Library)_chunk_354,auto_deepseek
A064,ev_9bc4b946f6dd0738659e,1,2024年王道计算机网络复习指导 (王道计算机) (Z-Library)_chunk_355,auto_deepseek
A064,ev_4296a739506967be6c75,1,2024年王道计算机网络复习指导 (王道计算机) (Z-Library)_chunk_357,auto_deepseek
A064,ev_4bf3e07cceac3f846315,1,"计算机网络 (吴功宜,吴英) (Z-Library)(OCR)_chunk_217",auto_deepseek
A064,ev_d2f1bec4aa5dd2a39a08,1,"计算机网络 (吴功宜,吴英) (Z-Library)(OCR)_chunk_219",auto_deepseek
A064,ev_62167bb3408cc28e615b,2,"计算机网络 (吴功宜,吴英) (Z-Library)(OCR)_chunk_299",auto_deepseek
A064,ev_9146fd954ba7f5179861,1,"计算机网络 (吴功宜,吴英) (Z-Library)(OCR)_chunk_304",auto_deepseek
A064,ev_bf385c7543814880a2aa,1,"计算机网络 (吴功宜,吴英) (Z-Library)(OCR)_chunk_307",auto_deepseek
A064,ev_20e28a47956849f6c696,1,"计算机网络 (吴功宜,吴英) (Z-Library)(OCR)_chunk_309",auto_deepseek
A064,ev_4a39cdf74a0f677b4829,1,计算机网络（原书第7版） 自顶向下方法 (James F. Kurose Keith W. Ross) (Z-Library)_chunk_206,auto_deepseek
A064,ev_37268b3fd44d4782dd7a,1,计算机网络（原书第7版） 自顶向下方法 (James F. Kurose Keith W. Ross) (Z-Library)_chunk_222,auto_deepseek
A064,ev_f5c7900c80fa5e452380,0,计算机网络（原书第7版） 自顶向下方法 (James F. Kurose Keith W. Ross) (Z-Library)_chunk_350,auto_deepseek
A064,ev_addce0099049e150acdc,3,计算机网络（第8版） (谢希仁) (Z-Library)(OCR)_chunk_188,auto_deepseek
A064,ev_626ad187b88c1fe1c362,1,计算机网络（第8版） (谢希仁) (Z-Library)(OCR)_chunk_190,auto_deepseek
A064,ev_d4eb4600d6d61d095b4b,2,计算机网络（第8版） (谢希仁) (Z-Library)(OCR)_chunk_191,auto_deepseek
A064,ev_e5ac8991d5e15238c268,1,计算机网络（第8版） (谢希仁) (Z-Library)(OCR)_chunk_195,auto_deepseek
A064,ev_1426a67e99fae40b94f6,0,计算机网络（第8版） (谢希仁) (Z-Library)(OCR)_chunk_197,auto_deepseek
A065,ev_1918c54622ad00ae4606,1,Operating Systems Three Easy Pieces (Remzi H. Arpaci-Dusseau etc.) (Z-Library)_chunk_938,auto_deepseek
A065,ev_47d6e35a7b533a345671,1,Operating Systems Three Easy Pieces (Remzi H. Arpaci-Dusseau etc.) (Z-Library)_chunk_939,auto_deepseek
A065,ev_cdb3674206d543f0b3a9,1,Operating Systems Three Easy Pieces (Remzi H. Arpaci-Dusseau etc.) (Z-Library)_chunk_940,auto_deepseek
A065,ev_fb0a823f80558945d6e1,1,操作系统导论-OSTEP (王海鹏 译) (Z-Library)_chunk_333,auto_deepseek
A065,ev_f1647dc7c0cfd7f120db,1,操作系统导论-OSTEP (王海鹏 译) (Z-Library)_chunk_334,auto_deepseek
A065,ev_31f3172997827f503764,1,操作系统导论-OSTEP (王海鹏 译) (Z-Library)_chunk_336,auto_deepseek
A065,ev_f790906411a6d92dbd90,2,操作系统导论-OSTEP (王海鹏 译) (Z-Library)_chunk_337,auto_deepseek
A065,ev_9dbec55a66a480461214,0,"现代操作系统 (Andrew S. Tanenbaum, Herbert Bos) (Z-Library)_chunk_440",auto_deepseek
A065,ev_1b60e19e15dffe5edcc6,0,"现代操作系统 (Andrew S. Tanenbaum, Herbert Bos) (Z-Library)_chunk_449",auto_deepseek
A065,ev_434706cfddc243ccf8b9,2,"现代操作系统 (Andrew S. Tanenbaum, Herbert Bos) (Z-Library)_chunk_457",auto_deepseek
A065,ev_b908f147faaa2b3a0cf0,1,"现代操作系统 (Andrew S. Tanenbaum, Herbert Bos) (Z-Library)_chunk_461",auto_deepseek
A065,ev_d0021f0695a27256bc20,1,"现代操作系统 (Andrew S. Tanenbaum, Herbert Bos) (Z-Library)_chunk_465",auto_deepseek
A065,ev_ade822ff06c5f27ad6e7,0,"现代操作系统 (Andrew S. Tanenbaum, Herbert Bos) (Z-Library)_chunk_466",auto_deepseek
A065,ev_e2dfc6e1b1f33c6a0b8d,0,"现代操作系统 (Andrew S. Tanenbaum, Herbert Bos) (Z-Library)_chunk_467",auto_deepseek
A065,ev_68bb6d8e578a3b2cfaa1,1,"现代操作系统 (Andrew S. Tanenbaum, Herbert Bos) (Z-Library)_chunk_468",auto_deepseek
A065,ev_72b1d9ea17de53bf9201,2,"现代操作系统 (Andrew S. Tanenbaum, Herbert Bos) (Z-Library)_chunk_469",auto_deepseek
A065,ev_1fdc1ed49ae1c186d51b,0,"现代操作系统 (Andrew S. Tanenbaum, Herbert Bos) (Z-Library)_chunk_974",auto_deepseek
A066,ev_2ce4cf0cb5108dc59c29,0,2024年王道计算机网络复习指导 (王道计算机) (Z-Library)_chunk_52,auto_deepseek
A066,ev_1dd20631671e8a81b0ca,0,Operating Systems Three Easy Pieces (Remzi H. Arpaci-Dusseau etc.) (Z-Library)_chunk_1239,auto_deepseek
A066,ev_0c18fe94cf677e84ff23,0,Operating Systems Three Easy Pieces (Remzi H. Arpaci-Dusseau etc.) (Z-Library)_chunk_1259,auto_deepseek
A066,ev_e74a2edf45e3ce1834a0,0,Operating Systems Three Easy Pieces (Remzi H. Arpaci-Dusseau etc.) (Z-Library)_chunk_1331,auto_deepseek
A066,ev_837897e8252274995be7,1,Python数据结构与算法分析 第3版 (米勒 拉努姆 罗曼) (Z-Library)_chunk_226,auto_deepseek
A066,ev_10254a30210965f4afab,2,Python数据结构与算法分析 第3版 (米勒 拉努姆 罗曼) (Z-Library)_chunk_231,auto_deepseek
A066,ev_b91a095cf9962caee762,2,"[计算机科学丛书]数据结构与算法 Python语言实现 (Michael T. Goodrich, Roberto Tamassia etc.) (Z-Library)_chunk_603",auto_deepseek
A066,ev_d60a626010518c76b956,2,"[计算机科学丛书]数据结构与算法 Python语言实现 (Michael T. Goodrich, Roberto Tamassia etc.) (Z-Library)_chunk_604",auto_deepseek
A066,ev_7e8768ad795a17ab9151,2,"[计算机科学丛书]数据结构与算法 Python语言实现 (Michael T. Goodrich, Roberto Tamassia etc.) (Z-Library)_chunk_605",auto_deepseek
A066,ev_c4bdf9b152675271038b,0,操作系统导论-OSTEP (王海鹏 译) (Z-Library)_chunk_433,auto_deepseek
A066,ev_28a1a6eb000e338af336,0,操作系统导论-OSTEP (王海鹏 译) (Z-Library)_chunk_440,auto_deepseek
A066,ev_56b74951258adc3ca344,2,数据结构 (邓俊辉) (Z-Library)_chunk_226,auto_deepseek
A066,ev_25f1ba313271072b19ff,1,数据结构 (邓俊辉) (Z-Library)_chunk_233,auto_deepseek
A066,ev_20762a711d6b2672cf1c,2,数据结构 (邓俊辉) (Z-Library)_chunk_247,auto_deepseek
A066,ev_e5aa0a67f588b475701e,0,"现代操作系统 (Andrew S. Tanenbaum, Herbert Bos) (Z-Library)_chunk_302",auto_deepseek
A066,ev_2dc5c632f92fec8c48a9,0,"现代操作系统 (Andrew S. Tanenbaum, Herbert Bos) (Z-Library)_chunk_749",auto_deepseek
A066,ev_69145d416016e901b7d0,0,"现代操作系统 (Andrew S. Tanenbaum, Herbert Bos) (Z-Library)_chunk_892",auto_deepseek
A066,ev_dab6cd4bacc716726b20,0,计算机网络（第8版） (谢希仁) (Z-Library)(OCR)_chunk_454,auto_deepseek
A066,ev_1f6a4b4cd132ed111cba,0,计算机网络（第8版） (谢希仁) (Z-Library)(OCR)_chunk_455,auto_deepseek
A066,ev_aa74e5d253094ac77413,0,计算机网络（第8版） (谢希仁) (Z-Library)(OCR)_chunk_492,auto_deepseek
A001,ev_eb14e705b1d0275d5ca5,1,"现代操作系统 (Andrew S. Tanenbaum, Herbert Bos) (Z-Library)_chunk_464",auto_deepseek
A002,ev_6fb58e189aadb4fa9c99,2,计算机网络（第8版） (谢希仁) (Z-Library)(OCR)_chunk_280,auto_deepseek
A002,ev_f4f2a04d3ff369d90eee,2,计算机网络（原书第7版） 自顶向下方法 (James F. Kurose Keith W. Ross) (Z-Library)_chunk_146,auto_deepseek
A006,ev_c6bae1e386b105faca71,1,数据结构（C语言版 第2版） (严蔚敏) (Z-Library)_chunk_305,auto_deepseek
A013,ev_27714ec5edcf5984e2f3,1,数据结构 (邓俊辉) (Z-Library)_chunk_404,auto_deepseek
A014,ev_bfbed0fbc2b008da85e0,0,"现代操作系统 (Andrew S. Tanenbaum, Herbert Bos) (Z-Library)_chunk_960",auto_deepseek
A014,ev_e61381a53356ea341700,0,操作系统导论-OSTEP (王海鹏 译) (Z-Library)_chunk_509,auto_deepseek
A015,ev_17e8f45793764e0847bf,0,Python数据结构与算法分析 第3版 (米勒 拉努姆 罗曼) (Z-Library)_chunk_0,auto_deepseek
A016,ev_3b978fee402cea1a9313,1,计算机网络（第8版） (谢希仁) (Z-Library)(OCR)_chunk_306,auto_deepseek
A017,ev_f7bf33f672f9a35173bb,1,"现代操作系统 (Andrew S. Tanenbaum, Herbert Bos) (Z-Library)_chunk_743",auto_deepseek
A018,ev_50238f22c0d25a9d61cf,1,数据结构 (邓俊辉) (Z-Library)_chunk_397,auto_deepseek
A018,ev_1ff23a78ad268bb8b189,0,数据结构 (邓俊辉) (Z-Library)_chunk_394,auto_deepseek
A019,ev_7cbcddc31504b151aaaf,0,数据结构（C语言版 第2版） (严蔚敏) (Z-Library)_chunk_41,auto_deepseek
A020,ev_522c112d113642ddbfb6,1,2024年王道计算机网络复习指导 (王道计算机) (Z-Library)_chunk_442,auto_deepseek
A022,ev_2c752144422c50073ca1,0,数据结构 (邓俊辉) (Z-Library)_chunk_289,auto_deepseek
A025,ev_2db3be96f072b585f98f,0,"现代操作系统 (Andrew S. Tanenbaum, Herbert Bos) (Z-Library)_chunk_959",auto_deepseek
A027,ev_59f9b160198e38e1c8cf,2,操作系统导论-OSTEP (王海鹏 译) (Z-Library)_chunk_199,auto_deepseek
A028,ev_796ec9bbe380000976e0,1,Python数据结构与算法分析 第3版 (米勒 拉努姆 罗曼) (Z-Library)_chunk_251,auto_deepseek
A030,ev_9345d173e16e7d45caff,0,"现代操作系统 (Andrew S. Tanenbaum, Herbert Bos) (Z-Library)_chunk_268",auto_deepseek
A032,ev_e1e23f1751f9ca9341fb,2,"现代操作系统 (Andrew S. Tanenbaum, Herbert Bos) (Z-Library)_chunk_210",auto_deepseek
A035,ev_278958302a2337d3b323,1,"现代操作系统 (Andrew S. Tanenbaum, Herbert Bos) (Z-Library)_chunk_860",auto_deepseek
A037,ev_e1e23f1751f9ca9341fb,2,"现代操作系统 (Andrew S. Tanenbaum, Herbert Bos) (Z-Library)_chunk_210",auto_deepseek
A039,ev_d2426bab11be83acdd7f,2,数据结构（C语言版 第2版） (严蔚敏) (Z-Library)_chunk_340,auto_deepseek
A039,ev_13a27447af0a20306993,1,"[计算机科学丛书]数据结构与算法 Python语言实现 (Michael T. Goodrich, Roberto Tamassia etc.) (Z-Library)_chunk_754",auto_deepseek
A040,ev_f01270a9bafd0e19a6c3,1,"计算机网络 (吴功宜,吴英) (Z-Library)(OCR)_chunk_490",auto_deepseek
A040,ev_f570b48f618afa7637a6,1,"计算机网络 (吴功宜,吴英) (Z-Library)(OCR)_chunk_489",auto_deepseek
A043,ev_075e8207dc2e5dfe2078,0,2024年王道计算机网络复习指导 (王道计算机) (Z-Library)_chunk_95,auto_deepseek
A045,ev_1a87792ab6d0c9a71edc,1,2024年王道计算机网络复习指导 (王道计算机) (Z-Library)_chunk_337,auto_deepseek
A046,ev_39d7f4870fe46fb00fa9,1,"现代操作系统 (Andrew S. Tanenbaum, Herbert Bos) (Z-Library)_chunk_159",auto_deepseek
A048,ev_f7494cd18a13fe50e960,1,"现代操作系统 (Andrew S. Tanenbaum, Herbert Bos) (Z-Library)_chunk_730",auto_deepseek
A049,ev_4596b276eddc27e8fb1a,1,"[计算机科学丛书]数据结构与算法 Python语言实现 (Michael T. Goodrich, Roberto Tamassia etc.) (Z-Library)_chunk_577",auto_deepseek
A050,ev_bba1ee2d70fe3952f73f,1,计算机网络（第8版） (谢希仁) (Z-Library)(OCR)_chunk_324,auto_deepseek
A050,ev_d22a697dbf4f43013ff8,1,2024年王道计算机网络复习指导 (王道计算机) (Z-Library)_chunk_521,auto_deepseek
A051,ev_baaefaa2c180bba7b087,1,"现代操作系统 (Andrew S. Tanenbaum, Herbert Bos) (Z-Library)_chunk_316",auto_deepseek
A052,ev_8f9d611852f12f7d9757,1,数据结构（C语言版 第2版） (严蔚敏) (Z-Library)_chunk_142,auto_deepseek
A057,ev_f7e3d12cd277e8fc199a,0,"现代操作系统 (Andrew S. Tanenbaum, Herbert Bos) (Z-Library)_chunk_364",auto_deepseek
A061,ev_a2f99a317ae85b436d0e,1,数据结构（C语言版 第2版） (严蔚敏) (Z-Library)_chunk_339,auto_deepseek
A063,ev_94ddcc7b52acd1c8a275,1,Python数据结构与算法分析 第3版 (米勒 拉努姆 罗曼) (Z-Library)_chunk_104,auto_deepseek
A064,ev_3a0875b068d6784b0aa0,0,2024年王道计算机网络复习指导 (王道计算机) (Z-Library)_chunk_268,auto_deepseek
A066,ev_9893a411706ba0178ff9,1,操作系统导论-OSTEP (王海鹏 译) (Z-Library)_chunk_97,auto_deepseek
